-- -------------------------------------------------------------
-- -------------------------------------------------------------
-- TablePlus 1.2.2
--
-- https://tableplus.com/
--
-- Database: mysql
-- Generation Time: 2024-12-10 14:59:15.795212
-- -------------------------------------------------------------
SET FOREIGN_KEY_CHECKS = 0;

DROP TABLE `hrmsNew`.`abroads`;


CREATE TABLE `abroads` (
  `id` bigint unsigned NOT NULL AUTO_INCREMENT,
  `staff_id` bigint unsigned DEFAULT NULL,
  `country_id` bigint unsigned DEFAULT NULL,
  `particular` varchar(255) CHARACTER SET utf8mb4 COLLATE utf8mb4_unicode_ci NOT NULL,
  `training_success_fail` tinyint(1) DEFAULT '0',
  `training_success_count` text CHARACTER SET utf8mb4 COLLATE utf8mb4_unicode_ci,
  `sponser` varchar(255) CHARACTER SET utf8mb4 COLLATE utf8mb4_unicode_ci DEFAULT NULL,
  `meet_with` varchar(255) CHARACTER SET utf8mb4 COLLATE utf8mb4_unicode_ci DEFAULT NULL,
  `from_date` date DEFAULT NULL,
  `to_date` date DEFAULT NULL,
  `status` int NOT NULL,
  `actual_abroad_date` date DEFAULT NULL,
  `position` varchar(255) CHARACTER SET utf8mb4 COLLATE utf8mb4_unicode_ci DEFAULT NULL,
  `created_at` timestamp NULL DEFAULT NULL,
  `updated_at` timestamp NULL DEFAULT NULL,
  PRIMARY KEY (`id`),
  KEY `abroads_staff_id_foreign` (`staff_id`),
  KEY `abroads_country_id_foreign` (`country_id`),
  CONSTRAINT `abroads_country_id_foreign` FOREIGN KEY (`country_id`) REFERENCES `countries` (`id`) ON DELETE SET NULL,
  CONSTRAINT `abroads_staff_id_foreign` FOREIGN KEY (`staff_id`) REFERENCES `staff` (`id`) ON DELETE CASCADE
) ENGINE=InnoDB AUTO_INCREMENT=175 DEFAULT CHARSET=utf8mb4 COLLATE=utf8mb4_unicode_ci;

DROP TABLE `hrmsNew`.`award_types`;


CREATE TABLE `award_types` (
  `id` bigint unsigned NOT NULL AUTO_INCREMENT,
  `name` varchar(255) CHARACTER SET utf8mb4 COLLATE utf8mb4_unicode_ci NOT NULL,
  `created_at` timestamp NULL DEFAULT NULL,
  `updated_at` timestamp NULL DEFAULT NULL,
  PRIMARY KEY (`id`)
) ENGINE=InnoDB AUTO_INCREMENT=9 DEFAULT CHARSET=utf8mb4 COLLATE=utf8mb4_unicode_ci;

DROP TABLE `hrmsNew`.`awardings`;


CREATE TABLE `awardings` (
  `id` bigint unsigned NOT NULL AUTO_INCREMENT,
  `staff_id` bigint unsigned DEFAULT NULL,
  `award_type_id` bigint unsigned DEFAULT NULL,
  `award_id` bigint unsigned DEFAULT NULL,
  `order_no` varchar(255) CHARACTER SET utf8mb4 COLLATE utf8mb4_unicode_ci NOT NULL,
  `order_date` date NOT NULL,
  `remark` text CHARACTER SET utf8mb4 COLLATE utf8mb4_unicode_ci,
  `created_at` timestamp NULL DEFAULT NULL,
  `updated_at` timestamp NULL DEFAULT NULL,
  PRIMARY KEY (`id`),
  KEY `awardings_staff_id_foreign` (`staff_id`),
  KEY `awardings_award_type_id_foreign` (`award_type_id`),
  KEY `awardings_award_id_foreign` (`award_id`),
  CONSTRAINT `awardings_award_id_foreign` FOREIGN KEY (`award_id`) REFERENCES `awards` (`id`) ON DELETE SET NULL,
  CONSTRAINT `awardings_award_type_id_foreign` FOREIGN KEY (`award_type_id`) REFERENCES `award_types` (`id`) ON DELETE SET NULL,
  CONSTRAINT `awardings_staff_id_foreign` FOREIGN KEY (`staff_id`) REFERENCES `staff` (`id`) ON DELETE CASCADE
) ENGINE=InnoDB AUTO_INCREMENT=45 DEFAULT CHARSET=utf8mb4 COLLATE=utf8mb4_unicode_ci;

DROP TABLE `hrmsNew`.`awards`;


CREATE TABLE `awards` (
  `id` bigint unsigned NOT NULL AUTO_INCREMENT,
  `name` varchar(255) CHARACTER SET utf8mb4 COLLATE utf8mb4_unicode_ci NOT NULL,
  `staff_id` bigint unsigned DEFAULT NULL,
  `award_type_id` bigint unsigned DEFAULT NULL,
  `order_no` varchar(255) CHARACTER SET utf8mb4 COLLATE utf8mb4_unicode_ci DEFAULT NULL,
  `order_date` date DEFAULT NULL,
  `created_at` timestamp NULL DEFAULT NULL,
  `updated_at` timestamp NULL DEFAULT NULL,
  PRIMARY KEY (`id`),
  KEY `awards_staff_id_foreign` (`staff_id`),
  KEY `awards_award_type_id_foreign` (`award_type_id`),
  CONSTRAINT `awards_award_type_id_foreign` FOREIGN KEY (`award_type_id`) REFERENCES `award_types` (`id`) ON DELETE SET NULL,
  CONSTRAINT `awards_staff_id_foreign` FOREIGN KEY (`staff_id`) REFERENCES `staff` (`id`) ON DELETE SET NULL
) ENGINE=InnoDB AUTO_INCREMENT=66 DEFAULT CHARSET=utf8mb4 COLLATE=utf8mb4_unicode_ci;

DROP TABLE `hrmsNew`.`blood_types`;


CREATE TABLE `blood_types` (
  `id` bigint unsigned NOT NULL AUTO_INCREMENT,
  `name` varchar(255) CHARACTER SET utf8mb4 COLLATE utf8mb4_unicode_ci NOT NULL,
  `created_at` timestamp NULL DEFAULT NULL,
  `updated_at` timestamp NULL DEFAULT NULL,
  PRIMARY KEY (`id`)
) ENGINE=InnoDB AUTO_INCREMENT=13 DEFAULT CHARSET=utf8mb4 COLLATE=utf8mb4_unicode_ci;

DROP TABLE `hrmsNew`.`cache`;


CREATE TABLE `cache` (
  `key` varchar(255) CHARACTER SET utf8mb4 COLLATE utf8mb4_unicode_ci NOT NULL,
  `value` mediumtext CHARACTER SET utf8mb4 COLLATE utf8mb4_unicode_ci NOT NULL,
  `expiration` int NOT NULL,
  PRIMARY KEY (`key`)
) ENGINE=InnoDB DEFAULT CHARSET=utf8mb4 COLLATE=utf8mb4_unicode_ci;

DROP TABLE `hrmsNew`.`cache_locks`;


CREATE TABLE `cache_locks` (
  `key` varchar(255) CHARACTER SET utf8mb4 COLLATE utf8mb4_unicode_ci NOT NULL,
  `owner` varchar(255) CHARACTER SET utf8mb4 COLLATE utf8mb4_unicode_ci NOT NULL,
  `expiration` int NOT NULL,
  PRIMARY KEY (`key`)
) ENGINE=InnoDB DEFAULT CHARSET=utf8mb4 COLLATE=utf8mb4_unicode_ci;

DROP TABLE `hrmsNew`.`childrens`;


CREATE TABLE `childrens` (
  `id` bigint unsigned NOT NULL AUTO_INCREMENT,
  `staff_id` bigint unsigned DEFAULT NULL,
  `name` varchar(255) CHARACTER SET utf8mb4 COLLATE utf8mb4_unicode_ci NOT NULL,
  `ethnic_id` bigint unsigned DEFAULT NULL,
  `religion_id` bigint unsigned DEFAULT NULL,
  `gender_id` bigint unsigned DEFAULT NULL,
  `place_of_birth` varchar(255) CHARACTER SET utf8mb4 COLLATE utf8mb4_unicode_ci NOT NULL,
  `occupation` varchar(255) CHARACTER SET utf8mb4 COLLATE utf8mb4_unicode_ci NOT NULL,
  `address` varchar(255) CHARACTER SET utf8mb4 COLLATE utf8mb4_unicode_ci NOT NULL,
  `relation_id` bigint unsigned DEFAULT NULL,
  `created_at` timestamp NULL DEFAULT NULL,
  `updated_at` timestamp NULL DEFAULT NULL,
  PRIMARY KEY (`id`),
  KEY `childrens_staff_id_foreign` (`staff_id`),
  KEY `childrens_ethnic_id_foreign` (`ethnic_id`),
  KEY `childrens_religion_id_foreign` (`religion_id`),
  KEY `childrens_gender_id_foreign` (`gender_id`),
  KEY `childrens_relation_id_foreign` (`relation_id`),
  CONSTRAINT `childrens_ethnic_id_foreign` FOREIGN KEY (`ethnic_id`) REFERENCES `ethnics` (`id`) ON DELETE SET NULL,
  CONSTRAINT `childrens_gender_id_foreign` FOREIGN KEY (`gender_id`) REFERENCES `genders` (`id`) ON DELETE SET NULL,
  CONSTRAINT `childrens_relation_id_foreign` FOREIGN KEY (`relation_id`) REFERENCES `relations` (`id`) ON DELETE SET NULL,
  CONSTRAINT `childrens_religion_id_foreign` FOREIGN KEY (`religion_id`) REFERENCES `religions` (`id`) ON DELETE SET NULL,
  CONSTRAINT `childrens_staff_id_foreign` FOREIGN KEY (`staff_id`) REFERENCES `staff` (`id`) ON DELETE CASCADE
) ENGINE=InnoDB AUTO_INCREMENT=8 DEFAULT CHARSET=utf8mb4 COLLATE=utf8mb4_unicode_ci;

DROP TABLE `hrmsNew`.`countries`;


CREATE TABLE `countries` (
  `id` bigint unsigned NOT NULL AUTO_INCREMENT,
  `name` varchar(255) CHARACTER SET utf8mb4 COLLATE utf8mb4_unicode_ci NOT NULL,
  `created_at` timestamp NULL DEFAULT NULL,
  `updated_at` timestamp NULL DEFAULT NULL,
  PRIMARY KEY (`id`)
) ENGINE=InnoDB AUTO_INCREMENT=196 DEFAULT CHARSET=utf8mb4 COLLATE=utf8mb4_unicode_ci;

DROP TABLE `hrmsNew`.`day_or_months`;


CREATE TABLE `day_or_months` (
  `id` bigint unsigned NOT NULL AUTO_INCREMENT,
  `name` varchar(255) CHARACTER SET utf8mb4 COLLATE utf8mb4_unicode_ci NOT NULL,
  `created_at` timestamp NULL DEFAULT NULL,
  `updated_at` timestamp NULL DEFAULT NULL,
  PRIMARY KEY (`id`)
) ENGINE=InnoDB AUTO_INCREMENT=3 DEFAULT CHARSET=utf8mb4 COLLATE=utf8mb4_unicode_ci;

DROP TABLE `hrmsNew`.`departments`;


CREATE TABLE `departments` (
  `id` bigint unsigned NOT NULL AUTO_INCREMENT,
  `name` varchar(255) CHARACTER SET utf8mb4 COLLATE utf8mb4_unicode_ci NOT NULL,
  `ministry_id` bigint unsigned DEFAULT NULL,
  `created_at` timestamp NULL DEFAULT NULL,
  `updated_at` timestamp NULL DEFAULT NULL,
  PRIMARY KEY (`id`)
) ENGINE=InnoDB AUTO_INCREMENT=2 DEFAULT CHARSET=utf8mb4 COLLATE=utf8mb4_unicode_ci;

DROP TABLE `hrmsNew`.`depromotions`;


CREATE TABLE `depromotions` (
  `id` bigint unsigned NOT NULL AUTO_INCREMENT,
  `staff_id` bigint unsigned DEFAULT NULL,
  `from_date` date DEFAULT NULL,
  `to_date` date DEFAULT NULL,
  `previous_rank_id` bigint unsigned DEFAULT NULL,
  `depromoted_rank_id` bigint unsigned DEFAULT NULL,
  `created_at` timestamp NULL DEFAULT NULL,
  `updated_at` timestamp NULL DEFAULT NULL,
  PRIMARY KEY (`id`),
  KEY `depromotions_previous_rank_id_foreign` (`previous_rank_id`),
  KEY `depromotions_depromoted_rank_id_foreign` (`depromoted_rank_id`),
  CONSTRAINT `depromotions_depromoted_rank_id_foreign` FOREIGN KEY (`depromoted_rank_id`) REFERENCES `ranks` (`id`) ON DELETE SET NULL,
  CONSTRAINT `depromotions_previous_rank_id_foreign` FOREIGN KEY (`previous_rank_id`) REFERENCES `ranks` (`id`) ON DELETE SET NULL
) ENGINE=InnoDB DEFAULT CHARSET=utf8mb4 COLLATE=utf8mb4_unicode_ci;

DROP TABLE `hrmsNew`.`difficulty_levels`;


CREATE TABLE `difficulty_levels` (
  `id` bigint unsigned NOT NULL AUTO_INCREMENT,
  `name` varchar(255) CHARACTER SET utf8mb4 COLLATE utf8mb4_unicode_ci NOT NULL,
  `hardship_allowance` int NOT NULL,
  `created_at` timestamp NULL DEFAULT NULL,
  `updated_at` timestamp NULL DEFAULT NULL,
  PRIMARY KEY (`id`)
) ENGINE=InnoDB AUTO_INCREMENT=3 DEFAULT CHARSET=utf8mb4 COLLATE=utf8mb4_unicode_ci;

DROP TABLE `hrmsNew`.`districts`;


CREATE TABLE `districts` (
  `id` bigint unsigned NOT NULL AUTO_INCREMENT,
  `name` varchar(255) CHARACTER SET utf8mb4 COLLATE utf8mb4_unicode_ci NOT NULL,
  `region_id` bigint unsigned DEFAULT NULL,
  `created_at` timestamp NULL DEFAULT NULL,
  `updated_at` timestamp NULL DEFAULT NULL,
  PRIMARY KEY (`id`),
  KEY `districts_region_id_foreign` (`region_id`),
  CONSTRAINT `districts_region_id_foreign` FOREIGN KEY (`region_id`) REFERENCES `regions` (`id`) ON DELETE SET NULL
) ENGINE=InnoDB AUTO_INCREMENT=127 DEFAULT CHARSET=utf8mb4 COLLATE=utf8mb4_unicode_ci;

DROP TABLE `hrmsNew`.`division_ranks`;


CREATE TABLE `division_ranks` (
  `id` bigint unsigned NOT NULL AUTO_INCREMENT,
  `division_id` bigint unsigned DEFAULT NULL,
  `rank_id` bigint unsigned DEFAULT NULL,
  `allowed_qty` int NOT NULL DEFAULT '0',
  `created_at` timestamp NULL DEFAULT NULL,
  `updated_at` timestamp NULL DEFAULT NULL,
  PRIMARY KEY (`id`)
) ENGINE=InnoDB DEFAULT CHARSET=utf8mb4 COLLATE=utf8mb4_unicode_ci;

DROP TABLE `hrmsNew`.`division_types`;


CREATE TABLE `division_types` (
  `id` bigint unsigned NOT NULL AUTO_INCREMENT,
  `name` varchar(255) CHARACTER SET utf8mb4 COLLATE utf8mb4_unicode_ci NOT NULL,
  `created_at` timestamp NULL DEFAULT NULL,
  `updated_at` timestamp NULL DEFAULT NULL,
  PRIMARY KEY (`id`)
) ENGINE=InnoDB AUTO_INCREMENT=3 DEFAULT CHARSET=utf8mb4 COLLATE=utf8mb4_unicode_ci;

DROP TABLE `hrmsNew`.`divisions`;


CREATE TABLE `divisions` (
  `id` bigint unsigned NOT NULL AUTO_INCREMENT,
  `name` text CHARACTER SET utf8mb4 COLLATE utf8mb4_unicode_ci NOT NULL,
  `nick_name` text CHARACTER SET utf8mb4 COLLATE utf8mb4_unicode_ci NOT NULL,
  `division_type_id` bigint unsigned DEFAULT NULL,
  `department_id` bigint unsigned DEFAULT NULL,
  `sort_no` int DEFAULT NULL,
  `difficulty_level_id` bigint unsigned DEFAULT NULL,
  `created_at` timestamp NULL DEFAULT NULL,
  `updated_at` timestamp NULL DEFAULT NULL,
  PRIMARY KEY (`id`)
) ENGINE=InnoDB AUTO_INCREMENT=27 DEFAULT CHARSET=utf8mb4 COLLATE=utf8mb4_unicode_ci;

DROP TABLE `hrmsNew`.`education`;


CREATE TABLE `education` (
  `id` bigint unsigned NOT NULL AUTO_INCREMENT,
  `name` varchar(255) CHARACTER SET utf8mb4 COLLATE utf8mb4_unicode_ci NOT NULL,
  `education_type_id` bigint unsigned DEFAULT NULL,
  `created_at` timestamp NULL DEFAULT NULL,
  `updated_at` timestamp NULL DEFAULT NULL,
  PRIMARY KEY (`id`),
  KEY `education_education_type_id_foreign` (`education_type_id`),
  CONSTRAINT `education_education_type_id_foreign` FOREIGN KEY (`education_type_id`) REFERENCES `education_types` (`id`) ON DELETE SET NULL
) ENGINE=InnoDB AUTO_INCREMENT=568 DEFAULT CHARSET=utf8mb4 COLLATE=utf8mb4_unicode_ci;

DROP TABLE `hrmsNew`.`education_groups`;


CREATE TABLE `education_groups` (
  `id` bigint unsigned NOT NULL AUTO_INCREMENT,
  `name` varchar(255) CHARACTER SET utf8mb4 COLLATE utf8mb4_unicode_ci NOT NULL,
  `created_at` timestamp NULL DEFAULT NULL,
  `updated_at` timestamp NULL DEFAULT NULL,
  PRIMARY KEY (`id`)
) ENGINE=InnoDB AUTO_INCREMENT=9 DEFAULT CHARSET=utf8mb4 COLLATE=utf8mb4_unicode_ci;

DROP TABLE `hrmsNew`.`education_types`;


CREATE TABLE `education_types` (
  `id` bigint unsigned NOT NULL AUTO_INCREMENT,
  `name` varchar(255) CHARACTER SET utf8mb4 COLLATE utf8mb4_unicode_ci NOT NULL,
  `education_group_id` bigint unsigned DEFAULT NULL,
  `created_at` timestamp NULL DEFAULT NULL,
  `updated_at` timestamp NULL DEFAULT NULL,
  PRIMARY KEY (`id`),
  KEY `education_types_education_group_id_foreign` (`education_group_id`),
  CONSTRAINT `education_types_education_group_id_foreign` FOREIGN KEY (`education_group_id`) REFERENCES `education_groups` (`id`) ON DELETE SET NULL
) ENGINE=InnoDB AUTO_INCREMENT=28 DEFAULT CHARSET=utf8mb4 COLLATE=utf8mb4_unicode_ci;

DROP TABLE `hrmsNew`.`ethnics`;


CREATE TABLE `ethnics` (
  `id` bigint unsigned NOT NULL AUTO_INCREMENT,
  `name` varchar(255) CHARACTER SET utf8mb4 COLLATE utf8mb4_unicode_ci NOT NULL,
  `created_at` timestamp NULL DEFAULT NULL,
  `updated_at` timestamp NULL DEFAULT NULL,
  PRIMARY KEY (`id`)
) ENGINE=InnoDB AUTO_INCREMENT=138 DEFAULT CHARSET=utf8mb4 COLLATE=utf8mb4_unicode_ci;

DROP TABLE `hrmsNew`.`failed_jobs`;


CREATE TABLE `failed_jobs` (
  `id` bigint unsigned NOT NULL AUTO_INCREMENT,
  `uuid` varchar(255) CHARACTER SET utf8mb4 COLLATE utf8mb4_unicode_ci NOT NULL,
  `connection` text CHARACTER SET utf8mb4 COLLATE utf8mb4_unicode_ci NOT NULL,
  `queue` text CHARACTER SET utf8mb4 COLLATE utf8mb4_unicode_ci NOT NULL,
  `payload` longtext CHARACTER SET utf8mb4 COLLATE utf8mb4_unicode_ci NOT NULL,
  `exception` longtext CHARACTER SET utf8mb4 COLLATE utf8mb4_unicode_ci NOT NULL,
  `failed_at` timestamp NOT NULL DEFAULT CURRENT_TIMESTAMP,
  PRIMARY KEY (`id`),
  UNIQUE KEY `failed_jobs_uuid_unique` (`uuid`)
) ENGINE=InnoDB DEFAULT CHARSET=utf8mb4 COLLATE=utf8mb4_unicode_ci;

DROP TABLE `hrmsNew`.`father_siblings`;


CREATE TABLE `father_siblings` (
  `id` bigint unsigned NOT NULL AUTO_INCREMENT,
  `staff_id` bigint unsigned DEFAULT NULL,
  `name` varchar(255) CHARACTER SET utf8mb4 COLLATE utf8mb4_unicode_ci NOT NULL,
  `ethnic_id` bigint unsigned DEFAULT NULL,
  `religion_id` bigint unsigned DEFAULT NULL,
  `gender_id` bigint unsigned DEFAULT NULL,
  `place_of_birth` varchar(255) CHARACTER SET utf8mb4 COLLATE utf8mb4_unicode_ci NOT NULL,
  `occupation` varchar(255) CHARACTER SET utf8mb4 COLLATE utf8mb4_unicode_ci NOT NULL,
  `address` varchar(255) CHARACTER SET utf8mb4 COLLATE utf8mb4_unicode_ci NOT NULL,
  `relation_id` bigint unsigned DEFAULT NULL,
  `created_at` timestamp NULL DEFAULT NULL,
  `updated_at` timestamp NULL DEFAULT NULL,
  PRIMARY KEY (`id`),
  KEY `father_siblings_staff_id_foreign` (`staff_id`),
  KEY `father_siblings_ethnic_id_foreign` (`ethnic_id`),
  KEY `father_siblings_religion_id_foreign` (`religion_id`),
  KEY `father_siblings_gender_id_foreign` (`gender_id`),
  KEY `father_siblings_relation_id_foreign` (`relation_id`),
  CONSTRAINT `father_siblings_ethnic_id_foreign` FOREIGN KEY (`ethnic_id`) REFERENCES `ethnics` (`id`) ON DELETE SET NULL,
  CONSTRAINT `father_siblings_gender_id_foreign` FOREIGN KEY (`gender_id`) REFERENCES `genders` (`id`) ON DELETE SET NULL,
  CONSTRAINT `father_siblings_relation_id_foreign` FOREIGN KEY (`relation_id`) REFERENCES `relations` (`id`) ON DELETE SET NULL,
  CONSTRAINT `father_siblings_religion_id_foreign` FOREIGN KEY (`religion_id`) REFERENCES `religions` (`id`) ON DELETE SET NULL,
  CONSTRAINT `father_siblings_staff_id_foreign` FOREIGN KEY (`staff_id`) REFERENCES `staff` (`id`) ON DELETE CASCADE
) ENGINE=InnoDB AUTO_INCREMENT=21 DEFAULT CHARSET=utf8mb4 COLLATE=utf8mb4_unicode_ci;

DROP TABLE `hrmsNew`.`genders`;


CREATE TABLE `genders` (
  `id` bigint unsigned NOT NULL AUTO_INCREMENT,
  `name` varchar(255) CHARACTER SET utf8mb4 COLLATE utf8mb4_unicode_ci NOT NULL,
  `created_at` timestamp NULL DEFAULT NULL,
  `updated_at` timestamp NULL DEFAULT NULL,
  PRIMARY KEY (`id`)
) ENGINE=InnoDB AUTO_INCREMENT=3 DEFAULT CHARSET=utf8mb4 COLLATE=utf8mb4_unicode_ci;

DROP TABLE `hrmsNew`.`increments`;


CREATE TABLE `increments` (
  `id` bigint unsigned NOT NULL AUTO_INCREMENT,
  `staff_id` bigint unsigned NOT NULL,
  `increment_rank_id` bigint unsigned DEFAULT NULL,
  `min_salary` int DEFAULT NULL,
  `increment` int DEFAULT NULL,
  `max_salary` int DEFAULT NULL,
  `increment_date` date DEFAULT NULL,
  `increment_time` int DEFAULT NULL,
  `order_no` varchar(255) CHARACTER SET utf8mb4 COLLATE utf8mb4_unicode_ci DEFAULT NULL,
  `remark` varchar(255) CHARACTER SET utf8mb4 COLLATE utf8mb4_unicode_ci DEFAULT NULL,
  `created_at` timestamp NULL DEFAULT NULL,
  `updated_at` timestamp NULL DEFAULT NULL,
  PRIMARY KEY (`id`),
  KEY `increments_staff_id_foreign` (`staff_id`),
  KEY `increments_increment_rank_id_foreign` (`increment_rank_id`),
  CONSTRAINT `increments_increment_rank_id_foreign` FOREIGN KEY (`increment_rank_id`) REFERENCES `ranks` (`id`) ON DELETE SET NULL,
  CONSTRAINT `increments_staff_id_foreign` FOREIGN KEY (`staff_id`) REFERENCES `staff` (`id`) ON DELETE CASCADE
) ENGINE=InnoDB AUTO_INCREMENT=4 DEFAULT CHARSET=utf8mb4 COLLATE=utf8mb4_unicode_ci;

DROP TABLE `hrmsNew`.`job_batches`;


CREATE TABLE `job_batches` (
  `id` varchar(255) CHARACTER SET utf8mb4 COLLATE utf8mb4_unicode_ci NOT NULL,
  `name` varchar(255) CHARACTER SET utf8mb4 COLLATE utf8mb4_unicode_ci NOT NULL,
  `total_jobs` int NOT NULL,
  `pending_jobs` int NOT NULL,
  `failed_jobs` int NOT NULL,
  `failed_job_ids` longtext CHARACTER SET utf8mb4 COLLATE utf8mb4_unicode_ci NOT NULL,
  `options` mediumtext CHARACTER SET utf8mb4 COLLATE utf8mb4_unicode_ci,
  `cancelled_at` int DEFAULT NULL,
  `created_at` int NOT NULL,
  `finished_at` int DEFAULT NULL,
  PRIMARY KEY (`id`)
) ENGINE=InnoDB DEFAULT CHARSET=utf8mb4 COLLATE=utf8mb4_unicode_ci;

DROP TABLE `hrmsNew`.`jobs`;


CREATE TABLE `jobs` (
  `id` bigint unsigned NOT NULL AUTO_INCREMENT,
  `queue` varchar(255) CHARACTER SET utf8mb4 COLLATE utf8mb4_unicode_ci NOT NULL,
  `payload` longtext CHARACTER SET utf8mb4 COLLATE utf8mb4_unicode_ci NOT NULL,
  `attempts` tinyint unsigned NOT NULL,
  `reserved_at` int unsigned DEFAULT NULL,
  `available_at` int unsigned NOT NULL,
  `created_at` int unsigned NOT NULL,
  PRIMARY KEY (`id`),
  KEY `jobs_queue_index` (`queue`)
) ENGINE=InnoDB DEFAULT CHARSET=utf8mb4 COLLATE=utf8mb4_unicode_ci;

DROP TABLE `hrmsNew`.`labour_attendances`;


CREATE TABLE `labour_attendances` (
  `id` bigint unsigned NOT NULL AUTO_INCREMENT,
  `staff_id` bigint unsigned NOT NULL,
  `att_date` json DEFAULT NULL,
  `month` int NOT NULL,
  `year` int NOT NULL,
  `created_at` timestamp NULL DEFAULT NULL,
  `updated_at` timestamp NULL DEFAULT NULL,
  `gender_id` bigint unsigned DEFAULT NULL,
  PRIMARY KEY (`id`),
  KEY `labour_attendances_staff_id_foreign` (`staff_id`),
  CONSTRAINT `labour_attendances_staff_id_foreign` FOREIGN KEY (`staff_id`) REFERENCES `staff` (`id`) ON DELETE CASCADE
) ENGINE=InnoDB DEFAULT CHARSET=utf8mb4 COLLATE=utf8mb4_unicode_ci;

DROP TABLE `hrmsNew`.`languages`;


CREATE TABLE `languages` (
  `id` bigint unsigned NOT NULL AUTO_INCREMENT,
  `name` varchar(255) CHARACTER SET utf8mb4 COLLATE utf8mb4_unicode_ci NOT NULL,
  `created_at` timestamp NULL DEFAULT NULL,
  `updated_at` timestamp NULL DEFAULT NULL,
  PRIMARY KEY (`id`)
) ENGINE=InnoDB AUTO_INCREMENT=21 DEFAULT CHARSET=utf8mb4 COLLATE=utf8mb4_unicode_ci;

DROP TABLE `hrmsNew`.`last_pay_certificates`;


CREATE TABLE `last_pay_certificates` (
  `id` bigint unsigned NOT NULL AUTO_INCREMENT,
  `staff_id` bigint unsigned NOT NULL,
  `from_division_id` bigint unsigned NOT NULL,
  `to_division_id` bigint unsigned NOT NULL,
  `transfer_date` varchar(255) CHARACTER SET utf8mb4 COLLATE utf8mb4_unicode_ci NOT NULL,
  `ordered_date` varchar(255) CHARACTER SET utf8mb4 COLLATE utf8mb4_unicode_ci NOT NULL,
  `paid_up_to_date` varchar(255) CHARACTER SET utf8mb4 COLLATE utf8mb4_unicode_ci NOT NULL,
  `amount` int NOT NULL,
  `order_no` varchar(255) CHARACTER SET utf8mb4 COLLATE utf8mb4_unicode_ci NOT NULL,
  `created_at` timestamp NULL DEFAULT NULL,
  `updated_at` timestamp NULL DEFAULT NULL,
  PRIMARY KEY (`id`)
) ENGINE=InnoDB DEFAULT CHARSET=utf8mb4 COLLATE=utf8mb4_unicode_ci;

DROP TABLE `hrmsNew`.`leave_types`;


CREATE TABLE `leave_types` (
  `id` bigint unsigned NOT NULL AUTO_INCREMENT,
  `name` varchar(255) CHARACTER SET utf8mb4 COLLATE utf8mb4_unicode_ci NOT NULL,
  `allowed` int DEFAULT NULL,
  `day_or_month_id` bigint unsigned DEFAULT NULL,
  `sort_no` int DEFAULT NULL,
  `is_yearly` tinyint(1) NOT NULL DEFAULT '0',
  `created_at` timestamp NULL DEFAULT NULL,
  `updated_at` timestamp NULL DEFAULT NULL,
  PRIMARY KEY (`id`),
  KEY `leave_types_day_or_month_id_foreign` (`day_or_month_id`),
  CONSTRAINT `leave_types_day_or_month_id_foreign` FOREIGN KEY (`day_or_month_id`) REFERENCES `day_or_months` (`id`) ON DELETE SET NULL
) ENGINE=InnoDB AUTO_INCREMENT=8 DEFAULT CHARSET=utf8mb4 COLLATE=utf8mb4_unicode_ci;

DROP TABLE `hrmsNew`.`leaves`;


CREATE TABLE `leaves` (
  `id` bigint unsigned NOT NULL AUTO_INCREMENT,
  `staff_id` bigint unsigned DEFAULT NULL,
  `leave_type_id` bigint unsigned DEFAULT NULL,
  `current_division_id` bigint unsigned DEFAULT NULL,
  `from_date` date DEFAULT NULL,
  `to_date` date DEFAULT NULL,
  `qty` int DEFAULT NULL,
  `order_no` varchar(255) CHARACTER SET utf8mb4 COLLATE utf8mb4_unicode_ci DEFAULT NULL,
  `remark` varchar(255) CHARACTER SET utf8mb4 COLLATE utf8mb4_unicode_ci DEFAULT NULL,
  `created_at` timestamp NULL DEFAULT NULL,
  `updated_at` timestamp NULL DEFAULT NULL,
  PRIMARY KEY (`id`),
  KEY `leaves_current_division_id_foreign` (`current_division_id`),
  CONSTRAINT `leaves_current_division_id_foreign` FOREIGN KEY (`current_division_id`) REFERENCES `divisions` (`id`) ON DELETE SET NULL
) ENGINE=InnoDB AUTO_INCREMENT=3 DEFAULT CHARSET=utf8mb4 COLLATE=utf8mb4_unicode_ci;

DROP TABLE `hrmsNew`.`letter_types`;


CREATE TABLE `letter_types` (
  `id` bigint unsigned NOT NULL AUTO_INCREMENT,
  `name` varchar(255) CHARACTER SET utf8mb4 COLLATE utf8mb4_unicode_ci NOT NULL,
  `created_at` timestamp NULL DEFAULT NULL,
  `updated_at` timestamp NULL DEFAULT NULL,
  PRIMARY KEY (`id`)
) ENGINE=InnoDB AUTO_INCREMENT=4 DEFAULT CHARSET=utf8mb4 COLLATE=utf8mb4_unicode_ci;

DROP TABLE `hrmsNew`.`marital_status_types`;


CREATE TABLE `marital_status_types` (
  `id` bigint unsigned NOT NULL AUTO_INCREMENT,
  `name` varchar(255) CHARACTER SET utf8mb4 COLLATE utf8mb4_unicode_ci NOT NULL,
  `created_at` timestamp NULL DEFAULT NULL,
  `updated_at` timestamp NULL DEFAULT NULL,
  PRIMARY KEY (`id`)
) ENGINE=InnoDB AUTO_INCREMENT=3 DEFAULT CHARSET=utf8mb4 COLLATE=utf8mb4_unicode_ci;

DROP TABLE `hrmsNew`.`marital_statuses`;


CREATE TABLE `marital_statuses` (
  `id` bigint unsigned NOT NULL AUTO_INCREMENT,
  `name` varchar(255) CHARACTER SET utf8mb4 COLLATE utf8mb4_unicode_ci NOT NULL,
  `marital_status_type_id` bigint unsigned DEFAULT NULL,
  `created_at` timestamp NULL DEFAULT NULL,
  `updated_at` timestamp NULL DEFAULT NULL,
  PRIMARY KEY (`id`)
) ENGINE=InnoDB AUTO_INCREMENT=7 DEFAULT CHARSET=utf8mb4 COLLATE=utf8mb4_unicode_ci;

DROP TABLE `hrmsNew`.`migrations`;


CREATE TABLE `migrations` (
  `id` int unsigned NOT NULL AUTO_INCREMENT,
  `migration` varchar(255) CHARACTER SET utf8mb4 COLLATE utf8mb4_unicode_ci NOT NULL,
  `batch` int NOT NULL,
  PRIMARY KEY (`id`)
) ENGINE=InnoDB AUTO_INCREMENT=83 DEFAULT CHARSET=utf8mb4 COLLATE=utf8mb4_unicode_ci;

DROP TABLE `hrmsNew`.`ministries`;


CREATE TABLE `ministries` (
  `id` bigint unsigned NOT NULL AUTO_INCREMENT,
  `name` varchar(255) CHARACTER SET utf8mb4 COLLATE utf8mb4_unicode_ci NOT NULL,
  `created_at` timestamp NULL DEFAULT NULL,
  `updated_at` timestamp NULL DEFAULT NULL,
  PRIMARY KEY (`id`)
) ENGINE=InnoDB AUTO_INCREMENT=2 DEFAULT CHARSET=utf8mb4 COLLATE=utf8mb4_unicode_ci;

DROP TABLE `hrmsNew`.`mother_siblings`;


CREATE TABLE `mother_siblings` (
  `id` bigint unsigned NOT NULL AUTO_INCREMENT,
  `staff_id` bigint unsigned DEFAULT NULL,
  `name` varchar(255) CHARACTER SET utf8mb4 COLLATE utf8mb4_unicode_ci NOT NULL,
  `ethnic_id` bigint unsigned DEFAULT NULL,
  `religion_id` bigint unsigned DEFAULT NULL,
  `gender_id` bigint unsigned DEFAULT NULL,
  `place_of_birth` varchar(255) CHARACTER SET utf8mb4 COLLATE utf8mb4_unicode_ci NOT NULL,
  `occupation` varchar(255) CHARACTER SET utf8mb4 COLLATE utf8mb4_unicode_ci NOT NULL,
  `address` varchar(255) CHARACTER SET utf8mb4 COLLATE utf8mb4_unicode_ci NOT NULL,
  `relation_id` bigint unsigned DEFAULT NULL,
  `created_at` timestamp NULL DEFAULT NULL,
  `updated_at` timestamp NULL DEFAULT NULL,
  PRIMARY KEY (`id`),
  KEY `mother_siblings_staff_id_foreign` (`staff_id`),
  KEY `mother_siblings_ethnic_id_foreign` (`ethnic_id`),
  KEY `mother_siblings_religion_id_foreign` (`religion_id`),
  KEY `mother_siblings_gender_id_foreign` (`gender_id`),
  KEY `mother_siblings_relation_id_foreign` (`relation_id`),
  CONSTRAINT `mother_siblings_ethnic_id_foreign` FOREIGN KEY (`ethnic_id`) REFERENCES `ethnics` (`id`) ON DELETE SET NULL,
  CONSTRAINT `mother_siblings_gender_id_foreign` FOREIGN KEY (`gender_id`) REFERENCES `genders` (`id`) ON DELETE SET NULL,
  CONSTRAINT `mother_siblings_relation_id_foreign` FOREIGN KEY (`relation_id`) REFERENCES `relations` (`id`) ON DELETE SET NULL,
  CONSTRAINT `mother_siblings_religion_id_foreign` FOREIGN KEY (`religion_id`) REFERENCES `religions` (`id`) ON DELETE SET NULL,
  CONSTRAINT `mother_siblings_staff_id_foreign` FOREIGN KEY (`staff_id`) REFERENCES `staff` (`id`) ON DELETE CASCADE
) ENGINE=InnoDB AUTO_INCREMENT=8 DEFAULT CHARSET=utf8mb4 COLLATE=utf8mb4_unicode_ci;

DROP TABLE `hrmsNew`.`nationalities`;


CREATE TABLE `nationalities` (
  `id` bigint unsigned NOT NULL AUTO_INCREMENT,
  `name` varchar(255) CHARACTER SET utf8mb4 COLLATE utf8mb4_unicode_ci NOT NULL,
  `created_at` timestamp NULL DEFAULT NULL,
  `updated_at` timestamp NULL DEFAULT NULL,
  PRIMARY KEY (`id`)
) ENGINE=InnoDB AUTO_INCREMENT=9 DEFAULT CHARSET=utf8mb4 COLLATE=utf8mb4_unicode_ci;

DROP TABLE `hrmsNew`.`nrc_region_ids`;


CREATE TABLE `nrc_region_ids` (
  `id` bigint unsigned NOT NULL AUTO_INCREMENT,
  `name` varchar(255) CHARACTER SET utf8mb4 COLLATE utf8mb4_unicode_ci NOT NULL,
  `created_at` timestamp NULL DEFAULT NULL,
  `updated_at` timestamp NULL DEFAULT NULL,
  PRIMARY KEY (`id`)
) ENGINE=InnoDB AUTO_INCREMENT=15 DEFAULT CHARSET=utf8mb4 COLLATE=utf8mb4_unicode_ci;

DROP TABLE `hrmsNew`.`nrc_signs`;


CREATE TABLE `nrc_signs` (
  `id` bigint unsigned NOT NULL AUTO_INCREMENT,
  `name` varchar(255) CHARACTER SET utf8mb4 COLLATE utf8mb4_unicode_ci NOT NULL,
  `created_at` timestamp NULL DEFAULT NULL,
  `updated_at` timestamp NULL DEFAULT NULL,
  PRIMARY KEY (`id`)
) ENGINE=InnoDB AUTO_INCREMENT=4 DEFAULT CHARSET=utf8mb4 COLLATE=utf8mb4_unicode_ci;

DROP TABLE `hrmsNew`.`nrc_township_codes`;


CREATE TABLE `nrc_township_codes` (
  `id` bigint unsigned NOT NULL AUTO_INCREMENT,
  `name` varchar(255) CHARACTER SET utf8mb4 COLLATE utf8mb4_unicode_ci DEFAULT NULL,
  `nrc_region_id_id` bigint unsigned DEFAULT NULL,
  `created_at` timestamp NULL DEFAULT NULL,
  `updated_at` timestamp NULL DEFAULT NULL,
  PRIMARY KEY (`id`),
  KEY `nrc_township_codes_nrc_region_id_id_foreign` (`nrc_region_id_id`),
  CONSTRAINT `nrc_township_codes_nrc_region_id_id_foreign` FOREIGN KEY (`nrc_region_id_id`) REFERENCES `nrc_region_ids` (`id`) ON DELETE SET NULL
) ENGINE=InnoDB AUTO_INCREMENT=431 DEFAULT CHARSET=utf8mb4 COLLATE=utf8mb4_unicode_ci;

DROP TABLE `hrmsNew`.`password_reset_tokens`;


CREATE TABLE `password_reset_tokens` (
  `email` varchar(255) CHARACTER SET utf8mb4 COLLATE utf8mb4_unicode_ci NOT NULL,
  `token` varchar(255) CHARACTER SET utf8mb4 COLLATE utf8mb4_unicode_ci NOT NULL,
  `created_at` timestamp NULL DEFAULT NULL,
  PRIMARY KEY (`email`)
) ENGINE=InnoDB DEFAULT CHARSET=utf8mb4 COLLATE=utf8mb4_unicode_ci;

DROP TABLE `hrmsNew`.`past_occupations`;


CREATE TABLE `past_occupations` (
  `id` bigint unsigned NOT NULL AUTO_INCREMENT,
  `staff_id` bigint unsigned NOT NULL,
  `rank_id` bigint unsigned DEFAULT NULL,
  `department_id` bigint unsigned DEFAULT NULL,
  `section_id` bigint unsigned DEFAULT NULL,
  `address` text CHARACTER SET utf8mb4 COLLATE utf8mb4_unicode_ci,
  `from_date` date DEFAULT NULL,
  `to_date` date DEFAULT NULL,
  `remark` text CHARACTER SET utf8mb4 COLLATE utf8mb4_unicode_ci,
  `created_at` timestamp NULL DEFAULT NULL,
  `updated_at` timestamp NULL DEFAULT NULL,
  PRIMARY KEY (`id`),
  KEY `past_occupations_staff_id_foreign` (`staff_id`),
  KEY `past_occupations_rank_id_foreign` (`rank_id`),
  KEY `past_occupations_department_id_foreign` (`department_id`),
  KEY `past_occupations_section_id_foreign` (`section_id`),
  CONSTRAINT `past_occupations_department_id_foreign` FOREIGN KEY (`department_id`) REFERENCES `departments` (`id`) ON DELETE SET NULL,
  CONSTRAINT `past_occupations_rank_id_foreign` FOREIGN KEY (`rank_id`) REFERENCES `ranks` (`id`) ON DELETE SET NULL,
  CONSTRAINT `past_occupations_section_id_foreign` FOREIGN KEY (`section_id`) REFERENCES `sections` (`id`) ON DELETE SET NULL,
  CONSTRAINT `past_occupations_staff_id_foreign` FOREIGN KEY (`staff_id`) REFERENCES `staff` (`id`) ON DELETE CASCADE
) ENGINE=InnoDB AUTO_INCREMENT=5 DEFAULT CHARSET=utf8mb4 COLLATE=utf8mb4_unicode_ci;

DROP TABLE `hrmsNew`.`payscales`;


CREATE TABLE `payscales` (
  `id` bigint unsigned NOT NULL AUTO_INCREMENT,
  `name` varchar(255) CHARACTER SET utf8mb4 COLLATE utf8mb4_unicode_ci NOT NULL,
  `min_salary` varchar(255) CHARACTER SET utf8mb4 COLLATE utf8mb4_unicode_ci NOT NULL,
  `increment` varchar(255) CHARACTER SET utf8mb4 COLLATE utf8mb4_unicode_ci NOT NULL,
  `similiar_rank` varchar(255) CHARACTER SET utf8mb4 COLLATE utf8mb4_unicode_ci NOT NULL,
  `max_salary` varchar(255) CHARACTER SET utf8mb4 COLLATE utf8mb4_unicode_ci NOT NULL,
  `supply` int NOT NULL DEFAULT '0',
  `staff_type_id` bigint unsigned DEFAULT NULL,
  `allowed_qty` int NOT NULL DEFAULT '0',
  `created_at` timestamp NULL DEFAULT NULL,
  `updated_at` timestamp NULL DEFAULT NULL,
  PRIMARY KEY (`id`),
  KEY `payscales_staff_type_id_foreign` (`staff_type_id`),
  CONSTRAINT `payscales_staff_type_id_foreign` FOREIGN KEY (`staff_type_id`) REFERENCES `staff_types` (`id`) ON DELETE SET NULL
) ENGINE=InnoDB AUTO_INCREMENT=14 DEFAULT CHARSET=utf8mb4 COLLATE=utf8mb4_unicode_ci;

DROP TABLE `hrmsNew`.`penalty_types`;


CREATE TABLE `penalty_types` (
  `id` bigint unsigned NOT NULL AUTO_INCREMENT,
  `name` varchar(255) CHARACTER SET utf8mb4 COLLATE utf8mb4_unicode_ci NOT NULL,
  `created_at` timestamp NULL DEFAULT NULL,
  `updated_at` timestamp NULL DEFAULT NULL,
  PRIMARY KEY (`id`)
) ENGINE=InnoDB AUTO_INCREMENT=12 DEFAULT CHARSET=utf8mb4 COLLATE=utf8mb4_unicode_ci;

DROP TABLE `hrmsNew`.`pension_types`;


CREATE TABLE `pension_types` (
  `id` bigint unsigned NOT NULL AUTO_INCREMENT,
  `name` varchar(255) CHARACTER SET utf8mb4 COLLATE utf8mb4_unicode_ci NOT NULL,
  `created_at` timestamp NULL DEFAULT NULL,
  `updated_at` timestamp NULL DEFAULT NULL,
  PRIMARY KEY (`id`)
) ENGINE=InnoDB AUTO_INCREMENT=8 DEFAULT CHARSET=utf8mb4 COLLATE=utf8mb4_unicode_ci;

DROP TABLE `hrmsNew`.`pension_years`;


CREATE TABLE `pension_years` (
  `id` bigint unsigned NOT NULL AUTO_INCREMENT,
  `year` varchar(255) CHARACTER SET utf8mb4 COLLATE utf8mb4_unicode_ci NOT NULL,
  `created_at` timestamp NULL DEFAULT NULL,
  `updated_at` timestamp NULL DEFAULT NULL,
  PRIMARY KEY (`id`)
) ENGINE=InnoDB AUTO_INCREMENT=2 DEFAULT CHARSET=utf8mb4 COLLATE=utf8mb4_unicode_ci;

DROP TABLE `hrmsNew`.`permissions`;


CREATE TABLE `permissions` (
  `id` bigint unsigned NOT NULL AUTO_INCREMENT,
  `name` varchar(255) CHARACTER SET utf8mb4 COLLATE utf8mb4_unicode_ci NOT NULL,
  `created_at` timestamp NULL DEFAULT NULL,
  `updated_at` timestamp NULL DEFAULT NULL,
  PRIMARY KEY (`id`)
) ENGINE=InnoDB DEFAULT CHARSET=utf8mb4 COLLATE=utf8mb4_unicode_ci;

DROP TABLE `hrmsNew`.`postings`;


CREATE TABLE `postings` (
  `id` bigint unsigned NOT NULL AUTO_INCREMENT,
  `staff_id` bigint unsigned DEFAULT NULL,
  `rank_id` bigint unsigned DEFAULT NULL,
  `from_date` date DEFAULT NULL,
  `to_date` date DEFAULT NULL,
  `department_id` bigint unsigned DEFAULT NULL,
  `division_id` bigint unsigned DEFAULT NULL,
  `location` varchar(255) CHARACTER SET utf8mb4 COLLATE utf8mb4_unicode_ci DEFAULT NULL,
  `remark` varchar(255) CHARACTER SET utf8mb4 COLLATE utf8mb4_unicode_ci DEFAULT NULL,
  `ministry_id` bigint unsigned DEFAULT NULL,
  `created_at` timestamp NULL DEFAULT NULL,
  `updated_at` timestamp NULL DEFAULT NULL,
  PRIMARY KEY (`id`),
  KEY `postings_staff_id_foreign` (`staff_id`),
  KEY `postings_rank_id_foreign` (`rank_id`),
  KEY `postings_department_id_foreign` (`department_id`),
  KEY `postings_division_id_foreign` (`division_id`),
  CONSTRAINT `postings_department_id_foreign` FOREIGN KEY (`department_id`) REFERENCES `departments` (`id`) ON DELETE SET NULL,
  CONSTRAINT `postings_division_id_foreign` FOREIGN KEY (`division_id`) REFERENCES `divisions` (`id`) ON DELETE SET NULL,
  CONSTRAINT `postings_rank_id_foreign` FOREIGN KEY (`rank_id`) REFERENCES `ranks` (`id`) ON DELETE SET NULL,
  CONSTRAINT `postings_staff_id_foreign` FOREIGN KEY (`staff_id`) REFERENCES `staff` (`id`) ON DELETE CASCADE
) ENGINE=InnoDB AUTO_INCREMENT=17 DEFAULT CHARSET=utf8mb4 COLLATE=utf8mb4_unicode_ci;

DROP TABLE `hrmsNew`.`posts`;


CREATE TABLE `posts` (
  `id` bigint unsigned NOT NULL AUTO_INCREMENT,
  `name` varchar(255) CHARACTER SET utf8mb4 COLLATE utf8mb4_unicode_ci NOT NULL,
  `created_at` timestamp NULL DEFAULT NULL,
  `updated_at` timestamp NULL DEFAULT NULL,
  PRIMARY KEY (`id`)
) ENGINE=InnoDB AUTO_INCREMENT=2 DEFAULT CHARSET=utf8mb4 COLLATE=utf8mb4_unicode_ci;

DROP TABLE `hrmsNew`.`promotions`;


CREATE TABLE `promotions` (
  `id` bigint unsigned NOT NULL AUTO_INCREMENT,
  `staff_id` bigint unsigned DEFAULT NULL,
  `rank_id` bigint unsigned DEFAULT NULL,
  `previous_rank_id` bigint unsigned DEFAULT NULL,
  `promotion_date` date NOT NULL,
  `order_no` varchar(255) CHARACTER SET utf8mb4 COLLATE utf8mb4_unicode_ci DEFAULT NULL,
  `created_at` timestamp NULL DEFAULT NULL,
  `updated_at` timestamp NULL DEFAULT NULL,
  PRIMARY KEY (`id`),
  KEY `promotions_previous_rank_id_foreign` (`previous_rank_id`),
  CONSTRAINT `promotions_previous_rank_id_foreign` FOREIGN KEY (`previous_rank_id`) REFERENCES `ranks` (`id`) ON DELETE SET NULL
) ENGINE=InnoDB DEFAULT CHARSET=utf8mb4 COLLATE=utf8mb4_unicode_ci;

DROP TABLE `hrmsNew`.`punishment_criminals`;


CREATE TABLE `punishment_criminals` (
  `id` bigint unsigned NOT NULL AUTO_INCREMENT,
  `staff_id` bigint unsigned DEFAULT NULL,
  `verdict` varchar(255) CHARACTER SET utf8mb4 COLLATE utf8mb4_unicode_ci NOT NULL,
  `reason` varchar(255) CHARACTER SET utf8mb4 COLLATE utf8mb4_unicode_ci NOT NULL,
  `from_date` date NOT NULL,
  `to_date` date NOT NULL,
  `created_at` timestamp NULL DEFAULT NULL,
  `updated_at` timestamp NULL DEFAULT NULL,
  PRIMARY KEY (`id`),
  KEY `punishment_criminals_staff_id_foreign` (`staff_id`),
  CONSTRAINT `punishment_criminals_staff_id_foreign` FOREIGN KEY (`staff_id`) REFERENCES `staff` (`id`) ON DELETE CASCADE
) ENGINE=InnoDB DEFAULT CHARSET=utf8mb4 COLLATE=utf8mb4_unicode_ci;

DROP TABLE `hrmsNew`.`punishments`;


CREATE TABLE `punishments` (
  `id` bigint unsigned NOT NULL AUTO_INCREMENT,
  `staff_id` bigint unsigned DEFAULT NULL,
  `penalty_type_id` bigint unsigned DEFAULT NULL,
  `reason` varchar(255) CHARACTER SET utf8mb4 COLLATE utf8mb4_unicode_ci NOT NULL,
  `from_date` date NOT NULL,
  `to_date` date NOT NULL,
  `created_at` timestamp NULL DEFAULT NULL,
  `updated_at` timestamp NULL DEFAULT NULL,
  PRIMARY KEY (`id`),
  KEY `punishments_staff_id_foreign` (`staff_id`),
  KEY `punishments_penalty_type_id_foreign` (`penalty_type_id`),
  CONSTRAINT `punishments_penalty_type_id_foreign` FOREIGN KEY (`penalty_type_id`) REFERENCES `penalty_types` (`id`) ON DELETE SET NULL,
  CONSTRAINT `punishments_staff_id_foreign` FOREIGN KEY (`staff_id`) REFERENCES `staff` (`id`) ON DELETE CASCADE
) ENGINE=InnoDB AUTO_INCREMENT=2 DEFAULT CHARSET=utf8mb4 COLLATE=utf8mb4_unicode_ci;

DROP TABLE `hrmsNew`.`ranks`;


CREATE TABLE `ranks` (
  `id` bigint unsigned NOT NULL AUTO_INCREMENT,
  `name` varchar(255) CHARACTER SET utf8mb4 COLLATE utf8mb4_unicode_ci NOT NULL,
  `staff_type_id` bigint unsigned DEFAULT NULL,
  `payscale_id` bigint unsigned DEFAULT NULL,
  `allowed_qty` int NOT NULL DEFAULT '0',
  `sort_no` int DEFAULT NULL,
  `created_at` timestamp NULL DEFAULT NULL,
  `updated_at` timestamp NULL DEFAULT NULL,
  PRIMARY KEY (`id`),
  KEY `ranks_staff_type_id_foreign` (`staff_type_id`),
  KEY `ranks_payscale_id_foreign` (`payscale_id`),
  CONSTRAINT `ranks_payscale_id_foreign` FOREIGN KEY (`payscale_id`) REFERENCES `payscales` (`id`) ON DELETE SET NULL,
  CONSTRAINT `ranks_staff_type_id_foreign` FOREIGN KEY (`staff_type_id`) REFERENCES `staff_types` (`id`) ON DELETE SET NULL
) ENGINE=InnoDB AUTO_INCREMENT=25 DEFAULT CHARSET=utf8mb4 COLLATE=utf8mb4_unicode_ci;

DROP TABLE `hrmsNew`.`recommendations`;


CREATE TABLE `recommendations` (
  `id` bigint unsigned NOT NULL AUTO_INCREMENT,
  `staff_id` bigint unsigned DEFAULT NULL,
  `recommend_by` varchar(255) CHARACTER SET utf8mb4 COLLATE utf8mb4_unicode_ci NOT NULL,
  `ministry` varchar(255) CHARACTER SET utf8mb4 COLLATE utf8mb4_unicode_ci NOT NULL,
  `department` varchar(255) CHARACTER SET utf8mb4 COLLATE utf8mb4_unicode_ci NOT NULL,
  `rank` varchar(255) CHARACTER SET utf8mb4 COLLATE utf8mb4_unicode_ci NOT NULL,
  `remark` varchar(255) CHARACTER SET utf8mb4 COLLATE utf8mb4_unicode_ci NOT NULL,
  `recommendation_letter` varchar(255) CHARACTER SET utf8mb4 COLLATE utf8mb4_unicode_ci DEFAULT NULL,
  `created_at` timestamp NULL DEFAULT NULL,
  `updated_at` timestamp NULL DEFAULT NULL,
  PRIMARY KEY (`id`),
  KEY `recommendations_staff_id_foreign` (`staff_id`),
  CONSTRAINT `recommendations_staff_id_foreign` FOREIGN KEY (`staff_id`) REFERENCES `staff` (`id`) ON DELETE CASCADE
) ENGINE=InnoDB AUTO_INCREMENT=4 DEFAULT CHARSET=utf8mb4 COLLATE=utf8mb4_unicode_ci;

DROP TABLE `hrmsNew`.`regions`;


CREATE TABLE `regions` (
  `id` bigint unsigned NOT NULL AUTO_INCREMENT,
  `name` varchar(255) CHARACTER SET utf8mb4 COLLATE utf8mb4_unicode_ci NOT NULL,
  `created_at` timestamp NULL DEFAULT NULL,
  `updated_at` timestamp NULL DEFAULT NULL,
  PRIMARY KEY (`id`)
) ENGINE=InnoDB AUTO_INCREMENT=16 DEFAULT CHARSET=utf8mb4 COLLATE=utf8mb4_unicode_ci;

DROP TABLE `hrmsNew`.`relations`;


CREATE TABLE `relations` (
  `id` bigint unsigned NOT NULL AUTO_INCREMENT,
  `name` varchar(255) CHARACTER SET utf8mb4 COLLATE utf8mb4_unicode_ci NOT NULL,
  `created_at` timestamp NULL DEFAULT NULL,
  `updated_at` timestamp NULL DEFAULT NULL,
  PRIMARY KEY (`id`)
) ENGINE=InnoDB AUTO_INCREMENT=19 DEFAULT CHARSET=utf8mb4 COLLATE=utf8mb4_unicode_ci;

DROP TABLE `hrmsNew`.`religions`;


CREATE TABLE `religions` (
  `id` bigint unsigned NOT NULL AUTO_INCREMENT,
  `name` varchar(255) CHARACTER SET utf8mb4 COLLATE utf8mb4_unicode_ci NOT NULL,
  `created_at` timestamp NULL DEFAULT NULL,
  `updated_at` timestamp NULL DEFAULT NULL,
  PRIMARY KEY (`id`)
) ENGINE=InnoDB AUTO_INCREMENT=6 DEFAULT CHARSET=utf8mb4 COLLATE=utf8mb4_unicode_ci;

DROP TABLE `hrmsNew`.`retire_types`;


CREATE TABLE `retire_types` (
  `id` bigint unsigned NOT NULL AUTO_INCREMENT,
  `name` varchar(255) CHARACTER SET utf8mb4 COLLATE utf8mb4_unicode_ci NOT NULL,
  `created_at` timestamp NULL DEFAULT NULL,
  `updated_at` timestamp NULL DEFAULT NULL,
  PRIMARY KEY (`id`)
) ENGINE=InnoDB AUTO_INCREMENT=7 DEFAULT CHARSET=utf8mb4 COLLATE=utf8mb4_unicode_ci;

DROP TABLE `hrmsNew`.`role_permissions`;


CREATE TABLE `role_permissions` (
  `id` bigint unsigned NOT NULL AUTO_INCREMENT,
  `role_id` bigint unsigned DEFAULT NULL,
  `permission_id` bigint unsigned DEFAULT NULL,
  `created_at` timestamp NULL DEFAULT NULL,
  `updated_at` timestamp NULL DEFAULT NULL,
  PRIMARY KEY (`id`),
  KEY `role_permissions_role_id_foreign` (`role_id`),
  KEY `role_permissions_permission_id_foreign` (`permission_id`),
  CONSTRAINT `role_permissions_permission_id_foreign` FOREIGN KEY (`permission_id`) REFERENCES `permissions` (`id`) ON DELETE SET NULL,
  CONSTRAINT `role_permissions_role_id_foreign` FOREIGN KEY (`role_id`) REFERENCES `roles` (`id`) ON DELETE SET NULL
) ENGINE=InnoDB DEFAULT CHARSET=utf8mb4 COLLATE=utf8mb4_unicode_ci;

DROP TABLE `hrmsNew`.`roles`;


CREATE TABLE `roles` (
  `id` bigint unsigned NOT NULL AUTO_INCREMENT,
  `name` varchar(255) CHARACTER SET utf8mb4 COLLATE utf8mb4_unicode_ci NOT NULL,
  `created_at` timestamp NULL DEFAULT NULL,
  `updated_at` timestamp NULL DEFAULT NULL,
  PRIMARY KEY (`id`)
) ENGINE=InnoDB AUTO_INCREMENT=31 DEFAULT CHARSET=utf8mb4 COLLATE=utf8mb4_unicode_ci;

DROP TABLE `hrmsNew`.`salaries`;


CREATE TABLE `salaries` (
  `id` bigint unsigned NOT NULL AUTO_INCREMENT,
  `staff_id` bigint unsigned DEFAULT NULL,
  `rank_id` bigint unsigned DEFAULT NULL,
  `salary_month` date DEFAULT NULL,
  `current_salary` int DEFAULT NULL,
  `current_salary_day` date DEFAULT NULL,
  `previous_salary_before_increment` int DEFAULT NULL,
  `previous_salary_before_increment_day` date DEFAULT NULL,
  `previous_salary_before_promotion` int DEFAULT NULL,
  `previous_salary_before_promotion_day` date DEFAULT NULL,
  `addition` int DEFAULT NULL,
  `addition_education` int DEFAULT NULL,
  `addition_ration` int DEFAULT NULL,
  `deduction` int DEFAULT NULL,
  `deduction_insurance` int DEFAULT NULL,
  `deduction_tax` int DEFAULT NULL,
  `actual_salary` int DEFAULT NULL,
  `created_at` timestamp NULL DEFAULT NULL,
  `updated_at` timestamp NULL DEFAULT NULL,
  PRIMARY KEY (`id`)
) ENGINE=InnoDB DEFAULT CHARSET=utf8mb4 COLLATE=utf8mb4_unicode_ci;

DROP TABLE `hrmsNew`.`schools`;


CREATE TABLE `schools` (
  `id` bigint unsigned NOT NULL AUTO_INCREMENT,
  `staff_id` bigint unsigned DEFAULT NULL,
  `education_group_id` bigint unsigned DEFAULT NULL,
  `education_type_id` bigint unsigned DEFAULT NULL,
  `education_id` bigint unsigned DEFAULT NULL,
  `school_name` varchar(255) CHARACTER SET utf8mb4 COLLATE utf8mb4_unicode_ci NOT NULL,
  `town` varchar(255) CHARACTER SET utf8mb4 COLLATE utf8mb4_unicode_ci NOT NULL,
  `semester` varchar(255) CHARACTER SET utf8mb4 COLLATE utf8mb4_unicode_ci DEFAULT NULL,
  `roll_no` varchar(255) CHARACTER SET utf8mb4 COLLATE utf8mb4_unicode_ci DEFAULT NULL,
  `major` varchar(255) CHARACTER SET utf8mb4 COLLATE utf8mb4_unicode_ci DEFAULT NULL,
  `from_date` date NOT NULL,
  `to_date` date NOT NULL,
  `year` varchar(255) CHARACTER SET utf8mb4 COLLATE utf8mb4_unicode_ci NOT NULL,
  `certificate` varchar(255) CHARACTER SET utf8mb4 COLLATE utf8mb4_unicode_ci DEFAULT NULL,
  `exam_mark` varchar(255) CHARACTER SET utf8mb4 COLLATE utf8mb4_unicode_ci DEFAULT NULL,
  `remark` varchar(255) CHARACTER SET utf8mb4 COLLATE utf8mb4_unicode_ci DEFAULT NULL,
  `created_at` timestamp NULL DEFAULT NULL,
  `updated_at` timestamp NULL DEFAULT NULL,
  PRIMARY KEY (`id`),
  KEY `schools_staff_id_foreign` (`staff_id`),
  KEY `schools_education_group_id_foreign` (`education_group_id`),
  KEY `schools_education_type_id_foreign` (`education_type_id`),
  KEY `schools_education_id_foreign` (`education_id`),
  CONSTRAINT `schools_education_group_id_foreign` FOREIGN KEY (`education_group_id`) REFERENCES `education_groups` (`id`) ON DELETE SET NULL,
  CONSTRAINT `schools_education_id_foreign` FOREIGN KEY (`education_id`) REFERENCES `education` (`id`) ON DELETE SET NULL,
  CONSTRAINT `schools_education_type_id_foreign` FOREIGN KEY (`education_type_id`) REFERENCES `education_types` (`id`) ON DELETE SET NULL,
  CONSTRAINT `schools_staff_id_foreign` FOREIGN KEY (`staff_id`) REFERENCES `staff` (`id`) ON DELETE CASCADE
) ENGINE=InnoDB AUTO_INCREMENT=216 DEFAULT CHARSET=utf8mb4 COLLATE=utf8mb4_unicode_ci;

DROP TABLE `hrmsNew`.`sections`;


CREATE TABLE `sections` (
  `id` bigint unsigned NOT NULL AUTO_INCREMENT,
  `name` varchar(255) CHARACTER SET utf8mb4 COLLATE utf8mb4_unicode_ci NOT NULL,
  `division_id` bigint unsigned DEFAULT NULL,
  `created_at` timestamp NULL DEFAULT NULL,
  `updated_at` timestamp NULL DEFAULT NULL,
  PRIMARY KEY (`id`),
  KEY `sections_division_id_foreign` (`division_id`),
  CONSTRAINT `sections_division_id_foreign` FOREIGN KEY (`division_id`) REFERENCES `divisions` (`id`) ON DELETE SET NULL
) ENGINE=InnoDB AUTO_INCREMENT=9 DEFAULT CHARSET=utf8mb4 COLLATE=utf8mb4_unicode_ci;

DROP TABLE `hrmsNew`.`sessions`;


CREATE TABLE `sessions` (
  `id` varchar(255) CHARACTER SET utf8mb4 COLLATE utf8mb4_unicode_ci NOT NULL,
  `user_id` bigint unsigned DEFAULT NULL,
  `ip_address` varchar(45) CHARACTER SET utf8mb4 COLLATE utf8mb4_unicode_ci DEFAULT NULL,
  `user_agent` text CHARACTER SET utf8mb4 COLLATE utf8mb4_unicode_ci,
  `payload` longtext CHARACTER SET utf8mb4 COLLATE utf8mb4_unicode_ci NOT NULL,
  `last_activity` int NOT NULL,
  PRIMARY KEY (`id`),
  KEY `1` (`user_id`),
  KEY `sessions_last_activity_index` (`last_activity`),
  CONSTRAINT `1` FOREIGN KEY (`user_id`) REFERENCES `users` (`id`)
) ENGINE=InnoDB DEFAULT CHARSET=utf8mb4 COLLATE=utf8mb4_unicode_ci;

DROP TABLE `hrmsNew`.`siblings`;


CREATE TABLE `siblings` (
  `id` bigint unsigned NOT NULL AUTO_INCREMENT,
  `staff_id` bigint unsigned DEFAULT NULL,
  `name` varchar(255) CHARACTER SET utf8mb4 COLLATE utf8mb4_unicode_ci NOT NULL,
  `ethnic_id` bigint unsigned DEFAULT NULL,
  `religion_id` bigint unsigned DEFAULT NULL,
  `gender_id` bigint unsigned DEFAULT NULL,
  `place_of_birth` varchar(255) CHARACTER SET utf8mb4 COLLATE utf8mb4_unicode_ci NOT NULL,
  `occupation` varchar(255) CHARACTER SET utf8mb4 COLLATE utf8mb4_unicode_ci NOT NULL,
  `address` varchar(255) CHARACTER SET utf8mb4 COLLATE utf8mb4_unicode_ci NOT NULL,
  `relation_id` bigint unsigned DEFAULT NULL,
  `created_at` timestamp NULL DEFAULT NULL,
  `updated_at` timestamp NULL DEFAULT NULL,
  PRIMARY KEY (`id`),
  KEY `siblings_staff_id_foreign` (`staff_id`),
  KEY `siblings_ethnic_id_foreign` (`ethnic_id`),
  KEY `siblings_religion_id_foreign` (`religion_id`),
  KEY `siblings_gender_id_foreign` (`gender_id`),
  KEY `siblings_relation_id_foreign` (`relation_id`),
  CONSTRAINT `siblings_ethnic_id_foreign` FOREIGN KEY (`ethnic_id`) REFERENCES `ethnics` (`id`) ON DELETE SET NULL,
  CONSTRAINT `siblings_gender_id_foreign` FOREIGN KEY (`gender_id`) REFERENCES `genders` (`id`) ON DELETE SET NULL,
  CONSTRAINT `siblings_relation_id_foreign` FOREIGN KEY (`relation_id`) REFERENCES `relations` (`id`) ON DELETE SET NULL,
  CONSTRAINT `siblings_religion_id_foreign` FOREIGN KEY (`religion_id`) REFERENCES `religions` (`id`) ON DELETE SET NULL,
  CONSTRAINT `siblings_staff_id_foreign` FOREIGN KEY (`staff_id`) REFERENCES `staff` (`id`) ON DELETE CASCADE
) ENGINE=InnoDB AUTO_INCREMENT=41 DEFAULT CHARSET=utf8mb4 COLLATE=utf8mb4_unicode_ci;

DROP TABLE `hrmsNew`.`social_activities`;


CREATE TABLE `social_activities` (
  `id` bigint unsigned NOT NULL AUTO_INCREMENT,
  `staff_id` bigint unsigned NOT NULL,
  `particular` varchar(255) CHARACTER SET utf8mb4 COLLATE utf8mb4_unicode_ci DEFAULT NULL,
  `from_date` date NOT NULL,
  `to_date` date NOT NULL,
  `remark` varchar(255) CHARACTER SET utf8mb4 COLLATE utf8mb4_unicode_ci DEFAULT NULL,
  `created_at` timestamp NULL DEFAULT NULL,
  `updated_at` timestamp NULL DEFAULT NULL,
  PRIMARY KEY (`id`),
  KEY `social_activities_staff_id_foreign` (`staff_id`),
  CONSTRAINT `social_activities_staff_id_foreign` FOREIGN KEY (`staff_id`) REFERENCES `staff` (`id`) ON DELETE CASCADE
) ENGINE=InnoDB DEFAULT CHARSET=utf8mb4 COLLATE=utf8mb4_unicode_ci;

DROP TABLE `hrmsNew`.`spouse_father_siblings`;


CREATE TABLE `spouse_father_siblings` (
  `id` bigint unsigned NOT NULL AUTO_INCREMENT,
  `staff_id` bigint unsigned DEFAULT NULL,
  `name` varchar(255) CHARACTER SET utf8mb4 COLLATE utf8mb4_unicode_ci NOT NULL,
  `ethnic_id` bigint unsigned DEFAULT NULL,
  `religion_id` bigint unsigned DEFAULT NULL,
  `gender_id` bigint unsigned DEFAULT NULL,
  `place_of_birth` varchar(255) CHARACTER SET utf8mb4 COLLATE utf8mb4_unicode_ci NOT NULL,
  `occupation` varchar(255) CHARACTER SET utf8mb4 COLLATE utf8mb4_unicode_ci NOT NULL,
  `address` varchar(255) CHARACTER SET utf8mb4 COLLATE utf8mb4_unicode_ci NOT NULL,
  `relation_id` bigint unsigned DEFAULT NULL,
  `created_at` timestamp NULL DEFAULT NULL,
  `updated_at` timestamp NULL DEFAULT NULL,
  PRIMARY KEY (`id`),
  KEY `spouse_father_siblings_staff_id_foreign` (`staff_id`),
  KEY `spouse_father_siblings_ethnic_id_foreign` (`ethnic_id`),
  KEY `spouse_father_siblings_religion_id_foreign` (`religion_id`),
  KEY `spouse_father_siblings_gender_id_foreign` (`gender_id`),
  KEY `spouse_father_siblings_relation_id_foreign` (`relation_id`),
  CONSTRAINT `spouse_father_siblings_ethnic_id_foreign` FOREIGN KEY (`ethnic_id`) REFERENCES `ethnics` (`id`) ON DELETE SET NULL,
  CONSTRAINT `spouse_father_siblings_gender_id_foreign` FOREIGN KEY (`gender_id`) REFERENCES `genders` (`id`) ON DELETE SET NULL,
  CONSTRAINT `spouse_father_siblings_relation_id_foreign` FOREIGN KEY (`relation_id`) REFERENCES `relations` (`id`) ON DELETE SET NULL,
  CONSTRAINT `spouse_father_siblings_religion_id_foreign` FOREIGN KEY (`religion_id`) REFERENCES `religions` (`id`) ON DELETE SET NULL,
  CONSTRAINT `spouse_father_siblings_staff_id_foreign` FOREIGN KEY (`staff_id`) REFERENCES `staff` (`id`) ON DELETE CASCADE
) ENGINE=InnoDB AUTO_INCREMENT=8 DEFAULT CHARSET=utf8mb4 COLLATE=utf8mb4_unicode_ci;

DROP TABLE `hrmsNew`.`spouse_mother_siblings`;


CREATE TABLE `spouse_mother_siblings` (
  `id` bigint unsigned NOT NULL AUTO_INCREMENT,
  `staff_id` bigint unsigned DEFAULT NULL,
  `name` varchar(255) CHARACTER SET utf8mb4 COLLATE utf8mb4_unicode_ci NOT NULL,
  `ethnic_id` bigint unsigned DEFAULT NULL,
  `religion_id` bigint unsigned DEFAULT NULL,
  `gender_id` bigint unsigned DEFAULT NULL,
  `place_of_birth` varchar(255) CHARACTER SET utf8mb4 COLLATE utf8mb4_unicode_ci NOT NULL,
  `occupation` varchar(255) CHARACTER SET utf8mb4 COLLATE utf8mb4_unicode_ci NOT NULL,
  `address` varchar(255) CHARACTER SET utf8mb4 COLLATE utf8mb4_unicode_ci NOT NULL,
  `relation_id` bigint unsigned DEFAULT NULL,
  `created_at` timestamp NULL DEFAULT NULL,
  `updated_at` timestamp NULL DEFAULT NULL,
  PRIMARY KEY (`id`),
  KEY `spouse_mother_siblings_staff_id_foreign` (`staff_id`),
  KEY `spouse_mother_siblings_ethnic_id_foreign` (`ethnic_id`),
  KEY `spouse_mother_siblings_religion_id_foreign` (`religion_id`),
  KEY `spouse_mother_siblings_gender_id_foreign` (`gender_id`),
  KEY `spouse_mother_siblings_relation_id_foreign` (`relation_id`),
  CONSTRAINT `spouse_mother_siblings_ethnic_id_foreign` FOREIGN KEY (`ethnic_id`) REFERENCES `ethnics` (`id`) ON DELETE SET NULL,
  CONSTRAINT `spouse_mother_siblings_gender_id_foreign` FOREIGN KEY (`gender_id`) REFERENCES `genders` (`id`) ON DELETE SET NULL,
  CONSTRAINT `spouse_mother_siblings_relation_id_foreign` FOREIGN KEY (`relation_id`) REFERENCES `relations` (`id`) ON DELETE SET NULL,
  CONSTRAINT `spouse_mother_siblings_religion_id_foreign` FOREIGN KEY (`religion_id`) REFERENCES `religions` (`id`) ON DELETE SET NULL,
  CONSTRAINT `spouse_mother_siblings_staff_id_foreign` FOREIGN KEY (`staff_id`) REFERENCES `staff` (`id`) ON DELETE CASCADE
) ENGINE=InnoDB DEFAULT CHARSET=utf8mb4 COLLATE=utf8mb4_unicode_ci;

DROP TABLE `hrmsNew`.`spouse_siblings`;


CREATE TABLE `spouse_siblings` (
  `id` bigint unsigned NOT NULL AUTO_INCREMENT,
  `staff_id` bigint unsigned DEFAULT NULL,
  `name` varchar(255) CHARACTER SET utf8mb4 COLLATE utf8mb4_unicode_ci NOT NULL,
  `ethnic_id` bigint unsigned DEFAULT NULL,
  `religion_id` bigint unsigned DEFAULT NULL,
  `gender_id` bigint unsigned DEFAULT NULL,
  `place_of_birth` varchar(255) CHARACTER SET utf8mb4 COLLATE utf8mb4_unicode_ci NOT NULL,
  `occupation` varchar(255) CHARACTER SET utf8mb4 COLLATE utf8mb4_unicode_ci NOT NULL,
  `address` varchar(255) CHARACTER SET utf8mb4 COLLATE utf8mb4_unicode_ci NOT NULL,
  `relation_id` bigint unsigned DEFAULT NULL,
  `created_at` timestamp NULL DEFAULT NULL,
  `updated_at` timestamp NULL DEFAULT NULL,
  PRIMARY KEY (`id`),
  KEY `spouse_siblings_staff_id_foreign` (`staff_id`),
  KEY `spouse_siblings_ethnic_id_foreign` (`ethnic_id`),
  KEY `spouse_siblings_religion_id_foreign` (`religion_id`),
  KEY `spouse_siblings_gender_id_foreign` (`gender_id`),
  KEY `spouse_siblings_relation_id_foreign` (`relation_id`),
  CONSTRAINT `spouse_siblings_ethnic_id_foreign` FOREIGN KEY (`ethnic_id`) REFERENCES `ethnics` (`id`) ON DELETE SET NULL,
  CONSTRAINT `spouse_siblings_gender_id_foreign` FOREIGN KEY (`gender_id`) REFERENCES `genders` (`id`) ON DELETE SET NULL,
  CONSTRAINT `spouse_siblings_relation_id_foreign` FOREIGN KEY (`relation_id`) REFERENCES `relations` (`id`) ON DELETE SET NULL,
  CONSTRAINT `spouse_siblings_religion_id_foreign` FOREIGN KEY (`religion_id`) REFERENCES `religions` (`id`) ON DELETE SET NULL,
  CONSTRAINT `spouse_siblings_staff_id_foreign` FOREIGN KEY (`staff_id`) REFERENCES `staff` (`id`) ON DELETE CASCADE
) ENGINE=InnoDB AUTO_INCREMENT=15 DEFAULT CHARSET=utf8mb4 COLLATE=utf8mb4_unicode_ci;

DROP TABLE `hrmsNew`.`spouses`;


CREATE TABLE `spouses` (
  `id` bigint unsigned NOT NULL AUTO_INCREMENT,
  `staff_id` bigint unsigned DEFAULT NULL,
  `name` varchar(255) CHARACTER SET utf8mb4 COLLATE utf8mb4_unicode_ci NOT NULL,
  `ethnic_id` bigint unsigned DEFAULT NULL,
  `religion_id` bigint unsigned DEFAULT NULL,
  `gender_id` bigint unsigned DEFAULT NULL,
  `place_of_birth` varchar(255) CHARACTER SET utf8mb4 COLLATE utf8mb4_unicode_ci NOT NULL,
  `occupation` varchar(255) CHARACTER SET utf8mb4 COLLATE utf8mb4_unicode_ci NOT NULL,
  `address` varchar(255) CHARACTER SET utf8mb4 COLLATE utf8mb4_unicode_ci NOT NULL,
  `relation_id` bigint unsigned DEFAULT NULL,
  `remark` text CHARACTER SET utf8mb4 COLLATE utf8mb4_unicode_ci,
  `created_at` timestamp NULL DEFAULT NULL,
  `updated_at` timestamp NULL DEFAULT NULL,
  PRIMARY KEY (`id`),
  KEY `spouses_staff_id_foreign` (`staff_id`),
  KEY `spouses_ethnic_id_foreign` (`ethnic_id`),
  KEY `spouses_religion_id_foreign` (`religion_id`),
  KEY `spouses_gender_id_foreign` (`gender_id`),
  KEY `spouses_relation_id_foreign` (`relation_id`),
  CONSTRAINT `spouses_ethnic_id_foreign` FOREIGN KEY (`ethnic_id`) REFERENCES `ethnics` (`id`) ON DELETE SET NULL,
  CONSTRAINT `spouses_gender_id_foreign` FOREIGN KEY (`gender_id`) REFERENCES `genders` (`id`) ON DELETE SET NULL,
  CONSTRAINT `spouses_relation_id_foreign` FOREIGN KEY (`relation_id`) REFERENCES `relations` (`id`) ON DELETE SET NULL,
  CONSTRAINT `spouses_religion_id_foreign` FOREIGN KEY (`religion_id`) REFERENCES `religions` (`id`) ON DELETE SET NULL,
  CONSTRAINT `spouses_staff_id_foreign` FOREIGN KEY (`staff_id`) REFERENCES `staff` (`id`) ON DELETE CASCADE
) ENGINE=InnoDB AUTO_INCREMENT=8 DEFAULT CHARSET=utf8mb4 COLLATE=utf8mb4_unicode_ci;

DROP TABLE `hrmsNew`.`staff`;


CREATE TABLE `staff` (
  `id` bigint unsigned NOT NULL AUTO_INCREMENT,
  `staff_photo` text CHARACTER SET utf8mb4 COLLATE utf8mb4_unicode_ci,
  `staff_no` text CHARACTER SET utf8mb4 COLLATE utf8mb4_unicode_ci,
  `name` text CHARACTER SET utf8mb4 COLLATE utf8mb4_unicode_ci,
  `nick_name` text CHARACTER SET utf8mb4 COLLATE utf8mb4_unicode_ci,
  `other_name` text CHARACTER SET utf8mb4 COLLATE utf8mb4_unicode_ci,
  `dob` date DEFAULT NULL,
  `attendid` text CHARACTER SET utf8mb4 COLLATE utf8mb4_unicode_ci,
  `gpms_staff_no` text CHARACTER SET utf8mb4 COLLATE utf8mb4_unicode_ci,
  `spouse_name` text CHARACTER SET utf8mb4 COLLATE utf8mb4_unicode_ci,
  `gender_id` bigint unsigned DEFAULT NULL,
  `ethnic_id` bigint unsigned DEFAULT NULL,
  `religion_id` bigint unsigned DEFAULT NULL,
  `height_feet` int DEFAULT NULL,
  `height_inch` int DEFAULT NULL,
  `hair_color` text CHARACTER SET utf8mb4 COLLATE utf8mb4_unicode_ci,
  `eye_color` text CHARACTER SET utf8mb4 COLLATE utf8mb4_unicode_ci,
  `prominent_mark` text CHARACTER SET utf8mb4 COLLATE utf8mb4_unicode_ci,
  `skin_color` text CHARACTER SET utf8mb4 COLLATE utf8mb4_unicode_ci,
  `weight` text CHARACTER SET utf8mb4 COLLATE utf8mb4_unicode_ci,
  `blood_type_id` bigint unsigned DEFAULT NULL,
  `marital_status_id` bigint unsigned DEFAULT NULL,
  `place_of_birth` text CHARACTER SET utf8mb4 COLLATE utf8mb4_unicode_ci,
  `nrc_region_id_id` bigint unsigned DEFAULT NULL,
  `nrc_township_code_id` bigint unsigned DEFAULT NULL,
  `nrc_sign_id` bigint unsigned DEFAULT NULL,
  `nrc_code` text CHARACTER SET utf8mb4 COLLATE utf8mb4_unicode_ci,
  `nrc_front` text CHARACTER SET utf8mb4 COLLATE utf8mb4_unicode_ci,
  `nrc_back` text CHARACTER SET utf8mb4 COLLATE utf8mb4_unicode_ci,
  `phone` text CHARACTER SET utf8mb4 COLLATE utf8mb4_unicode_ci,
  `mobile` text CHARACTER SET utf8mb4 COLLATE utf8mb4_unicode_ci,
  `email` text CHARACTER SET utf8mb4 COLLATE utf8mb4_unicode_ci,
  `life_insurance_proposal` text CHARACTER SET utf8mb4 COLLATE utf8mb4_unicode_ci,
  `life_insurance_policy_no` text CHARACTER SET utf8mb4 COLLATE utf8mb4_unicode_ci,
  `life_insurance_premium` text CHARACTER SET utf8mb4 COLLATE utf8mb4_unicode_ci,
  `current_address_street` text CHARACTER SET utf8mb4 COLLATE utf8mb4_unicode_ci,
  `current_address_ward` text CHARACTER SET utf8mb4 COLLATE utf8mb4_unicode_ci,
  `current_address_house_no` text CHARACTER SET utf8mb4 COLLATE utf8mb4_unicode_ci,
  `current_address_township_or_town_id` bigint unsigned DEFAULT NULL,
  `current_address_district_id` bigint unsigned DEFAULT NULL,
  `current_address_region_id` bigint unsigned DEFAULT NULL,
  `permanent_address_street` text CHARACTER SET utf8mb4 COLLATE utf8mb4_unicode_ci,
  `permanent_address_ward` text CHARACTER SET utf8mb4 COLLATE utf8mb4_unicode_ci,
  `permanent_address_house_no` text CHARACTER SET utf8mb4 COLLATE utf8mb4_unicode_ci,
  `permanent_address_township_or_town_id` bigint unsigned DEFAULT NULL,
  `permanent_address_district_id` bigint unsigned DEFAULT NULL,
  `permanent_address_region_id` bigint unsigned DEFAULT NULL,
  `previous_addresses` text CHARACTER SET utf8mb4 COLLATE utf8mb4_unicode_ci,
  `military_solider_no` text CHARACTER SET utf8mb4 COLLATE utf8mb4_unicode_ci,
  `military_join_date` date DEFAULT NULL,
  `military_dsa_no` text CHARACTER SET utf8mb4 COLLATE utf8mb4_unicode_ci,
  `military_gazetted_no` text CHARACTER SET utf8mb4 COLLATE utf8mb4_unicode_ci,
  `veteran_no` text CHARACTER SET utf8mb4 COLLATE utf8mb4_unicode_ci,
  `veteran_date` date DEFAULT NULL,
  `military_gazetted_date` date DEFAULT NULL,
  `military_leave_date` date DEFAULT NULL,
  `military_leave_reason` text CHARACTER SET utf8mb4 COLLATE utf8mb4_unicode_ci,
  `military_served_army` text CHARACTER SET utf8mb4 COLLATE utf8mb4_unicode_ci,
  `military_brief_history_or_penalty` text CHARACTER SET utf8mb4 COLLATE utf8mb4_unicode_ci,
  `military_pension` varchar(255) COLLATE utf8mb4_unicode_ci DEFAULT NULL,
  `last_serve_army` text CHARACTER SET utf8mb4 COLLATE utf8mb4_unicode_ci,
  `health_condition` text CHARACTER SET utf8mb4 COLLATE utf8mb4_unicode_ci,
  `tax_exception` text CHARACTER SET utf8mb4 COLLATE utf8mb4_unicode_ci,
  `education_group_id` bigint unsigned DEFAULT NULL,
  `education_type_id` bigint unsigned DEFAULT NULL,
  `education_id` bigint unsigned DEFAULT NULL,
  `father_name` text CHARACTER SET utf8mb4 COLLATE utf8mb4_unicode_ci,
  `father_ethnic_id` bigint unsigned DEFAULT NULL,
  `father_religion_id` bigint unsigned DEFAULT NULL,
  `father_place_of_birth` text CHARACTER SET utf8mb4 COLLATE utf8mb4_unicode_ci,
  `father_occupation` text CHARACTER SET utf8mb4 COLLATE utf8mb4_unicode_ci,
  `father_address_house_no` text CHARACTER SET utf8mb4 COLLATE utf8mb4_unicode_ci,
  `father_address_street` text CHARACTER SET utf8mb4 COLLATE utf8mb4_unicode_ci,
  `father_address_ward` text CHARACTER SET utf8mb4 COLLATE utf8mb4_unicode_ci,
  `father_address_township_or_town_id` bigint unsigned DEFAULT NULL,
  `father_address_district_id` bigint unsigned DEFAULT NULL,
  `father_address_region_id` bigint unsigned DEFAULT NULL,
  `spouse_father_name` text CHARACTER SET utf8mb4 COLLATE utf8mb4_unicode_ci,
  `spouse_father_ethnic_id` bigint unsigned DEFAULT NULL,
  `spouse_father_religion_id` bigint unsigned DEFAULT NULL,
  `spouse_father_place_of_birth` text CHARACTER SET utf8mb4 COLLATE utf8mb4_unicode_ci,
  `spouse_father_occupation` text CHARACTER SET utf8mb4 COLLATE utf8mb4_unicode_ci,
  `spouse_father_address_house_no` text CHARACTER SET utf8mb4 COLLATE utf8mb4_unicode_ci,
  `spouse_father_address_street` text CHARACTER SET utf8mb4 COLLATE utf8mb4_unicode_ci,
  `spouse_father_address_ward` text CHARACTER SET utf8mb4 COLLATE utf8mb4_unicode_ci,
  `spouse_father_address_township_or_town_id` bigint unsigned DEFAULT NULL,
  `spouse_father_address_district_id` bigint unsigned DEFAULT NULL,
  `spouse_father_address_region_id` bigint unsigned DEFAULT NULL,
  `mother_name` text CHARACTER SET utf8mb4 COLLATE utf8mb4_unicode_ci,
  `mother_ethnic_id` bigint unsigned DEFAULT NULL,
  `mother_religion_id` bigint unsigned DEFAULT NULL,
  `mother_place_of_birth` text CHARACTER SET utf8mb4 COLLATE utf8mb4_unicode_ci,
  `mother_occupation` text CHARACTER SET utf8mb4 COLLATE utf8mb4_unicode_ci,
  `mother_address_house_no` text CHARACTER SET utf8mb4 COLLATE utf8mb4_unicode_ci,
  `mother_address_street` text CHARACTER SET utf8mb4 COLLATE utf8mb4_unicode_ci,
  `mother_address_ward` text CHARACTER SET utf8mb4 COLLATE utf8mb4_unicode_ci,
  `mother_address_township_or_town_id` bigint unsigned DEFAULT NULL,
  `mother_address_district_id` bigint unsigned DEFAULT NULL,
  `mother_address_region_id` bigint unsigned DEFAULT NULL,
  `spouse_mother_name` text CHARACTER SET utf8mb4 COLLATE utf8mb4_unicode_ci,
  `spouse_mother_ethnic_id` bigint unsigned DEFAULT NULL,
  `spouse_mother_religion_id` bigint unsigned DEFAULT NULL,
  `spouse_mother_place_of_birth` text CHARACTER SET utf8mb4 COLLATE utf8mb4_unicode_ci,
  `spouse_mother_occupation` text CHARACTER SET utf8mb4 COLLATE utf8mb4_unicode_ci,
  `spouse_mother_address_house_no` text CHARACTER SET utf8mb4 COLLATE utf8mb4_unicode_ci,
  `spouse_mother_address_street` text CHARACTER SET utf8mb4 COLLATE utf8mb4_unicode_ci,
  `spouse_mother_address_ward` text CHARACTER SET utf8mb4 COLLATE utf8mb4_unicode_ci,
  `spouse_mother_address_township_or_town_id` bigint unsigned DEFAULT NULL,
  `spouse_mother_address_district_id` bigint unsigned DEFAULT NULL,
  `spouse_mother_address_region_id` bigint unsigned DEFAULT NULL,
  `family_in_politics` tinyint(1) NOT NULL DEFAULT '0',
  `is_parents_citizen_when_staff_born` tinyint(1) NOT NULL DEFAULT '0',
  `current_rank_id` bigint unsigned DEFAULT NULL,
  `current_rank_date` date DEFAULT NULL,
  `current_department_id` bigint unsigned DEFAULT NULL,
  `transfer_department_id` bigint unsigned DEFAULT NULL,
  `current_division_id` bigint unsigned DEFAULT NULL,
  `transfer_remark` text CHARACTER SET utf8mb4 COLLATE utf8mb4_unicode_ci,
  `side_department_id` bigint unsigned DEFAULT NULL,
  `side_division_id` bigint unsigned DEFAULT NULL,
  `salary_paid_by` bigint unsigned DEFAULT NULL,
  `join_date` date DEFAULT NULL,
  `government_staff_started_date` date DEFAULT NULL,
  `is_newly_appointed` tinyint(1) NOT NULL DEFAULT '0',
  `is_direct_appointed` tinyint(1) NOT NULL DEFAULT '0',
  `payscale_id` bigint unsigned DEFAULT NULL,
  `current_salary` int DEFAULT NULL,
  `current_increment_time` int DEFAULT NULL,
  `last_school_name` text CHARACTER SET utf8mb4 COLLATE utf8mb4_unicode_ci,
  `last_school_subject` text CHARACTER SET utf8mb4 COLLATE utf8mb4_unicode_ci,
  `last_school_row_no` text CHARACTER SET utf8mb4 COLLATE utf8mb4_unicode_ci,
  `last_school_major` text CHARACTER SET utf8mb4 COLLATE utf8mb4_unicode_ci,
  `student_life_political_social` text CHARACTER SET utf8mb4 COLLATE utf8mb4_unicode_ci,
  `habit` text CHARACTER SET utf8mb4 COLLATE utf8mb4_unicode_ci,
  `revolution` text CHARACTER SET utf8mb4 COLLATE utf8mb4_unicode_ci,
  `transfer_reason_salary` text CHARACTER SET utf8mb4 COLLATE utf8mb4_unicode_ci,
  `during_work_political_social` text CHARACTER SET utf8mb4 COLLATE utf8mb4_unicode_ci,
  `has_military_friend` tinyint(1) DEFAULT '0',
  `foreigner_friend_name` text CHARACTER SET utf8mb4 COLLATE utf8mb4_unicode_ci,
  `foreigner_friend_occupation` text CHARACTER SET utf8mb4 COLLATE utf8mb4_unicode_ci,
  `foreigner_friend_nationality_id` bigint unsigned DEFAULT NULL,
  `foreigner_friend_country_id` bigint unsigned DEFAULT NULL,
  `foreigner_friend_how_to_know` text CHARACTER SET utf8mb4 COLLATE utf8mb4_unicode_ci,
  `recommended_by_military_person` text CHARACTER SET utf8mb4 COLLATE utf8mb4_unicode_ci,
  `is_active` tinyint(1) NOT NULL DEFAULT '1',
  `status` varchar(255) CHARACTER SET utf8mb4 COLLATE utf8mb4_unicode_ci DEFAULT NULL,
  `previous_active_status` varchar(255) CHARACTER SET utf8mb4 COLLATE utf8mb4_unicode_ci NOT NULL DEFAULT '1',
  `status_changed_at` timestamp NULL DEFAULT NULL,
  `retire_date` date DEFAULT NULL,
  `retire_type_id` bigint unsigned DEFAULT NULL,
  `lost_contact_from_date` date DEFAULT NULL,
  `retire_remark` text CHARACTER SET utf8mb4 COLLATE utf8mb4_unicode_ci,
  `pension_type_id` bigint unsigned DEFAULT NULL,
  `pension_salary` int DEFAULT NULL,
  `gratuity` int DEFAULT NULL,
  `pension_bank` text CHARACTER SET utf8mb4 COLLATE utf8mb4_unicode_ci,
  `pension_office_order` text CHARACTER SET utf8mb4 COLLATE utf8mb4_unicode_ci,
  `date_of_death` date DEFAULT NULL,
  `family_pension_inheritor` text CHARACTER SET utf8mb4 COLLATE utf8mb4_unicode_ci,
  `family_pension_inheritor_relation_id` bigint unsigned DEFAULT NULL,
  `family_pension_date` date DEFAULT NULL,
  `comment` longtext CHARACTER SET utf8mb4 COLLATE utf8mb4_unicode_ci,
  `status_id` varchar(255) CHARACTER SET utf8mb4 COLLATE utf8mb4_unicode_ci DEFAULT NULL,
  `created_at` timestamp NULL DEFAULT NULL,
  `updated_at` timestamp NULL DEFAULT NULL,
  `family_in_politics_text` longtext COLLATE utf8mb4_unicode_ci,
  PRIMARY KEY (`id`),
  KEY `staff_gender_id_foreign` (`gender_id`),
  KEY `staff_ethnic_id_foreign` (`ethnic_id`),
  KEY `staff_religion_id_foreign` (`religion_id`),
  KEY `staff_blood_type_id_foreign` (`blood_type_id`),
  KEY `staff_marital_status_id_foreign` (`marital_status_id`),
  KEY `staff_nrc_region_id_id_foreign` (`nrc_region_id_id`),
  KEY `staff_nrc_township_code_id_foreign` (`nrc_township_code_id`),
  KEY `staff_nrc_sign_id_foreign` (`nrc_sign_id`),
  KEY `staff_current_address_township_or_town_id_foreign` (`current_address_township_or_town_id`),
  KEY `staff_current_address_district_id_foreign` (`current_address_district_id`),
  KEY `staff_current_address_region_id_foreign` (`current_address_region_id`),
  KEY `staff_permanent_address_township_or_town_id_foreign` (`permanent_address_township_or_town_id`),
  KEY `staff_permanent_address_district_id_foreign` (`permanent_address_district_id`),
  KEY `staff_permanent_address_region_id_foreign` (`permanent_address_region_id`),
  KEY `staff_father_ethnic_id_foreign` (`father_ethnic_id`),
  KEY `staff_father_religion_id_foreign` (`father_religion_id`),
  KEY `staff_father_address_township_or_town_id_foreign` (`father_address_township_or_town_id`),
  KEY `staff_father_address_district_id_foreign` (`father_address_district_id`),
  KEY `staff_father_address_region_id_foreign` (`father_address_region_id`),
  KEY `staff_spouse_father_ethnic_id_foreign` (`spouse_father_ethnic_id`),
  KEY `staff_spouse_father_religion_id_foreign` (`spouse_father_religion_id`),
  KEY `staff_spouse_father_address_township_or_town_id_foreign` (`spouse_father_address_township_or_town_id`),
  KEY `staff_spouse_father_address_district_id_foreign` (`spouse_father_address_district_id`),
  KEY `staff_spouse_father_address_region_id_foreign` (`spouse_father_address_region_id`),
  KEY `staff_mother_ethnic_id_foreign` (`mother_ethnic_id`),
  KEY `staff_mother_religion_id_foreign` (`mother_religion_id`),
  KEY `staff_mother_address_township_or_town_id_foreign` (`mother_address_township_or_town_id`),
  KEY `staff_mother_address_district_id_foreign` (`mother_address_district_id`),
  KEY `staff_mother_address_region_id_foreign` (`mother_address_region_id`),
  KEY `staff_spouse_mother_ethnic_id_foreign` (`spouse_mother_ethnic_id`),
  KEY `staff_spouse_mother_religion_id_foreign` (`spouse_mother_religion_id`),
  KEY `staff_spouse_mother_address_township_or_town_id_foreign` (`spouse_mother_address_township_or_town_id`),
  KEY `staff_spouse_mother_address_district_id_foreign` (`spouse_mother_address_district_id`),
  KEY `staff_spouse_mother_address_region_id_foreign` (`spouse_mother_address_region_id`),
  KEY `staff_current_rank_id_foreign` (`current_rank_id`),
  KEY `staff_current_department_id_foreign` (`current_department_id`),
  KEY `staff_transfer_department_id_foreign` (`transfer_department_id`),
  KEY `staff_current_division_id_foreign` (`current_division_id`),
  KEY `staff_side_department_id_foreign` (`side_department_id`),
  KEY `staff_side_division_id_foreign` (`side_division_id`),
  KEY `staff_salary_paid_by_foreign` (`salary_paid_by`),
  KEY `staff_payscale_id_foreign` (`payscale_id`),
  KEY `staff_foreigner_friend_nationality_id_foreign` (`foreigner_friend_nationality_id`),
  KEY `staff_foreigner_friend_country_id_foreign` (`foreigner_friend_country_id`),
  KEY `staff_pension_type_id_foreign` (`pension_type_id`),
  KEY `staff_family_pension_inheritor_relation_id_foreign` (`family_pension_inheritor_relation_id`),
  CONSTRAINT `staff_blood_type_id_foreign` FOREIGN KEY (`blood_type_id`) REFERENCES `blood_types` (`id`) ON DELETE SET NULL,
  CONSTRAINT `staff_current_address_district_id_foreign` FOREIGN KEY (`current_address_district_id`) REFERENCES `districts` (`id`) ON DELETE SET NULL,
  CONSTRAINT `staff_current_address_region_id_foreign` FOREIGN KEY (`current_address_region_id`) REFERENCES `regions` (`id`) ON DELETE SET NULL,
  CONSTRAINT `staff_current_address_township_or_town_id_foreign` FOREIGN KEY (`current_address_township_or_town_id`) REFERENCES `townships` (`id`) ON DELETE SET NULL,
  CONSTRAINT `staff_current_department_id_foreign` FOREIGN KEY (`current_department_id`) REFERENCES `departments` (`id`) ON DELETE SET NULL,
  CONSTRAINT `staff_current_division_id_foreign` FOREIGN KEY (`current_division_id`) REFERENCES `divisions` (`id`) ON DELETE SET NULL,
  CONSTRAINT `staff_current_rank_id_foreign` FOREIGN KEY (`current_rank_id`) REFERENCES `ranks` (`id`) ON DELETE SET NULL,
  CONSTRAINT `staff_ethnic_id_foreign` FOREIGN KEY (`ethnic_id`) REFERENCES `ethnics` (`id`) ON DELETE SET NULL,
  CONSTRAINT `staff_family_pension_inheritor_relation_id_foreign` FOREIGN KEY (`family_pension_inheritor_relation_id`) REFERENCES `relations` (`id`) ON DELETE SET NULL,
  CONSTRAINT `staff_father_address_district_id_foreign` FOREIGN KEY (`father_address_district_id`) REFERENCES `districts` (`id`) ON DELETE SET NULL,
  CONSTRAINT `staff_father_address_region_id_foreign` FOREIGN KEY (`father_address_region_id`) REFERENCES `regions` (`id`) ON DELETE SET NULL,
  CONSTRAINT `staff_father_address_township_or_town_id_foreign` FOREIGN KEY (`father_address_township_or_town_id`) REFERENCES `townships` (`id`) ON DELETE SET NULL,
  CONSTRAINT `staff_father_ethnic_id_foreign` FOREIGN KEY (`father_ethnic_id`) REFERENCES `ethnics` (`id`) ON DELETE SET NULL,
  CONSTRAINT `staff_father_religion_id_foreign` FOREIGN KEY (`father_religion_id`) REFERENCES `religions` (`id`) ON DELETE SET NULL,
  CONSTRAINT `staff_foreigner_friend_country_id_foreign` FOREIGN KEY (`foreigner_friend_country_id`) REFERENCES `countries` (`id`) ON DELETE SET NULL,
  CONSTRAINT `staff_foreigner_friend_nationality_id_foreign` FOREIGN KEY (`foreigner_friend_nationality_id`) REFERENCES `nationalities` (`id`) ON DELETE SET NULL,
  CONSTRAINT `staff_gender_id_foreign` FOREIGN KEY (`gender_id`) REFERENCES `genders` (`id`) ON DELETE SET NULL,
  CONSTRAINT `staff_marital_status_id_foreign` FOREIGN KEY (`marital_status_id`) REFERENCES `marital_statuses` (`id`) ON DELETE SET NULL,
  CONSTRAINT `staff_mother_address_district_id_foreign` FOREIGN KEY (`mother_address_district_id`) REFERENCES `districts` (`id`) ON DELETE SET NULL,
  CONSTRAINT `staff_mother_address_region_id_foreign` FOREIGN KEY (`mother_address_region_id`) REFERENCES `regions` (`id`) ON DELETE SET NULL,
  CONSTRAINT `staff_mother_address_township_or_town_id_foreign` FOREIGN KEY (`mother_address_township_or_town_id`) REFERENCES `townships` (`id`) ON DELETE SET NULL,
  CONSTRAINT `staff_mother_ethnic_id_foreign` FOREIGN KEY (`mother_ethnic_id`) REFERENCES `ethnics` (`id`) ON DELETE SET NULL,
  CONSTRAINT `staff_mother_religion_id_foreign` FOREIGN KEY (`mother_religion_id`) REFERENCES `religions` (`id`) ON DELETE SET NULL,
  CONSTRAINT `staff_nrc_region_id_id_foreign` FOREIGN KEY (`nrc_region_id_id`) REFERENCES `nrc_region_ids` (`id`) ON DELETE SET NULL,
  CONSTRAINT `staff_nrc_sign_id_foreign` FOREIGN KEY (`nrc_sign_id`) REFERENCES `nrc_signs` (`id`) ON DELETE SET NULL,
  CONSTRAINT `staff_nrc_township_code_id_foreign` FOREIGN KEY (`nrc_township_code_id`) REFERENCES `nrc_township_codes` (`id`) ON DELETE SET NULL,
  CONSTRAINT `staff_payscale_id_foreign` FOREIGN KEY (`payscale_id`) REFERENCES `payscales` (`id`) ON DELETE SET NULL,
  CONSTRAINT `staff_pension_type_id_foreign` FOREIGN KEY (`pension_type_id`) REFERENCES `pension_types` (`id`) ON DELETE SET NULL,
  CONSTRAINT `staff_permanent_address_district_id_foreign` FOREIGN KEY (`permanent_address_district_id`) REFERENCES `districts` (`id`) ON DELETE SET NULL,
  CONSTRAINT `staff_permanent_address_region_id_foreign` FOREIGN KEY (`permanent_address_region_id`) REFERENCES `regions` (`id`) ON DELETE SET NULL,
  CONSTRAINT `staff_permanent_address_township_or_town_id_foreign` FOREIGN KEY (`permanent_address_township_or_town_id`) REFERENCES `townships` (`id`) ON DELETE SET NULL,
  CONSTRAINT `staff_religion_id_foreign` FOREIGN KEY (`religion_id`) REFERENCES `religions` (`id`) ON DELETE SET NULL,
  CONSTRAINT `staff_salary_paid_by_foreign` FOREIGN KEY (`salary_paid_by`) REFERENCES `departments` (`id`) ON DELETE SET NULL,
  CONSTRAINT `staff_side_department_id_foreign` FOREIGN KEY (`side_department_id`) REFERENCES `departments` (`id`) ON DELETE SET NULL,
  CONSTRAINT `staff_side_division_id_foreign` FOREIGN KEY (`side_division_id`) REFERENCES `divisions` (`id`) ON DELETE SET NULL,
  CONSTRAINT `staff_spouse_father_address_district_id_foreign` FOREIGN KEY (`spouse_father_address_district_id`) REFERENCES `districts` (`id`) ON DELETE SET NULL,
  CONSTRAINT `staff_spouse_father_address_region_id_foreign` FOREIGN KEY (`spouse_father_address_region_id`) REFERENCES `regions` (`id`) ON DELETE SET NULL,
  CONSTRAINT `staff_spouse_father_address_township_or_town_id_foreign` FOREIGN KEY (`spouse_father_address_township_or_town_id`) REFERENCES `townships` (`id`) ON DELETE SET NULL,
  CONSTRAINT `staff_spouse_father_ethnic_id_foreign` FOREIGN KEY (`spouse_father_ethnic_id`) REFERENCES `ethnics` (`id`) ON DELETE SET NULL,
  CONSTRAINT `staff_spouse_father_religion_id_foreign` FOREIGN KEY (`spouse_father_religion_id`) REFERENCES `religions` (`id`) ON DELETE SET NULL,
  CONSTRAINT `staff_spouse_mother_address_district_id_foreign` FOREIGN KEY (`spouse_mother_address_district_id`) REFERENCES `districts` (`id`) ON DELETE SET NULL,
  CONSTRAINT `staff_spouse_mother_address_region_id_foreign` FOREIGN KEY (`spouse_mother_address_region_id`) REFERENCES `regions` (`id`) ON DELETE SET NULL,
  CONSTRAINT `staff_spouse_mother_address_township_or_town_id_foreign` FOREIGN KEY (`spouse_mother_address_township_or_town_id`) REFERENCES `townships` (`id`) ON DELETE SET NULL,
  CONSTRAINT `staff_spouse_mother_ethnic_id_foreign` FOREIGN KEY (`spouse_mother_ethnic_id`) REFERENCES `ethnics` (`id`) ON DELETE SET NULL,
  CONSTRAINT `staff_spouse_mother_religion_id_foreign` FOREIGN KEY (`spouse_mother_religion_id`) REFERENCES `religions` (`id`) ON DELETE SET NULL,
  CONSTRAINT `staff_transfer_department_id_foreign` FOREIGN KEY (`transfer_department_id`) REFERENCES `departments` (`id`) ON DELETE SET NULL
) ENGINE=InnoDB AUTO_INCREMENT=10 DEFAULT CHARSET=utf8mb4 COLLATE=utf8mb4_unicode_ci;

DROP TABLE `hrmsNew`.`staff_education`;


CREATE TABLE `staff_education` (
  `id` bigint unsigned NOT NULL AUTO_INCREMENT,
  `education_group_id` bigint unsigned DEFAULT NULL,
  `education_type_id` bigint unsigned DEFAULT NULL,
  `education_id` bigint unsigned DEFAULT NULL,
  `staff_id` bigint unsigned NOT NULL,
  `created_at` timestamp NULL DEFAULT NULL,
  `updated_at` timestamp NULL DEFAULT NULL,
  `country_id` bigint unsigned NOT NULL,
  PRIMARY KEY (`id`),
  KEY `staff_education_education_group_id_foreign` (`education_group_id`),
  KEY `staff_education_education_type_id_foreign` (`education_type_id`),
  KEY `staff_education_education_id_foreign` (`education_id`),
  KEY `staff_education_staff_id_foreign` (`staff_id`),
  CONSTRAINT `staff_education_education_group_id_foreign` FOREIGN KEY (`education_group_id`) REFERENCES `education_groups` (`id`) ON DELETE SET NULL,
  CONSTRAINT `staff_education_education_id_foreign` FOREIGN KEY (`education_id`) REFERENCES `education` (`id`) ON DELETE SET NULL,
  CONSTRAINT `staff_education_education_type_id_foreign` FOREIGN KEY (`education_type_id`) REFERENCES `education_types` (`id`) ON DELETE SET NULL,
  CONSTRAINT `staff_education_staff_id_foreign` FOREIGN KEY (`staff_id`) REFERENCES `staff` (`id`) ON DELETE CASCADE
) ENGINE=InnoDB AUTO_INCREMENT=64 DEFAULT CHARSET=utf8mb4 COLLATE=utf8mb4_unicode_ci;

DROP TABLE `hrmsNew`.`staff_languages`;


CREATE TABLE `staff_languages` (
  `id` bigint unsigned NOT NULL AUTO_INCREMENT,
  `staff_id` bigint unsigned NOT NULL,
  `language_id` bigint unsigned NOT NULL,
  `rank` varchar(255) CHARACTER SET utf8mb4 COLLATE utf8mb4_unicode_ci NOT NULL,
  `writing` varchar(255) CHARACTER SET utf8mb4 COLLATE utf8mb4_unicode_ci DEFAULT NULL,
  `reading` varchar(255) CHARACTER SET utf8mb4 COLLATE utf8mb4_unicode_ci DEFAULT NULL,
  `speaking` varchar(255) CHARACTER SET utf8mb4 COLLATE utf8mb4_unicode_ci DEFAULT NULL,
  `remark` varchar(255) CHARACTER SET utf8mb4 COLLATE utf8mb4_unicode_ci DEFAULT NULL,
  `created_at` timestamp NULL DEFAULT NULL,
  `updated_at` timestamp NULL DEFAULT NULL,
  PRIMARY KEY (`id`),
  KEY `staff_languages_staff_id_foreign` (`staff_id`),
  KEY `staff_languages_language_id_foreign` (`language_id`),
  CONSTRAINT `staff_languages_language_id_foreign` FOREIGN KEY (`language_id`) REFERENCES `languages` (`id`) ON DELETE CASCADE,
  CONSTRAINT `staff_languages_staff_id_foreign` FOREIGN KEY (`staff_id`) REFERENCES `staff` (`id`) ON DELETE CASCADE
) ENGINE=InnoDB DEFAULT CHARSET=utf8mb4 COLLATE=utf8mb4_unicode_ci;

DROP TABLE `hrmsNew`.`staff_types`;


CREATE TABLE `staff_types` (
  `id` bigint unsigned NOT NULL AUTO_INCREMENT,
  `name` varchar(255) CHARACTER SET utf8mb4 COLLATE utf8mb4_unicode_ci NOT NULL,
  `created_at` timestamp NULL DEFAULT NULL,
  `updated_at` timestamp NULL DEFAULT NULL,
  PRIMARY KEY (`id`)
) ENGINE=InnoDB AUTO_INCREMENT=4 DEFAULT CHARSET=utf8mb4 COLLATE=utf8mb4_unicode_ci;

DROP TABLE `hrmsNew`.`statuses`;


CREATE TABLE `statuses` (
  `id` bigint unsigned NOT NULL AUTO_INCREMENT,
  `name` varchar(255) CHARACTER SET utf8mb4 COLLATE utf8mb4_unicode_ci NOT NULL,
  `created_at` timestamp NULL DEFAULT NULL,
  `updated_at` timestamp NULL DEFAULT NULL,
  PRIMARY KEY (`id`)
) ENGINE=InnoDB AUTO_INCREMENT=31 DEFAULT CHARSET=utf8mb4 COLLATE=utf8mb4_unicode_ci;

DROP TABLE `hrmsNew`.`townships`;


CREATE TABLE `townships` (
  `id` bigint unsigned NOT NULL AUTO_INCREMENT,
  `name` varchar(255) CHARACTER SET utf8mb4 COLLATE utf8mb4_unicode_ci NOT NULL,
  `district_id` bigint unsigned DEFAULT NULL,
  `region_id` bigint unsigned DEFAULT NULL,
  `created_at` timestamp NULL DEFAULT NULL,
  `updated_at` timestamp NULL DEFAULT NULL,
  PRIMARY KEY (`id`),
  KEY `townships_district_id_foreign` (`district_id`),
  KEY `townships_region_id_foreign` (`region_id`),
  CONSTRAINT `townships_district_id_foreign` FOREIGN KEY (`district_id`) REFERENCES `districts` (`id`) ON DELETE SET NULL,
  CONSTRAINT `townships_region_id_foreign` FOREIGN KEY (`region_id`) REFERENCES `regions` (`id`) ON DELETE SET NULL
) ENGINE=InnoDB AUTO_INCREMENT=331 DEFAULT CHARSET=utf8mb4 COLLATE=utf8mb4_unicode_ci;

DROP TABLE `hrmsNew`.`training_locations`;


CREATE TABLE `training_locations` (
  `id` bigint unsigned NOT NULL AUTO_INCREMENT,
  `name` varchar(255) CHARACTER SET utf8mb4 COLLATE utf8mb4_unicode_ci NOT NULL,
  `created_at` timestamp NULL DEFAULT NULL,
  `updated_at` timestamp NULL DEFAULT NULL,
  PRIMARY KEY (`id`)
) ENGINE=InnoDB AUTO_INCREMENT=3 DEFAULT CHARSET=utf8mb4 COLLATE=utf8mb4_unicode_ci;

DROP TABLE `hrmsNew`.`training_types`;


CREATE TABLE `training_types` (
  `id` bigint unsigned NOT NULL AUTO_INCREMENT,
  `name` varchar(255) CHARACTER SET utf8mb4 COLLATE utf8mb4_unicode_ci NOT NULL,
  `created_at` timestamp NULL DEFAULT NULL,
  `updated_at` timestamp NULL DEFAULT NULL,
  PRIMARY KEY (`id`)
) ENGINE=InnoDB AUTO_INCREMENT=33 DEFAULT CHARSET=utf8mb4 COLLATE=utf8mb4_unicode_ci;

DROP TABLE `hrmsNew`.`trainings`;


CREATE TABLE `trainings` (
  `id` bigint unsigned NOT NULL AUTO_INCREMENT,
  `staff_id` bigint unsigned DEFAULT NULL,
  `training_type_id` bigint unsigned DEFAULT NULL,
  `diploma_name` varchar(255) CHARACTER SET utf8mb4 COLLATE utf8mb4_unicode_ci DEFAULT NULL,
  `fees` varchar(255) COLLATE utf8mb4_unicode_ci DEFAULT NULL,
  `from_date` date NOT NULL,
  `to_date` date NOT NULL,
  `location` varchar(255) CHARACTER SET utf8mb4 COLLATE utf8mb4_unicode_ci DEFAULT NULL,
  `country_id` bigint unsigned DEFAULT NULL,
  `training_location_id` bigint unsigned DEFAULT NULL,
  `remark` varchar(255) CHARACTER SET utf8mb4 COLLATE utf8mb4_unicode_ci DEFAULT NULL,
  `created_at` timestamp NULL DEFAULT NULL,
  `updated_at` timestamp NULL DEFAULT NULL,
  `batch` longtext COLLATE utf8mb4_unicode_ci,
  PRIMARY KEY (`id`),
  KEY `trainings_staff_id_foreign` (`staff_id`),
  KEY `trainings_training_type_id_foreign` (`training_type_id`),
  KEY `trainings_country_id_foreign` (`country_id`),
  KEY `trainings_training_location_id_foreign` (`training_location_id`),
  CONSTRAINT `trainings_country_id_foreign` FOREIGN KEY (`country_id`) REFERENCES `countries` (`id`) ON DELETE SET NULL,
  CONSTRAINT `trainings_staff_id_foreign` FOREIGN KEY (`staff_id`) REFERENCES `staff` (`id`) ON DELETE CASCADE,
  CONSTRAINT `trainings_training_location_id_foreign` FOREIGN KEY (`training_location_id`) REFERENCES `training_locations` (`id`) ON DELETE SET NULL,
  CONSTRAINT `trainings_training_type_id_foreign` FOREIGN KEY (`training_type_id`) REFERENCES `training_types` (`id`) ON DELETE SET NULL
) ENGINE=InnoDB AUTO_INCREMENT=96 DEFAULT CHARSET=utf8mb4 COLLATE=utf8mb4_unicode_ci;

DROP TABLE `hrmsNew`.`users`;


CREATE TABLE `users` (
  `id` bigint unsigned NOT NULL AUTO_INCREMENT,
  `avatar` varchar(255) CHARACTER SET utf8mb4 COLLATE utf8mb4_unicode_ci DEFAULT NULL,
  `name` varchar(255) CHARACTER SET utf8mb4 COLLATE utf8mb4_unicode_ci NOT NULL,
  `password` varchar(255) CHARACTER SET utf8mb4 COLLATE utf8mb4_unicode_ci NOT NULL,
  `division_id` bigint unsigned DEFAULT NULL,
  `status` tinyint(1) DEFAULT '0',
  `role_id` bigint unsigned DEFAULT NULL,
  `email` varchar(255) CHARACTER SET utf8mb4 COLLATE utf8mb4_unicode_ci NOT NULL,
  `email_verified_at` timestamp NULL DEFAULT NULL,
  `remember_token` varchar(100) CHARACTER SET utf8mb4 COLLATE utf8mb4_unicode_ci DEFAULT NULL,
  `created_at` timestamp NULL DEFAULT NULL,
  `updated_at` timestamp NULL DEFAULT NULL,
  PRIMARY KEY (`id`),
  UNIQUE KEY `users_email_unique` (`email`),
  KEY `users_role_id_foreign` (`role_id`),
  CONSTRAINT `users_role_id_foreign` FOREIGN KEY (`role_id`) REFERENCES `roles` (`id`) ON DELETE SET NULL
) ENGINE=InnoDB AUTO_INCREMENT=3 DEFAULT CHARSET=utf8mb4 COLLATE=utf8mb4_unicode_ci;

INSERT INTO `hrmsNew`.`abroads` (`id`, `staff_id`, `country_id`, `particular`, `training_success_fail`, `training_success_count`, `sponser`, `meet_with`, `from_date`, `to_date`, `status`, `actual_abroad_date`, `position`, `created_at`, `updated_at`) VALUES 
(153, 8, 173, '    ', 0, '', '', 'ITD Thailand', '2007-07-09', '2007-07-12', 4, '2024-12-09', '-', '2024-12-09 09:11:48', '2024-12-09 09:11:48'),
(154, 8, 153, '  ', 0, '', '', 'IE Singapore', '2008-08-01', '2008-08-07', 4, '2024-12-09', '-', '2024-12-09 09:11:48', '2024-12-09 09:11:48'),
(155, 8, 37, '   ', 0, '', '', 'WTO', '2010-07-16', '2010-07-22', 4, '2024-12-09', '-', '2024-12-09 09:11:48', '2024-12-09 09:11:48'),
(156, 8, 169, '   ', 0, '', '', 'WTO', '2010-10-24', '2013-02-02', 4, '2024-12-09', '-', '2024-12-09 09:11:48', '2024-12-09 09:11:48'),
(157, 8, 153, '  ', 0, '', '', 'LKYSPP, NUS', '2013-10-17', '2013-10-18', 4, '2024-12-09', '', '2024-12-09 09:11:48', '2024-12-09 09:11:48'),
(158, 8, 153, ' ', 0, '', '', 'LKYSPP, NUS', '2014-06-26', '2015-07-26', 4, '2024-12-09', '', '2024-12-09 09:11:48', '2024-12-09 09:11:48'),
(159, 8, 191, '   ', 0, '', '', 'ASEAN, Secretariat, OECD', '2016-06-12', '2016-06-15', 4, '2024-12-09', '', '2024-12-09 09:11:48', '2024-12-09 09:11:48'),
(160, 8, 162, '()    ', 0, '', '', 'Investment Board of Srilanka', '2016-11-07', '2016-11-10', 4, '2024-12-09', '', '2024-12-09 09:11:48', '2024-12-09 09:11:48'),
(161, 8, 173, '    ', 0, '', '', 'Thai Chinese Promotion of Investment and Trade Association', '2017-07-24', '2017-07-28', 4, '2024-12-09', '', '2024-12-09 09:11:48', '2024-12-09 09:11:48'),
(162, 8, 103, ' Doing Business ', 0, '', '', 'PEMUDAH, MIDA', '2017-09-04', '2017-09-08', 4, '2024-12-09', '', '2024-12-09 09:11:48', '2024-12-09 09:11:48'),
(163, 8, 37, '()  -     ()  -   ', 0, '', '', 'JBTCCC', '2017-12-26', '2017-12-30', 4, '2024-12-09', '', '2024-12-09 09:11:48', '2024-12-09 09:11:48'),
(164, 8, 37, '() -  Senior Official Meeting (SOM)  ', 0, '', '', 'CA-Expo', '2018-03-12', '2018-03-17', 4, '2024-12-09', '', '2024-12-09 09:11:48', '2024-12-09 09:11:48'),
(165, 8, 191, '    ', 0, '', '', 'Biz Well Business Centre', '2018-04-23', '2018-04-23', 4, '2024-12-09', '', '2024-12-09 09:11:48', '2024-12-09 09:11:48'),
(166, 8, 169, '    ', 0, '', '', 'World Trade Institute- WTI', '2018-07-16', '2018-07-20', 4, '2024-12-09', '', '2024-12-09 09:11:48', '2024-12-09 09:11:48'),
(167, 8, 37, '        ', 0, '', '', 'China Council for the Promotion of International Trade (CCPIT)', '2018-11-05', '2018-11-10', 4, '2024-12-09', '', '2024-12-09 09:11:48', '2024-12-09 09:11:48'),
(168, 8, 85, '  6th Myanmar Investment Forum and Industrial Familiarization Program  ', 0, '', '', 'ASEAN-Japan Centre', '2019-02-11', '2019-02-15', 4, '2024-12-09', '', '2024-12-09 09:11:48', '2024-12-09 09:11:48'),
(169, 8, 159, 'Myanmar Investment Seminar for Korean SMEs  Korean Fintech Week 2019   ', 0, '', '', 'Financial Services Commission- FSC', '2019-05-22', '2019-05-24', 4, '2024-12-09', '', '2024-12-09 09:11:48', '2024-12-09 09:11:48'),
(170, 8, 153, '     ', 0, '', '', 'Temasek Foundation', '2019-09-20', '2019-09-21', 4, '2024-12-09', '', '2024-12-09 09:11:48', '2024-12-09 09:11:48'),
(171, 8, 60, '     Belt and Road Summit', 0, '', '', 'French Develop- ment Agency (AFD)', '2019-11-17', '2019-11-22', 4, '2024-12-09', '', '2024-12-09 09:11:48', '2024-12-09 09:11:48'),
(172, 8, 173, '     ', 0, '', '', 'Amata Industrial Estate', '2019-12-11', '2019-12-14', 4, '2024-12-09', '', '2024-12-09 09:11:48', '2024-12-09 09:11:48'),
(173, 8, 191, '   Mr.Pham Hung Tam   ', 0, '', '', 'Mr.Pham Hung Tam', '2023-08-14', '2023-08-16', 4, '2024-12-09', '', '2024-12-09 09:11:48', '2024-12-09 09:11:48'),
(174, 8, 37, '      ', 0, '', '', '  China Railway Eryuan Engineering Group Co., Ltd.', '2024-10-23', '2024-11-05', 4, '2024-12-09', '', '2024-12-09 09:11:48', '2024-12-09 09:11:48');

INSERT INTO `hrmsNew`.`award_types` (`id`, `name`, `created_at`, `updated_at`) VALUES 
(1, '', '2024-12-09 04:07:02', '2024-12-09 04:07:02'),
(2, '', '2024-12-09 04:07:02', '2024-12-09 04:07:02'),
(3, '  ', '2024-12-09 04:07:02', '2024-12-09 04:07:02'),
(4, '   ', '2024-12-09 04:07:02', '2024-12-09 04:07:02'),
(5, '', '2024-12-09 04:07:02', '2024-12-09 04:07:02'),
(6, '', '2024-12-09 04:07:02', '2024-12-09 04:07:02'),
(7, '', '2024-12-09 04:07:02', '2024-12-09 04:07:02'),
(8, '//', '2024-12-09 04:07:02', '2024-12-09 04:07:02');

INSERT INTO `hrmsNew`.`awardings` (`id`, `staff_id`, `award_type_id`, `award_id`, `order_no`, `order_date`, `remark`, `created_at`, `updated_at`) VALUES 
(1, 6, 5, 28, '/ ()', '2017-01-04', '-', '2024-12-02 08:54:58', '2024-12-02 08:54:58'),
(43, 8, 5, 27, '--   (/)', '2015-01-30', NULL, '2024-12-09 09:11:48', '2024-12-09 09:11:48'),
(44, 8, 5, 28, ' --   (/) ()', '2020-01-04', NULL, '2024-12-09 09:11:48', '2024-12-09 09:11:48');

INSERT INTO `hrmsNew`.`awards` (`id`, `name`, `staff_id`, `award_type_id`, `order_no`, `order_date`, `created_at`, `updated_at`) VALUES 
(1, '', NULL, 1, NULL, NULL, '2024-12-09 04:07:02', '2024-12-09 04:07:02'),
(2, '', NULL, 1, NULL, NULL, '2024-12-09 04:07:02', '2024-12-09 04:07:02'),
(3, '', NULL, 1, NULL, NULL, '2024-12-09 04:07:02', '2024-12-09 04:07:02'),
(4, '', NULL, 2, NULL, NULL, '2024-12-09 04:07:02', '2024-12-09 04:07:02'),
(5, '', NULL, 2, NULL, NULL, '2024-12-09 04:07:02', '2024-12-09 04:07:02'),
(6, '', NULL, 2, NULL, NULL, '2024-12-09 04:07:02', '2024-12-09 04:07:02'),
(7, '', NULL, 2, NULL, NULL, '2024-12-09 04:07:02', '2024-12-09 04:07:02'),
(8, '', NULL, 2, NULL, NULL, '2024-12-09 04:07:02', '2024-12-09 04:07:02'),
(9, '', NULL, 3, NULL, NULL, '2024-12-09 04:07:02', '2024-12-09 04:07:02'),
(10, '', NULL, 3, NULL, NULL, '2024-12-09 04:07:02', '2024-12-09 04:07:02'),
(11, '', NULL, 3, NULL, NULL, '2024-12-09 04:07:02', '2024-12-09 04:07:02'),
(12, '', NULL, 3, NULL, NULL, '2024-12-09 04:07:02', '2024-12-09 04:07:02'),
(13, '', NULL, 3, NULL, NULL, '2024-12-09 04:07:02', '2024-12-09 04:07:02'),
(14, '', NULL, 3, NULL, NULL, '2024-12-09 04:07:02', '2024-12-09 04:07:02'),
(15, '', NULL, 3, NULL, NULL, '2024-12-09 04:07:02', '2024-12-09 04:07:02'),
(16, '', NULL, 3, NULL, NULL, '2024-12-09 04:07:02', '2024-12-09 04:07:02'),
(17, '', NULL, 3, NULL, NULL, '2024-12-09 04:07:02', '2024-12-09 04:07:02'),
(18, '', NULL, 4, NULL, NULL, '2024-12-09 04:07:02', '2024-12-09 04:07:02'),
(19, '', NULL, 4, NULL, NULL, '2024-12-09 04:07:02', '2024-12-09 04:07:02'),
(20, '', NULL, 4, NULL, NULL, '2024-12-09 04:07:02', '2024-12-09 04:07:02'),
(21, '', NULL, 4, NULL, NULL, '2024-12-09 04:07:02', '2024-12-09 04:07:02'),
(22, '', NULL, 4, NULL, NULL, '2024-12-09 04:07:02', '2024-12-09 04:07:02'),
(23, '', NULL, 4, NULL, NULL, '2024-12-09 04:07:02', '2024-12-09 04:07:02'),
(24, '', NULL, 4, NULL, NULL, '2024-12-09 04:07:02', '2024-12-09 04:07:02'),
(25, '', NULL, 4, NULL, NULL, '2024-12-09 04:07:02', '2024-12-09 04:07:02'),
(26, '', NULL, 5, NULL, NULL, '2024-12-09 04:07:02', '2024-12-09 04:07:02'),
(27, '', NULL, 5, NULL, NULL, '2024-12-09 04:07:02', '2024-12-09 04:07:02'),
(28, ' ', NULL, 5, NULL, NULL, '2024-12-09 04:07:02', '2024-12-09 04:07:02'),
(29, '', NULL, 5, NULL, NULL, '2024-12-09 04:07:02', '2024-12-09 04:07:02'),
(30, '()', NULL, 5, NULL, NULL, '2024-12-09 04:07:02', '2024-12-09 04:07:02'),
(31, '()', NULL, 5, NULL, NULL, '2024-12-09 04:07:02', '2024-12-09 04:07:02'),
(32, '()', NULL, 5, NULL, NULL, '2024-12-09 04:07:02', '2024-12-09 04:07:02'),
(33, '()', NULL, 5, NULL, NULL, '2024-12-09 04:07:02', '2024-12-09 04:07:02'),
(34, '()', NULL, 5, NULL, NULL, '2024-12-09 04:07:03', '2024-12-09 04:07:03'),
(35, '()', NULL, 5, NULL, NULL, '2024-12-09 04:07:03', '2024-12-09 04:07:03'),
(36, '()', NULL, 6, NULL, NULL, '2024-12-09 04:07:03', '2024-12-09 04:07:03'),
(37, '()', NULL, 6, NULL, NULL, '2024-12-09 04:07:03', '2024-12-09 04:07:03'),
(38, '()', NULL, 6, NULL, NULL, '2024-12-09 04:07:03', '2024-12-09 04:07:03'),
(39, '()', NULL, 6, NULL, NULL, '2024-12-09 04:07:03', '2024-12-09 04:07:03'),
(40, '()', NULL, 6, NULL, NULL, '2024-12-09 04:07:03', '2024-12-09 04:07:03'),
(41, '()', NULL, 6, NULL, NULL, '2024-12-09 04:07:03', '2024-12-09 04:07:03'),
(42, '()', NULL, 6, NULL, NULL, '2024-12-09 04:07:03', '2024-12-09 04:07:03'),
(43, '()', NULL, 6, NULL, NULL, '2024-12-09 04:07:03', '2024-12-09 04:07:03'),
(44, '()', NULL, 6, NULL, NULL, '2024-12-09 04:07:03', '2024-12-09 04:07:03'),
(45, '()', NULL, 6, NULL, NULL, '2024-12-09 04:07:03', '2024-12-09 04:07:03'),
(46, '()', NULL, 6, NULL, NULL, '2024-12-09 04:07:03', '2024-12-09 04:07:03'),
(47, '()', NULL, 6, NULL, NULL, '2024-12-09 04:07:03', '2024-12-09 04:07:03'),
(48, '()', NULL, 7, NULL, NULL, '2024-12-09 04:07:03', '2024-12-09 04:07:03'),
(49, '()', NULL, 7, NULL, NULL, '2024-12-09 04:07:03', '2024-12-09 04:07:03'),
(50, '()', NULL, 7, NULL, NULL, '2024-12-09 04:07:03', '2024-12-09 04:07:03'),
(51, '()', NULL, 7, NULL, NULL, '2024-12-09 04:07:03', '2024-12-09 04:07:03'),
(52, '()', NULL, 7, NULL, NULL, '2024-12-09 04:07:03', '2024-12-09 04:07:03'),
(53, '()', NULL, 7, NULL, NULL, '2024-12-09 04:07:03', '2024-12-09 04:07:03'),
(54, '()', NULL, 7, NULL, NULL, '2024-12-09 04:07:03', '2024-12-09 04:07:03'),
(55, '()', NULL, 7, NULL, NULL, '2024-12-09 04:07:03', '2024-12-09 04:07:03'),
(56, '()', NULL, 7, NULL, NULL, '2024-12-09 04:07:03', '2024-12-09 04:07:03'),
(57, '()', NULL, 7, NULL, NULL, '2024-12-09 04:07:03', '2024-12-09 04:07:03'),
(58, '()', NULL, 7, NULL, NULL, '2024-12-09 04:07:03', '2024-12-09 04:07:03'),
(59, '()', NULL, 7, NULL, NULL, '2024-12-09 04:07:03', '2024-12-09 04:07:03'),
(60, '()', NULL, 7, NULL, NULL, '2024-12-09 04:07:03', '2024-12-09 04:07:03'),
(61, '()', NULL, 7, NULL, NULL, '2024-12-09 04:07:03', '2024-12-09 04:07:03'),
(62, '()', NULL, 7, NULL, NULL, '2024-12-09 04:07:03', '2024-12-09 04:07:03'),
(63, '()', NULL, 7, NULL, NULL, '2024-12-09 04:07:03', '2024-12-09 04:07:03'),
(64, '()', NULL, 7, NULL, NULL, '2024-12-09 04:07:03', '2024-12-09 04:07:03'),
(65, '()', NULL, 7, NULL, NULL, '2024-12-09 04:07:03', '2024-12-09 04:07:03');

INSERT INTO `hrmsNew`.`blood_types` (`id`, `name`, `created_at`, `updated_at`) VALUES 
(1, 'A', '2024-12-09 04:07:05', '2024-12-09 04:07:05'),
(2, 'A+', '2024-12-09 04:07:05', '2024-12-09 04:07:05'),
(3, 'A-', '2024-12-09 04:07:05', '2024-12-09 04:07:05'),
(4, 'B', '2024-12-09 04:07:05', '2024-12-09 04:07:05'),
(5, 'B+', '2024-12-09 04:07:05', '2024-12-09 04:07:05'),
(6, 'B-', '2024-12-09 04:07:05', '2024-12-09 04:07:05'),
(7, 'O', '2024-12-09 04:07:05', '2024-12-09 04:07:05'),
(8, 'O+', '2024-12-09 04:07:05', '2024-12-09 04:07:05'),
(9, 'O-', '2024-12-09 04:07:05', '2024-12-09 04:07:05'),
(10, 'AB', '2024-12-09 04:07:05', '2024-12-09 04:07:05'),
(11, 'AB+', '2024-12-09 04:07:05', '2024-12-09 04:07:05'),
(12, 'AB-', '2024-12-09 04:07:05', '2024-12-09 04:07:05');

INSERT INTO `hrmsNew`.`cache` (`key`, `value`, `expiration`) VALUES 
('77de68daecd823babbb58edb1c8e14d7106e83bb', 'i:1;', 1733123400),
('77de68daecd823babbb58edb1c8e14d7106e83bb:timer', 'i:1733123400;', 1733123400),
('da4b9237bacccdf19c0760cab7aec4a8359010b0', 'i:1;', 1733817909),
('da4b9237bacccdf19c0760cab7aec4a8359010b0:timer', 'i:1733817909;', 1733817909),
('user@gmail.com|172.16.11.104', 'i:1;', 1733133665),
('user@gmail.com|172.16.11.104:timer', 'i:1733133665;', 1733133665),
('user@gmail.com|172.16.11.105', 'i:1;', 1733718359),
('user@gmail.com|172.16.11.105:timer', 'i:1733718359;', 1733718359),
('user@gmail.com|172.16.11.106', 'i:1;', 1733721349),
('user@gmail.com|172.16.11.106:timer', 'i:1733721349;', 1733721349),
('user@gmail.com|172.16.11.107', 'i:2;', 1733721019),
('user@gmail.com|172.16.11.107:timer', 'i:1733721019;', 1733721019);

INSERT INTO `hrmsNew`.`childrens` (`id`, `staff_id`, `name`, `ethnic_id`, `religion_id`, `gender_id`, `place_of_birth`, `occupation`, `address`, `relation_id`, `created_at`, `updated_at`) VALUES (7, 8, ' ', 136, 1, 1, '', '', '()  DICA   ', 3, '2024-12-09 05:07:55', '2024-12-09 05:07:55');

INSERT INTO `hrmsNew`.`countries` (`id`, `name`, `created_at`, `updated_at`) VALUES 
(1, 'Afghanistan', '2024-12-09 04:06:58', '2024-12-09 04:06:58'),
(2, 'Albania', '2024-12-09 04:06:58', '2024-12-09 04:06:58'),
(3, 'Algeria', '2024-12-09 04:06:58', '2024-12-09 04:06:58'),
(4, 'Andorra', '2024-12-09 04:06:58', '2024-12-09 04:06:58'),
(5, 'Angola', '2024-12-09 04:06:58', '2024-12-09 04:06:58'),
(6, 'Antigua and Barbuda', '2024-12-09 04:06:58', '2024-12-09 04:06:58'),
(7, 'Argentina', '2024-12-09 04:06:58', '2024-12-09 04:06:58'),
(8, 'Armenia', '2024-12-09 04:06:58', '2024-12-09 04:06:58'),
(9, 'Australia', '2024-12-09 04:06:58', '2024-12-09 04:06:58'),
(10, 'Austria', '2024-12-09 04:06:58', '2024-12-09 04:06:58'),
(11, 'Azerbaijan', '2024-12-09 04:06:58', '2024-12-09 04:06:58'),
(12, 'Bahamas', '2024-12-09 04:06:58', '2024-12-09 04:06:58'),
(13, 'Bahrain', '2024-12-09 04:06:58', '2024-12-09 04:06:58'),
(14, 'Bangladesh', '2024-12-09 04:06:58', '2024-12-09 04:06:58'),
(15, 'Barbados', '2024-12-09 04:06:58', '2024-12-09 04:06:58'),
(16, 'Belarus', '2024-12-09 04:06:58', '2024-12-09 04:06:58'),
(17, 'Belgium', '2024-12-09 04:06:58', '2024-12-09 04:06:58'),
(18, 'Belize', '2024-12-09 04:06:58', '2024-12-09 04:06:58'),
(19, 'Benin', '2024-12-09 04:06:58', '2024-12-09 04:06:58'),
(20, 'Bhutan', '2024-12-09 04:06:58', '2024-12-09 04:06:58'),
(21, 'Bolivia', '2024-12-09 04:06:58', '2024-12-09 04:06:58'),
(22, 'Bosnia and Herzegovina', '2024-12-09 04:06:58', '2024-12-09 04:06:58'),
(23, 'Botswana', '2024-12-09 04:06:58', '2024-12-09 04:06:58'),
(24, 'Brazil', '2024-12-09 04:06:58', '2024-12-09 04:06:58'),
(25, 'Brunei', '2024-12-09 04:06:58', '2024-12-09 04:06:58'),
(26, 'Bulgaria', '2024-12-09 04:06:58', '2024-12-09 04:06:58'),
(27, 'Burkina Faso', '2024-12-09 04:06:58', '2024-12-09 04:06:58'),
(28, 'Myanmar', '2024-12-09 04:06:58', '2024-12-09 05:53:07'),
(29, 'Burundi', '2024-12-09 04:06:58', '2024-12-09 04:06:58'),
(30, 'Cambodia', '2024-12-09 04:06:58', '2024-12-09 04:06:58'),
(31, 'Cameroon', '2024-12-09 04:06:58', '2024-12-09 04:06:58'),
(32, 'Canada', '2024-12-09 04:06:58', '2024-12-09 04:06:58'),
(33, 'Cape Verde', '2024-12-09 04:06:58', '2024-12-09 04:06:58'),
(34, 'Central African Republic', '2024-12-09 04:06:58', '2024-12-09 04:06:58'),
(35, 'Chad', '2024-12-09 04:06:58', '2024-12-09 04:06:58'),
(36, 'Chile', '2024-12-09 04:06:58', '2024-12-09 04:06:58'),
(37, 'China', '2024-12-09 04:06:58', '2024-12-09 04:06:58'),
(38, 'Colombia', '2024-12-09 04:06:58', '2024-12-09 04:06:58'),
(39, 'Comoros', '2024-12-09 04:06:58', '2024-12-09 04:06:58'),
(40, 'Costa Rica', '2024-12-09 04:06:58', '2024-12-09 04:06:58'),
(41, 'Croatia', '2024-12-09 04:06:58', '2024-12-09 04:06:58'),
(42, 'Cuba', '2024-12-09 04:06:58', '2024-12-09 04:06:58'),
(43, 'Cyprus', '2024-12-09 04:06:58', '2024-12-09 04:06:58'),
(44, 'Czech Republic', '2024-12-09 04:06:58', '2024-12-09 04:06:58'),
(45, 'Democratic Republic of Congo', '2024-12-09 04:06:58', '2024-12-09 04:06:58'),
(46, 'Denmark', '2024-12-09 04:06:58', '2024-12-09 04:06:58'),
(47, 'Djibouti', '2024-12-09 04:06:58', '2024-12-09 04:06:58'),
(48, 'Dominica', '2024-12-09 04:06:58', '2024-12-09 04:06:58'),
(49, 'Dominican Republic', '2024-12-09 04:06:58', '2024-12-09 04:06:58'),
(50, 'East Timor', '2024-12-09 04:06:58', '2024-12-09 04:06:58'),
(51, 'Ecuador', '2024-12-09 04:06:58', '2024-12-09 04:06:58'),
(52, 'Egypt', '2024-12-09 04:06:58', '2024-12-09 04:06:58'),
(53, 'El Salvador', '2024-12-09 04:06:58', '2024-12-09 04:06:58'),
(54, 'Equatorial Guinea', '2024-12-09 04:06:58', '2024-12-09 04:06:58'),
(55, 'Eritrea', '2024-12-09 04:06:58', '2024-12-09 04:06:58'),
(56, 'Estonia', '2024-12-09 04:06:58', '2024-12-09 04:06:58'),
(57, 'Ethiopia', '2024-12-09 04:06:58', '2024-12-09 04:06:58'),
(58, 'Fiji', '2024-12-09 04:06:58', '2024-12-09 04:06:58'),
(59, 'Finland', '2024-12-09 04:06:58', '2024-12-09 04:06:58'),
(60, 'France', '2024-12-09 04:06:58', '2024-12-09 04:06:58'),
(61, 'Gabon', '2024-12-09 04:06:58', '2024-12-09 04:06:58'),
(62, 'Gambia', '2024-12-09 04:06:58', '2024-12-09 04:06:58'),
(63, 'Georgia', '2024-12-09 04:06:58', '2024-12-09 04:06:58'),
(64, 'Germany', '2024-12-09 04:06:58', '2024-12-09 04:06:58'),
(65, 'Ghana', '2024-12-09 04:06:58', '2024-12-09 04:06:58'),
(66, 'Greece', '2024-12-09 04:06:58', '2024-12-09 04:06:58'),
(67, 'Grenada', '2024-12-09 04:06:58', '2024-12-09 04:06:58'),
(68, 'Guatemala', '2024-12-09 04:06:58', '2024-12-09 04:06:58'),
(69, 'Guinea', '2024-12-09 04:06:58', '2024-12-09 04:06:58'),
(70, 'Guinea-Bissau', '2024-12-09 04:06:58', '2024-12-09 04:06:58'),
(71, 'Guyana', '2024-12-09 04:06:58', '2024-12-09 04:06:58'),
(72, 'Haiti', '2024-12-09 04:06:58', '2024-12-09 04:06:58'),
(73, 'Honduras', '2024-12-09 04:06:58', '2024-12-09 04:06:58'),
(74, 'Hungary', '2024-12-09 04:06:58', '2024-12-09 04:06:58'),
(75, 'Iceland', '2024-12-09 04:06:58', '2024-12-09 04:06:58'),
(76, 'India', '2024-12-09 04:06:58', '2024-12-09 04:06:58'),
(77, 'Indonesia', '2024-12-09 04:06:58', '2024-12-09 04:06:58'),
(78, 'Iran', '2024-12-09 04:06:58', '2024-12-09 04:06:58'),
(79, 'Iraq', '2024-12-09 04:06:58', '2024-12-09 04:06:58'),
(80, 'Ireland', '2024-12-09 04:06:58', '2024-12-09 04:06:58'),
(81, 'Israel', '2024-12-09 04:06:58', '2024-12-09 04:06:58'),
(82, 'Italy', '2024-12-09 04:06:58', '2024-12-09 04:06:58'),
(83, 'Ivory Coast', '2024-12-09 04:06:58', '2024-12-09 04:06:58'),
(84, 'Jamaica', '2024-12-09 04:06:58', '2024-12-09 04:06:58'),
(85, 'Japan', '2024-12-09 04:06:58', '2024-12-09 04:06:58'),
(86, 'Jordan', '2024-12-09 04:06:58', '2024-12-09 04:06:58'),
(87, 'Kazakhstan', '2024-12-09 04:06:58', '2024-12-09 04:06:58'),
(88, 'Kenya', '2024-12-09 04:06:58', '2024-12-09 04:06:58'),
(89, 'Kiribati', '2024-12-09 04:06:58', '2024-12-09 04:06:58'),
(90, 'Kuwait', '2024-12-09 04:06:58', '2024-12-09 04:06:58'),
(91, 'Kyrgyzstan', '2024-12-09 04:06:58', '2024-12-09 04:06:58'),
(92, 'Laos', '2024-12-09 04:06:58', '2024-12-09 04:06:58'),
(93, 'Latvia', '2024-12-09 04:06:58', '2024-12-09 04:06:58'),
(94, 'Lebanon', '2024-12-09 04:06:58', '2024-12-09 04:06:58'),
(95, 'Lesotho', '2024-12-09 04:06:58', '2024-12-09 04:06:58'),
(96, 'Liberia', '2024-12-09 04:06:58', '2024-12-09 04:06:58'),
(97, 'Libya', '2024-12-09 04:06:58', '2024-12-09 04:06:58'),
(98, 'Liechtenstein', '2024-12-09 04:06:58', '2024-12-09 04:06:58'),
(99, 'Lithuania', '2024-12-09 04:06:58', '2024-12-09 04:06:58'),
(100, 'Luxembourg', '2024-12-09 04:06:58', '2024-12-09 04:06:58'),
(101, 'Madagascar', '2024-12-09 04:06:58', '2024-12-09 04:06:58'),
(102, 'Malawi', '2024-12-09 04:06:58', '2024-12-09 04:06:58'),
(103, 'Malaysia', '2024-12-09 04:06:58', '2024-12-09 04:06:58'),
(104, 'Maldives', '2024-12-09 04:06:59', '2024-12-09 04:06:59'),
(105, 'Mali', '2024-12-09 04:06:59', '2024-12-09 04:06:59'),
(106, 'Malta', '2024-12-09 04:06:59', '2024-12-09 04:06:59'),
(107, 'Marshall Islands', '2024-12-09 04:06:59', '2024-12-09 04:06:59'),
(108, 'Mauricio', '2024-12-09 04:06:59', '2024-12-09 04:06:59'),
(109, 'Mauritania', '2024-12-09 04:06:59', '2024-12-09 04:06:59'),
(110, 'Mexico', '2024-12-09 04:06:59', '2024-12-09 04:06:59'),
(111, 'Micronesia', '2024-12-09 04:06:59', '2024-12-09 04:06:59'),
(112, 'Moldova', '2024-12-09 04:06:59', '2024-12-09 04:06:59'),
(113, 'Monaco', '2024-12-09 04:06:59', '2024-12-09 04:06:59'),
(114, 'Mongolia', '2024-12-09 04:06:59', '2024-12-09 04:06:59'),
(115, 'Montenegro', '2024-12-09 04:06:59', '2024-12-09 04:06:59'),
(116, 'Morocco', '2024-12-09 04:06:59', '2024-12-09 04:06:59'),
(117, 'Mozambique', '2024-12-09 04:06:59', '2024-12-09 04:06:59'),
(118, 'Namibia', '2024-12-09 04:06:59', '2024-12-09 04:06:59'),
(119, 'Nauru', '2024-12-09 04:06:59', '2024-12-09 04:06:59'),
(120, 'Nepal', '2024-12-09 04:06:59', '2024-12-09 04:06:59'),
(121, 'Netherlands', '2024-12-09 04:06:59', '2024-12-09 04:06:59'),
(122, 'New Zealand', '2024-12-09 04:06:59', '2024-12-09 04:06:59'),
(123, 'Nicaragua', '2024-12-09 04:06:59', '2024-12-09 04:06:59'),
(124, 'Niger', '2024-12-09 04:06:59', '2024-12-09 04:06:59'),
(125, 'Nigeria', '2024-12-09 04:06:59', '2024-12-09 04:06:59'),
(126, 'North Korea', '2024-12-09 04:06:59', '2024-12-09 04:06:59'),
(127, 'Norway', '2024-12-09 04:06:59', '2024-12-09 04:06:59'),
(128, 'Oman', '2024-12-09 04:06:59', '2024-12-09 04:06:59'),
(129, 'Pakistan', '2024-12-09 04:06:59', '2024-12-09 04:06:59'),
(130, 'Palau', '2024-12-09 04:06:59', '2024-12-09 04:06:59'),
(131, 'Panama', '2024-12-09 04:06:59', '2024-12-09 04:06:59'),
(132, 'Papua New Guinea', '2024-12-09 04:06:59', '2024-12-09 04:06:59'),
(133, 'Paraguay', '2024-12-09 04:06:59', '2024-12-09 04:06:59'),
(134, 'Peru', '2024-12-09 04:06:59', '2024-12-09 04:06:59'),
(135, 'Philippines', '2024-12-09 04:06:59', '2024-12-09 04:06:59'),
(136, 'Poland', '2024-12-09 04:06:59', '2024-12-09 04:06:59'),
(137, 'Portugal', '2024-12-09 04:06:59', '2024-12-09 04:06:59'),
(138, 'Qatar', '2024-12-09 04:06:59', '2024-12-09 04:06:59'),
(139, 'Republic of Macedonia', '2024-12-09 04:06:59', '2024-12-09 04:06:59'),
(140, 'Republic of the Congo', '2024-12-09 04:06:59', '2024-12-09 04:06:59'),
(141, 'Romania', '2024-12-09 04:06:59', '2024-12-09 04:06:59'),
(142, 'Russia', '2024-12-09 04:06:59', '2024-12-09 04:06:59'),
(143, 'Rwanda', '2024-12-09 04:06:59', '2024-12-09 04:06:59'),
(144, 'Saint Kitts and Nevis', '2024-12-09 04:06:59', '2024-12-09 04:06:59'),
(145, 'Samoa', '2024-12-09 04:06:59', '2024-12-09 04:06:59'),
(146, 'San Marino', '2024-12-09 04:06:59', '2024-12-09 04:06:59'),
(147, 'Sao Tome and Principe', '2024-12-09 04:06:59', '2024-12-09 04:06:59'),
(148, 'Saudi Arabia', '2024-12-09 04:06:59', '2024-12-09 04:06:59'),
(149, 'Senegal', '2024-12-09 04:06:59', '2024-12-09 04:06:59'),
(150, 'Serbia', '2024-12-09 04:06:59', '2024-12-09 04:06:59'),
(151, 'Seychelles', '2024-12-09 04:06:59', '2024-12-09 04:06:59'),
(152, 'Sierra Leone', '2024-12-09 04:06:59', '2024-12-09 04:06:59'),
(153, 'Singapore', '2024-12-09 04:06:59', '2024-12-09 04:06:59'),
(154, 'Slovakia', '2024-12-09 04:06:59', '2024-12-09 04:06:59'),
(155, 'Slovenia', '2024-12-09 04:06:59', '2024-12-09 04:06:59'),
(156, 'Solomon Islands', '2024-12-09 04:06:59', '2024-12-09 04:06:59'),
(157, 'Somalia', '2024-12-09 04:06:59', '2024-12-09 04:06:59'),
(158, 'South Africa', '2024-12-09 04:06:59', '2024-12-09 04:06:59'),
(159, 'South Korea', '2024-12-09 04:06:59', '2024-12-09 04:06:59'),
(160, 'South Sudan', '2024-12-09 04:06:59', '2024-12-09 04:06:59'),
(161, 'Spain', '2024-12-09 04:06:59', '2024-12-09 04:06:59'),
(162, 'Sri Lanka', '2024-12-09 04:06:59', '2024-12-09 04:06:59'),
(163, 'St. Lucia', '2024-12-09 04:06:59', '2024-12-09 04:06:59'),
(164, 'St. Vincent and the Grenadines', '2024-12-09 04:06:59', '2024-12-09 04:06:59'),
(165, 'Sudan', '2024-12-09 04:06:59', '2024-12-09 04:06:59'),
(166, 'Surinam', '2024-12-09 04:06:59', '2024-12-09 04:06:59'),
(167, 'Swaziland', '2024-12-09 04:06:59', '2024-12-09 04:06:59'),
(168, 'Sweden', '2024-12-09 04:06:59', '2024-12-09 04:06:59'),
(169, 'Switzerland', '2024-12-09 04:06:59', '2024-12-09 04:06:59'),
(170, 'Syria', '2024-12-09 04:06:59', '2024-12-09 04:06:59'),
(171, 'Tajikistan', '2024-12-09 04:06:59', '2024-12-09 04:06:59'),
(172, 'Tanzania', '2024-12-09 04:06:59', '2024-12-09 04:06:59'),
(173, 'Thailand', '2024-12-09 04:06:59', '2024-12-09 04:06:59'),
(174, 'Togo', '2024-12-09 04:06:59', '2024-12-09 04:06:59'),
(175, 'Tonga', '2024-12-09 04:06:59', '2024-12-09 04:06:59'),
(176, 'Trinidad and Tobago', '2024-12-09 04:06:59', '2024-12-09 04:06:59'),
(177, 'Tunisia', '2024-12-09 04:06:59', '2024-12-09 04:06:59'),
(178, 'Turkey', '2024-12-09 04:06:59', '2024-12-09 04:06:59'),
(179, 'Turkmenistan', '2024-12-09 04:06:59', '2024-12-09 04:06:59'),
(180, 'Tuvalu', '2024-12-09 04:06:59', '2024-12-09 04:06:59'),
(181, 'Uganda', '2024-12-09 04:06:59', '2024-12-09 04:06:59'),
(182, 'Ukraine', '2024-12-09 04:06:59', '2024-12-09 04:06:59'),
(183, 'United Arab Emirates', '2024-12-09 04:06:59', '2024-12-09 04:06:59'),
(184, 'United Kingdom', '2024-12-09 04:06:59', '2024-12-09 04:06:59'),
(185, 'United States of America', '2024-12-09 04:06:59', '2024-12-09 04:06:59'),
(186, 'Uruguay', '2024-12-09 04:06:59', '2024-12-09 04:06:59'),
(187, 'Uzbekistan', '2024-12-09 04:06:59', '2024-12-09 04:06:59'),
(188, 'Vanuatu', '2024-12-09 04:06:59', '2024-12-09 04:06:59'),
(189, 'Vatican City', '2024-12-09 04:06:59', '2024-12-09 04:06:59'),
(190, 'Venezuela', '2024-12-09 04:06:59', '2024-12-09 04:06:59'),
(191, 'Vietnam', '2024-12-09 04:06:59', '2024-12-09 04:06:59'),
(192, 'Yemen', '2024-12-09 04:06:59', '2024-12-09 04:06:59'),
(193, 'Zambia', '2024-12-09 04:06:59', '2024-12-09 04:06:59'),
(194, 'Zimbabwe', '2024-12-09 04:06:59', '2024-12-09 04:06:59'),
(195, 'Hong Kong', '2024-12-09 08:13:45', '2024-12-09 08:13:45');

INSERT INTO `hrmsNew`.`day_or_months` (`id`, `name`, `created_at`, `updated_at`) VALUES 
(1, '', '2024-12-09 04:07:01', '2024-12-09 04:07:01'),
(2, '', '2024-12-09 04:07:01', '2024-12-09 04:07:01');

INSERT INTO `hrmsNew`.`departments` (`id`, `name`, `ministry_id`, `created_at`, `updated_at`) VALUES (1, '', NULL, '2024-12-09 04:07:02', '2024-12-09 04:07:02');

INSERT INTO `hrmsNew`.`difficulty_levels` (`id`, `name`, `hardship_allowance`, `created_at`, `updated_at`) VALUES 
(1, 'easy', 0, '2024-12-09 04:06:59', '2024-12-09 04:06:59'),
(2, 'hard', 5000, '2024-12-09 04:06:59', '2024-12-09 04:06:59');

INSERT INTO `hrmsNew`.`districts` (`id`, `name`, `region_id`, `created_at`, `updated_at`) VALUES 
(1, '', 1, '2024-12-09 04:06:59', '2024-12-09 04:06:59'),
(2, '', 1, '2024-12-09 04:06:59', '2024-12-09 04:06:59'),
(3, '', 1, '2024-12-09 04:06:59', '2024-12-09 04:06:59'),
(4, '', 1, '2024-12-09 04:06:59', '2024-12-09 04:06:59'),
(5, '', 2, '2024-12-09 04:06:59', '2024-12-09 04:06:59'),
(6, '', 2, '2024-12-09 04:06:59', '2024-12-09 04:06:59'),
(7, '', 2, '2024-12-09 04:07:00', '2024-12-09 04:07:00'),
(8, '', 2, '2024-12-09 04:07:00', '2024-12-09 04:07:00'),
(9, '', 2, '2024-12-09 04:07:00', '2024-12-09 04:07:00'),
(10, '', 2, '2024-12-09 04:07:00', '2024-12-09 04:07:00'),
(11, '', 3, '2024-12-09 04:07:00', '2024-12-09 04:07:00'),
(12, '', 3, '2024-12-09 04:07:00', '2024-12-09 04:07:00'),
(13, '', 3, '2024-12-09 04:07:00', '2024-12-09 04:07:00'),
(14, '', 3, '2024-12-09 04:07:00', '2024-12-09 04:07:00'),
(15, '', 4, '2024-12-09 04:07:00', '2024-12-09 04:07:00'),
(16, '', 4, '2024-12-09 04:07:00', '2024-12-09 04:07:00'),
(17, '', 4, '2024-12-09 04:07:00', '2024-12-09 04:07:00'),
(18, '', 4, '2024-12-09 04:07:00', '2024-12-09 04:07:00'),
(19, '', 4, '2024-12-09 04:07:00', '2024-12-09 04:07:00'),
(20, '', 4, '2024-12-09 04:07:00', '2024-12-09 04:07:00'),
(21, '', 5, '2024-12-09 04:07:00', '2024-12-09 04:07:00'),
(22, '', 5, '2024-12-09 04:07:00', '2024-12-09 04:07:00'),
(23, '', 5, '2024-12-09 04:07:00', '2024-12-09 04:07:00'),
(24, '', 5, '2024-12-09 04:07:00', '2024-12-09 04:07:00'),
(25, '', 5, '2024-12-09 04:07:00', '2024-12-09 04:07:00'),
(26, '', 5, '2024-12-09 04:07:00', '2024-12-09 04:07:00'),
(27, ' ', 6, '2024-12-09 04:07:00', '2024-12-09 04:07:00'),
(28, '', 6, '2024-12-09 04:07:00', '2024-12-09 04:07:00'),
(29, '', 6, '2024-12-09 04:07:00', '2024-12-09 04:07:00'),
(30, '', 6, '2024-12-09 04:07:00', '2024-12-09 04:07:00'),
(31, '', 6, '2024-12-09 04:07:00', '2024-12-09 04:07:00'),
(32, '', 6, '2024-12-09 04:07:00', '2024-12-09 04:07:00'),
(33, '', 6, '2024-12-09 04:07:00', '2024-12-09 04:07:00'),
(34, '', 6, '2024-12-09 04:07:00', '2024-12-09 04:07:00'),
(35, '', 6, '2024-12-09 04:07:00', '2024-12-09 04:07:00'),
(36, '', 6, '2024-12-09 04:07:00', '2024-12-09 04:07:00'),
(37, '', 6, '2024-12-09 04:07:00', '2024-12-09 04:07:00'),
(38, '', 6, '2024-12-09 04:07:00', '2024-12-09 04:07:00'),
(39, '', 6, '2024-12-09 04:07:00', '2024-12-09 04:07:00'),
(40, '', 6, '2024-12-09 04:07:00', '2024-12-09 04:07:00'),
(41, '', 7, '2024-12-09 04:07:00', '2024-12-09 04:07:00'),
(42, '', 7, '2024-12-09 04:07:00', '2024-12-09 04:07:00'),
(43, '', 7, '2024-12-09 04:07:00', '2024-12-09 04:07:00'),
(44, '', 7, '2024-12-09 04:07:00', '2024-12-09 04:07:00'),
(45, '', 8, '2024-12-09 04:07:00', '2024-12-09 04:07:00'),
(46, '', 8, '2024-12-09 04:07:00', '2024-12-09 04:07:00'),
(47, '', 8, '2024-12-09 04:07:00', '2024-12-09 04:07:00'),
(48, '', 8, '2024-12-09 04:07:00', '2024-12-09 04:07:00'),
(49, '', 8, '2024-12-09 04:07:00', '2024-12-09 04:07:00'),
(50, '', 8, '2024-12-09 04:07:00', '2024-12-09 04:07:00'),
(51, '', 9, '2024-12-09 04:07:00', '2024-12-09 04:07:00'),
(52, '', 9, '2024-12-09 04:07:00', '2024-12-09 04:07:00'),
(53, '', 9, '2024-12-09 04:07:00', '2024-12-09 04:07:00'),
(54, '', 9, '2024-12-09 04:07:00', '2024-12-09 04:07:00'),
(55, '', 9, '2024-12-09 04:07:00', '2024-12-09 04:07:00'),
(56, '', 9, '2024-12-09 04:07:00', '2024-12-09 04:07:00'),
(57, '', 9, '2024-12-09 04:07:00', '2024-12-09 04:07:00'),
(58, '', 10, '2024-12-09 04:07:00', '2024-12-09 04:07:00'),
(59, '', 10, '2024-12-09 04:07:00', '2024-12-09 04:07:00'),
(60, '', 10, '2024-12-09 04:07:00', '2024-12-09 04:07:00'),
(61, '', 10, '2024-12-09 04:07:00', '2024-12-09 04:07:00'),
(62, '', 10, '2024-12-09 04:07:00', '2024-12-09 04:07:00'),
(63, '', 10, '2024-12-09 04:07:00', '2024-12-09 04:07:00'),
(64, '', 10, '2024-12-09 04:07:00', '2024-12-09 04:07:00'),
(65, '', 10, '2024-12-09 04:07:00', '2024-12-09 04:07:00'),
(66, '', 10, '2024-12-09 04:07:00', '2024-12-09 04:07:00'),
(67, '', 10, '2024-12-09 04:07:00', '2024-12-09 04:07:00'),
(68, '', 10, '2024-12-09 04:07:00', '2024-12-09 04:07:00'),
(69, '', 11, '2024-12-09 04:07:00', '2024-12-09 04:07:00'),
(70, '', 11, '2024-12-09 04:07:00', '2024-12-09 04:07:00'),
(71, '', 11, '2024-12-09 04:07:00', '2024-12-09 04:07:00'),
(72, '', 11, '2024-12-09 04:07:00', '2024-12-09 04:07:00'),
(73, '', 12, '2024-12-09 04:07:00', '2024-12-09 04:07:00'),
(74, '', 12, '2024-12-09 04:07:00', '2024-12-09 04:07:00'),
(75, '', 12, '2024-12-09 04:07:00', '2024-12-09 04:07:00'),
(76, '', 12, '2024-12-09 04:07:00', '2024-12-09 04:07:00'),
(77, '', 12, '2024-12-09 04:07:00', '2024-12-09 04:07:00'),
(78, '', 12, '2024-12-09 04:07:00', '2024-12-09 04:07:00'),
(79, '', 12, '2024-12-09 04:07:00', '2024-12-09 04:07:00'),
(80, '', 13, '2024-12-09 04:07:00', '2024-12-09 04:07:00'),
(81, '', 13, '2024-12-09 04:07:00', '2024-12-09 04:07:00'),
(82, '', 13, '2024-12-09 04:07:01', '2024-12-09 04:07:01'),
(83, '', 13, '2024-12-09 04:07:01', '2024-12-09 04:07:01'),
(84, '', 13, '2024-12-09 04:07:01', '2024-12-09 04:07:01'),
(85, '', 13, '2024-12-09 04:07:01', '2024-12-09 04:07:01'),
(86, '', 13, '2024-12-09 04:07:01', '2024-12-09 04:07:01'),
(87, '', 13, '2024-12-09 04:07:01', '2024-12-09 04:07:01'),
(88, '', 13, '2024-12-09 04:07:01', '2024-12-09 04:07:01'),
(89, '', 13, '2024-12-09 04:07:01', '2024-12-09 04:07:01'),
(90, '', 13, '2024-12-09 04:07:01', '2024-12-09 04:07:01'),
(91, '', 13, '2024-12-09 04:07:01', '2024-12-09 04:07:01'),
(92, '', 13, '2024-12-09 04:07:01', '2024-12-09 04:07:01'),
(93, '', 13, '2024-12-09 04:07:01', '2024-12-09 04:07:01'),
(94, '', 14, '2024-12-09 04:07:01', '2024-12-09 04:07:01'),
(95, '', 14, '2024-12-09 04:07:01', '2024-12-09 04:07:01'),
(96, '()', 14, '2024-12-09 04:07:01', '2024-12-09 04:07:01'),
(97, '()', 14, '2024-12-09 04:07:01', '2024-12-09 04:07:01'),
(98, '()', 14, '2024-12-09 04:07:01', '2024-12-09 04:07:01'),
(99, '()', 14, '2024-12-09 04:07:01', '2024-12-09 04:07:01'),
(100, '', 14, '2024-12-09 04:07:01', '2024-12-09 04:07:01'),
(101, '', 14, '2024-12-09 04:07:01', '2024-12-09 04:07:01'),
(102, '', 14, '2024-12-09 04:07:01', '2024-12-09 04:07:01'),
(103, '', 14, '2024-12-09 04:07:01', '2024-12-09 04:07:01'),
(104, '', 14, '2024-12-09 04:07:01', '2024-12-09 04:07:01'),
(105, '', 14, '2024-12-09 04:07:01', '2024-12-09 04:07:01'),
(106, '', 14, '2024-12-09 04:07:01', '2024-12-09 04:07:01'),
(107, '', 14, '2024-12-09 04:07:01', '2024-12-09 04:07:01'),
(108, '', 14, '2024-12-09 04:07:01', '2024-12-09 04:07:01'),
(109, '', 14, '2024-12-09 04:07:01', '2024-12-09 04:07:01'),
(110, '', 14, '2024-12-09 04:07:01', '2024-12-09 04:07:01'),
(111, '', 14, '2024-12-09 04:07:01', '2024-12-09 04:07:01'),
(112, '', 14, '2024-12-09 04:07:01', '2024-12-09 04:07:01'),
(113, '', 14, '2024-12-09 04:07:01', '2024-12-09 04:07:01'),
(114, '', 14, '2024-12-09 04:07:01', '2024-12-09 04:07:01'),
(115, '', 14, '2024-12-09 04:07:01', '2024-12-09 04:07:01'),
(116, '', 14, '2024-12-09 04:07:01', '2024-12-09 04:07:01'),
(117, '', 14, '2024-12-09 04:07:01', '2024-12-09 04:07:01'),
(118, '', 14, '2024-12-09 04:07:01', '2024-12-09 04:07:01'),
(119, '', 15, '2024-12-09 04:07:01', '2024-12-09 04:07:01'),
(120, '', 15, '2024-12-09 04:07:01', '2024-12-09 04:07:01'),
(121, '', 15, '2024-12-09 04:07:01', '2024-12-09 04:07:01'),
(122, '', 15, '2024-12-09 04:07:01', '2024-12-09 04:07:01'),
(123, '', 15, '2024-12-09 04:07:01', '2024-12-09 04:07:01'),
(124, '', 15, '2024-12-09 04:07:01', '2024-12-09 04:07:01'),
(125, '', 15, '2024-12-09 04:07:01', '2024-12-09 04:07:01'),
(126, '', 15, '2024-12-09 04:07:01', '2024-12-09 04:07:01');

INSERT INTO `hrmsNew`.`division_types` (`id`, `name`, `created_at`, `updated_at`) VALUES 
(1, '', '2024-12-09 04:06:59', '2024-12-09 04:06:59'),
(2, '/', '2024-12-09 04:06:59', '2024-12-09 04:06:59');

INSERT INTO `hrmsNew`.`divisions` (`id`, `name`, `nick_name`, `division_type_id`, `department_id`, `sort_no`, `difficulty_level_id`, `created_at`, `updated_at`) VALUES 
(1, '-', '-', 1, NULL, 1, NULL, '2024-12-09 04:06:59', '2024-12-09 04:06:59'),
(2, '-', '-', 1, NULL, 2, NULL, '2024-12-09 04:06:59', '2024-12-09 04:06:59'),
(3, '-', '-', 1, NULL, 3, NULL, '2024-12-09 04:06:59', '2024-12-09 04:06:59'),
(4, '-', '-', 1, NULL, 4, NULL, '2024-12-09 04:06:59', '2024-12-09 04:06:59'),
(5, '', '', 1, NULL, 5, NULL, '2024-12-09 04:06:59', '2024-12-09 04:06:59'),
(6, ' ', '', 1, NULL, 6, NULL, '2024-12-09 04:06:59', '2024-12-09 04:06:59'),
(7, '', '', 1, NULL, 7, NULL, '2024-12-09 04:06:59', '2024-12-09 04:06:59'),
(8, '', '', 1, NULL, 8, NULL, '2024-12-09 04:06:59', '2024-12-09 04:06:59'),
(9, '', '', 1, NULL, 9, NULL, '2024-12-09 04:06:59', '2024-12-09 04:06:59'),
(10, ' ', 'HR', 1, NULL, 10, NULL, '2024-12-09 04:06:59', '2024-12-09 04:06:59'),
(11, ' ', '', 1, NULL, 11, NULL, '2024-12-09 04:06:59', '2024-12-09 04:06:59'),
(12, '', '', 2, NULL, 12, NULL, '2024-12-09 04:06:59', '2024-12-09 04:06:59'),
(13, '', '', 2, NULL, 13, NULL, '2024-12-09 04:06:59', '2024-12-09 04:06:59'),
(14, '', '', 2, NULL, 14, NULL, '2024-12-09 04:06:59', '2024-12-09 04:06:59'),
(15, '', '', 2, NULL, 15, NULL, '2024-12-09 04:06:59', '2024-12-09 04:06:59'),
(16, '', '', 2, NULL, 16, NULL, '2024-12-09 04:06:59', '2024-12-09 04:06:59'),
(17, '', '', 2, NULL, 17, NULL, '2024-12-09 04:06:59', '2024-12-09 04:06:59'),
(18, '', '', 2, NULL, 18, NULL, '2024-12-09 04:06:59', '2024-12-09 04:06:59'),
(19, '', '', 2, NULL, 19, NULL, '2024-12-09 04:06:59', '2024-12-09 04:06:59'),
(20, '', '', 2, NULL, 20, NULL, '2024-12-09 04:06:59', '2024-12-09 04:06:59'),
(21, '', '', 2, NULL, 21, NULL, '2024-12-09 04:06:59', '2024-12-09 04:06:59'),
(22, '', '', 2, NULL, 22, NULL, '2024-12-09 04:06:59', '2024-12-09 04:06:59'),
(23, '', '', 2, NULL, 23, NULL, '2024-12-09 04:06:59', '2024-12-09 04:06:59'),
(24, '', '', 2, NULL, 24, NULL, '2024-12-09 04:06:59', '2024-12-09 04:06:59'),
(25, '', '', 2, NULL, 25, NULL, '2024-12-09 04:06:59', '2024-12-09 04:06:59'),
(26, '', '', 2, NULL, 26, NULL, '2024-12-09 04:06:59', '2024-12-09 04:06:59');

INSERT INTO `hrmsNew`.`education` (`id`, `name`, `education_type_id`, `created_at`, `updated_at`) VALUES 
(1, '', 1, '2024-12-09 04:07:06', '2024-12-09 04:07:06'),
(2, '', 1, '2024-12-09 04:07:06', '2024-12-09 04:07:06'),
(3, '', 1, '2024-12-09 04:07:06', '2024-12-09 04:07:06'),
(4, '', 1, '2024-12-09 04:07:06', '2024-12-09 04:07:06'),
(5, '', 2, '2024-12-09 04:07:06', '2024-12-09 04:07:06'),
(6, '', 2, '2024-12-09 04:07:06', '2024-12-09 04:07:06'),
(7, '', 2, '2024-12-09 04:07:06', '2024-12-09 04:07:06'),
(8, '', 2, '2024-12-09 04:07:06', '2024-12-09 04:07:06'),
(9, '', 3, '2024-12-09 04:07:06', '2024-12-09 04:07:06'),
(10, '', 3, '2024-12-09 04:07:06', '2024-12-09 04:07:06'),
(11, 'B.A (Business Science)', 4, '2024-12-09 04:07:06', '2024-12-09 04:07:06'),
(12, 'B.A (Music)', 4, '2024-12-09 04:07:06', '2024-12-09 04:07:06'),
(13, 'B.A (Dramatic Arts)', 4, '2024-12-09 04:07:06', '2024-12-09 04:07:06'),
(14, 'B.A (Painting)', 4, '2024-12-09 04:07:06', '2024-12-09 04:07:06'),
(15, 'B.A (Sculpture)', 4, '2024-12-09 04:07:06', '2024-12-09 04:07:06'),
(16, 'B.A (Cinematography & Drama)', 4, '2024-12-09 04:07:06', '2024-12-09 04:07:06'),
(17, 'B.A (Myanmar)', 4, '2024-12-09 04:07:06', '2024-12-09 04:07:06'),
(18, 'B.A (English)', 4, '2024-12-09 04:07:06', '2024-12-09 04:07:06'),
(19, 'B.A (Geography)', 4, '2024-12-09 04:07:06', '2024-12-09 04:07:06'),
(20, 'B.A (History)', 4, '2024-12-09 04:07:06', '2024-12-09 04:07:06'),
(21, 'B.A (Oriental Studies)', 4, '2024-12-09 04:07:06', '2024-12-09 04:07:06'),
(22, 'B.A (Philosophy)', 4, '2024-12-09 04:07:06', '2024-12-09 04:07:06'),
(23, 'B.A (Psychology)', 4, '2024-12-09 04:07:06', '2024-12-09 04:07:06'),
(24, 'B.A (Anthropology)', 4, '2024-12-09 04:07:06', '2024-12-09 04:07:06'),
(25, 'B.A (Archaeology)', 4, '2024-12-09 04:07:06', '2024-12-09 04:07:06'),
(26, 'B.A (Business Management)', 4, '2024-12-09 04:07:06', '2024-12-09 04:07:06'),
(27, 'B.A (Chinese)', 4, '2024-12-09 04:07:06', '2024-12-09 04:07:06'),
(28, 'B.A (French)', 4, '2024-12-09 04:07:06', '2024-12-09 04:07:06'),
(29, 'B.A (German)', 4, '2024-12-09 04:07:06', '2024-12-09 04:07:06'),
(30, 'B.A (Japanese)', 4, '2024-12-09 04:07:06', '2024-12-09 04:07:06'),
(31, 'B.A (Korean)', 4, '2024-12-09 04:07:06', '2024-12-09 04:07:06'),
(32, 'B.A (Thai)', 4, '2024-12-09 04:07:06', '2024-12-09 04:07:06'),
(33, 'B.A (Journalism)', 4, '2024-12-09 04:07:06', '2024-12-09 04:07:06'),
(34, 'B.A (Creative Writing)', 4, '2024-12-09 04:07:06', '2024-12-09 04:07:06'),
(35, 'B.A (Economics)', 4, '2024-12-09 04:07:06', '2024-12-09 04:07:06'),
(36, 'B.A (Home Economics)', 4, '2024-12-09 04:07:06', '2024-12-09 04:07:06'),
(37, 'LLB (Law)', 4, '2024-12-09 04:07:06', '2024-12-09 04:07:06'),
(38, 'B.A (International Relations)', 4, '2024-12-09 04:07:06', '2024-12-09 04:07:06'),
(39, 'B.A (Library & Information Studies)', 4, '2024-12-09 04:07:06', '2024-12-09 04:07:06'),
(40, 'B.A (Myanmar Studies)', 4, '2024-12-09 04:07:06', '2024-12-09 04:07:06'),
(41, 'B.A (Public Policy)', 4, '2024-12-09 04:07:06', '2024-12-09 04:07:06'),
(42, 'B.A (Russian)', 4, '2024-12-09 04:07:06', '2024-12-09 04:07:06'),
(43, 'B.A (Tourism)', 4, '2024-12-09 04:07:06', '2024-12-09 04:07:06'),
(44, 'B.A SEAP Studies (SEAP)', 4, '2024-12-09 04:07:06', '2024-12-09 04:07:06'),
(45, 'B.A (Business Law)', 4, '2024-12-09 04:07:06', '2024-12-09 04:07:06'),
(46, 'B.A (EPP)', 4, '2024-12-09 04:07:06', '2024-12-09 04:07:06'),
(47, 'B.A (Environment Studies)', 4, '2024-12-09 04:07:06', '2024-12-09 04:07:06'),
(48, 'BTHM', 4, '2024-12-09 04:07:06', '2024-12-09 04:07:06'),
(49, 'BCom (Commerce)', 4, '2024-12-09 04:07:06', '2024-12-09 04:07:06'),
(50, 'BEcon (Economic) ', 4, '2024-12-09 04:07:06', '2024-12-09 04:07:06'),
(51, 'BEcon (Statistics)', 4, '2024-12-09 04:07:06', '2024-12-09 04:07:06'),
(52, 'B.Act', 4, '2024-12-09 04:07:06', '2024-12-09 04:07:06'),
(53, 'BB.A', 4, '2024-12-09 04:07:06', '2024-12-09 04:07:06'),
(54, 'BPS', 4, '2024-12-09 04:07:06', '2024-12-09 04:07:06'),
(55, 'BBM', 4, '2024-12-09 04:07:06', '2024-12-09 04:07:06'),
(56, 'BDevS', 4, '2024-12-09 04:07:06', '2024-12-09 04:07:06'),
(57, 'BPA', 4, '2024-12-09 04:07:06', '2024-12-09 04:07:06'),
(58, 'B.A (DSA)', 4, '2024-12-09 04:07:06', '2024-12-09 04:07:06'),
(59, 'BED', 4, '2024-12-09 04:07:06', '2024-12-09 04:07:06'),
(60, 'BED (Correspondence)', 4, '2024-12-09 04:07:06', '2024-12-09 04:07:06'),
(61, 'B.BSC (Bachelor of Business Science)', 4, '2024-12-09 04:07:06', '2024-12-09 04:07:06'),
(62, 'B.Sc (Biochemistry)', 5, '2024-12-09 04:07:06', '2024-12-09 04:07:06'),
(63, 'B.Sc (Botany)', 5, '2024-12-09 04:07:06', '2024-12-09 04:07:06'),
(64, 'B.Sc (Chem) ', 5, '2024-12-09 04:07:06', '2024-12-09 04:07:06'),
(65, 'B.Sc (Geology)', 5, '2024-12-09 04:07:06', '2024-12-09 04:07:06'),
(66, 'B.Sc (Maths)', 5, '2024-12-09 04:07:06', '2024-12-09 04:07:06'),
(67, 'B.Sc (Microbiology)', 5, '2024-12-09 04:07:06', '2024-12-09 04:07:06'),
(68, 'B.Sc (Physics)', 5, '2024-12-09 04:07:06', '2024-12-09 04:07:06'),
(69, 'B.Sc (Zoology)', 5, '2024-12-09 04:07:06', '2024-12-09 04:07:06'),
(70, 'B.Sc Eng (Informational Technology)', 5, '2024-12-09 04:07:06', '2024-12-09 04:07:06'),
(71, 'B.Sc Eng (IT.EC Double Diploma )', 5, '2024-12-09 04:07:06', '2024-12-09 04:07:06'),
(72, 'B.Sc Engineering (Cosmetic Technology)', 5, '2024-12-09 04:07:06', '2024-12-09 04:07:06'),
(73, 'B.Sc (Biotechnology)', 5, '2024-12-09 04:07:06', '2024-12-09 04:07:06'),
(74, 'B.Sc (Environmental Studies)', 5, '2024-12-09 04:07:06', '2024-12-09 04:07:06'),
(75, 'B.Sc (Environmental Science)', 5, '2024-12-09 04:07:06', '2024-12-09 04:07:06'),
(76, 'B.Sc (Industrial Chemistry)', 5, '2024-12-09 04:07:06', '2024-12-09 04:07:06'),
(77, 'B.Sc (Nuclear Physics)', 5, '2024-12-09 04:07:06', '2024-12-09 04:07:06'),
(78, 'B.Sc (Sport)', 5, '2024-12-09 04:07:06', '2024-12-09 04:07:06'),
(79, 'M.B.B.S', 5, '2024-12-09 04:07:06', '2024-12-09 04:07:06'),
(80, 'B.D.S', 5, '2024-12-09 04:07:06', '2024-12-09 04:07:06'),
(81, 'B.M.T.M', 5, '2024-12-09 04:07:06', '2024-12-09 04:07:06'),
(82, 'B.Sc (Apply Mathematics)', 5, '2024-12-09 04:07:06', '2024-12-09 04:07:06'),
(83, 'B.Sc (Nuclear Chemistry)', 5, '2024-12-09 04:07:06', '2024-12-09 04:07:06'),
(84, 'B.Sc (Electronic)', 5, '2024-12-09 04:07:06', '2024-12-09 04:07:06'),
(85, 'B.E (Marine)', 5, '2024-12-09 04:07:06', '2024-12-09 04:07:06'),
(86, 'B.E (Marine Electrical System and Electronics)', 5, '2024-12-09 04:07:06', '2024-12-09 04:07:06'),
(87, 'B.E (Aerospace - Propulsion and Flight Vehicles)', 5, '2024-12-09 04:07:06', '2024-12-09 04:07:06'),
(88, 'B.E (Aerospace -Avionics)', 5, '2024-12-09 04:07:06', '2024-12-09 04:07:06'),
(89, 'B.E (Aerospace - Electrical System and Instrumentation)', 5, '2024-12-09 04:07:06', '2024-12-09 04:07:06'),
(90, 'B.E (FP)', 5, '2024-12-09 04:07:06', '2024-12-09 04:07:06'),
(91, 'B.E (SS)', 5, '2024-12-09 04:07:06', '2024-12-09 04:07:06'),
(92, 'B.E (CE)', 5, '2024-12-09 04:07:06', '2024-12-09 04:07:06'),
(93, 'B.E (MPA)', 5, '2024-12-09 04:07:06', '2024-12-09 04:07:06'),
(94, 'B.E (MME)', 5, '2024-12-09 04:07:06', '2024-12-09 04:07:06'),
(95, 'B.E (Bio-T)', 5, '2024-12-09 04:07:06', '2024-12-09 04:07:06'),
(96, 'B.E (Hons) (CSE)', 5, '2024-12-09 04:07:06', '2024-12-09 04:07:06'),
(97, 'B.E (Hons) (ECE)', 5, '2024-12-09 04:07:06', '2024-12-09 04:07:06'),
(98, 'B.Ag', 5, '2024-12-09 04:07:06', '2024-12-09 04:07:06'),
(99, 'B.Agr.Sc', 5, '2024-12-09 04:07:06', '2024-12-09 04:07:06'),
(100, 'B.V.Sc', 5, '2024-12-09 04:07:06', '2024-12-09 04:07:06'),
(101, 'B.SC (Marine Science)', 5, '2024-12-09 04:07:06', '2024-12-09 04:07:06'),
(102, 'B.E (Mechatronics)', 5, '2024-12-09 04:07:06', '2024-12-09 04:07:06'),
(103, 'B.E (Chemical )', 5, '2024-12-09 04:07:06', '2024-12-09 04:07:06'),
(104, 'B.N.Sc', 5, '2024-12-09 04:07:06', '2024-12-09 04:07:06'),
(105, 'B.Pharm', 5, '2024-12-09 04:07:06', '2024-12-09 04:07:06'),
(106, 'B.Med.Tech (Medical Laboratory Technology)', 5, '2024-12-09 04:07:06', '2024-12-09 04:07:06'),
(107, 'B.Med.Tech (Medical Imaging Technology)', 5, '2024-12-09 04:07:06', '2024-12-09 04:07:06'),
(108, 'B.Med.Tech (Physiotherapy)', 5, '2024-12-09 04:07:06', '2024-12-09 04:07:06'),
(109, 'B.Med.Tech (Prosthetics & Orthetics)', 5, '2024-12-09 04:07:06', '2024-12-09 04:07:06'),
(110, 'B.E (Civil)', 5, '2024-12-09 04:07:06', '2024-12-09 04:07:06'),
(111, 'B.E (EP)', 5, '2024-12-09 04:07:06', '2024-12-09 04:07:06'),
(112, 'B.E (EC)', 5, '2024-12-09 04:07:06', '2024-12-09 04:07:06'),
(113, 'B.E (Mech)', 5, '2024-12-09 04:07:06', '2024-12-09 04:07:06'),
(114, 'B.E (McE)', 5, '2024-12-09 04:07:06', '2024-12-09 04:07:06'),
(115, 'B.E (IT)', 5, '2024-12-09 04:07:06', '2024-12-09 04:07:06'),
(116, 'B.E (CEIT)', 5, '2024-12-09 04:07:06', '2024-12-09 04:07:06'),
(117, 'B.E (Min)', 5, '2024-12-09 04:07:06', '2024-12-09 04:07:06'),
(118, 'B.E (ChE)', 5, '2024-12-09 04:07:06', '2024-12-09 04:07:06'),
(119, 'B.E (Tex)', 5, '2024-12-09 04:07:06', '2024-12-09 04:07:06'),
(120, 'B.E (PE)', 5, '2024-12-09 04:07:06', '2024-12-09 04:07:06'),
(121, 'B.E (Met)', 5, '2024-12-09 04:07:06', '2024-12-09 04:07:06'),
(122, 'B.E (NT)', 5, '2024-12-09 04:07:06', '2024-12-09 04:07:06'),
(123, 'B.E (Tele)', 5, '2024-12-09 04:07:06', '2024-12-09 04:07:06'),
(124, 'B.E (FT)', 5, '2024-12-09 04:07:06', '2024-12-09 04:07:06'),
(125, 'B.E (Agri)', 5, '2024-12-09 04:07:06', '2024-12-09 04:07:06'),
(126, 'B.Arch.', 5, '2024-12-09 04:07:06', '2024-12-09 04:07:06'),
(127, 'B.E (PV)', 5, '2024-12-09 04:07:06', '2024-12-09 04:07:06'),
(128, 'B.E (AV)', 5, '2024-12-09 04:07:06', '2024-12-09 04:07:06'),
(129, 'B.E (EI)', 5, '2024-12-09 04:07:06', '2024-12-09 04:07:06'),
(130, 'B.Sc (Forestry)', 5, '2024-12-09 04:07:06', '2024-12-09 04:07:06'),
(131, 'B.E (NA)', 5, '2024-12-09 04:07:06', '2024-12-09 04:07:06'),
(132, 'B.E (ME)', 5, '2024-12-09 04:07:06', '2024-12-09 04:07:06'),
(133, 'B.E (PH)', 5, '2024-12-09 04:07:06', '2024-12-09 04:07:06'),
(134, 'B.E (RC)', 5, '2024-12-09 04:07:06', '2024-12-09 04:07:06'),
(135, 'B.E (MSE)', 5, '2024-12-09 04:07:06', '2024-12-09 04:07:06'),
(136, 'B.E (Information Science and Technology)', 5, '2024-12-09 04:07:06', '2024-12-09 04:07:06'),
(137, 'B.Tech.(Civil)', 5, '2024-12-09 04:07:06', '2024-12-09 04:07:06'),
(138, 'B.Tech.(MP)', 5, '2024-12-09 04:07:06', '2024-12-09 04:07:06'),
(139, 'B.Tech.(EP)', 5, '2024-12-09 04:07:06', '2024-12-09 04:07:06'),
(140, 'B.Tech.(EC)', 5, '2024-12-09 04:07:06', '2024-12-09 04:07:06'),
(141, 'B.Sc (DSA)', 5, '2024-12-09 04:07:06', '2024-12-09 04:07:06'),
(142, 'B.C.Sc. (SE) ', 6, '2024-12-09 04:07:06', '2024-12-09 04:07:06'),
(143, 'B.C.Sc. (KE)', 6, '2024-12-09 04:07:06', '2024-12-09 04:07:06'),
(144, 'B.C.Tech. (NEW)', 6, '2024-12-09 04:07:06', '2024-12-09 04:07:06'),
(145, 'B.C.Tech. (CS)', 6, '2024-12-09 04:07:06', '2024-12-09 04:07:06'),
(146, 'B.C.Tech. (ESY)', 6, '2024-12-09 04:07:06', '2024-12-09 04:07:06'),
(147, 'B.C.Tech. (CN)', 6, '2024-12-09 04:07:06', '2024-12-09 04:07:06'),
(148, 'B.C.Sc. (BIS)', 6, '2024-12-09 04:07:06', '2024-12-09 04:07:06'),
(149, 'B.C.Sc. (HPC)', 6, '2024-12-09 04:07:06', '2024-12-09 04:07:06'),
(150, 'B.C.Sc. (CSF)', 6, '2024-12-09 04:07:06', '2024-12-09 04:07:06'),
(151, 'B.C.Tech. (CSS)', 6, '2024-12-09 04:07:06', '2024-12-09 04:07:06'),
(152, 'BPS(Hons)', 7, '2024-12-09 04:07:06', '2024-12-09 04:07:06'),
(153, 'BPA(Hons)', 7, '2024-12-09 04:07:06', '2024-12-09 04:07:06'),
(154, 'BDevs(Hons)', 7, '2024-12-09 04:07:06', '2024-12-09 04:07:06'),
(155, 'BEcon(Hons) (Statistics)', 7, '2024-12-09 04:07:06', '2024-12-09 04:07:06'),
(156, 'BEcon (Hons) (Economic)', 7, '2024-12-09 04:07:06', '2024-12-09 04:07:06'),
(157, 'BCom (Hons) (Commerce)', 7, '2024-12-09 04:07:06', '2024-12-09 04:07:06'),
(158, 'BBA(Hons)', 7, '2024-12-09 04:07:06', '2024-12-09 04:07:06'),
(159, 'B.A(Hons)(Musics)', 7, '2024-12-09 04:07:06', '2024-12-09 04:07:06'),
(160, 'B.Acts(Hons)', 7, '2024-12-09 04:07:06', '2024-12-09 04:07:06'),
(161, 'B.A(Hons)(Psychology)', 7, '2024-12-09 04:07:06', '2024-12-09 04:07:06'),
(162, 'B.A(Hons)(Philosophy)', 7, '2024-12-09 04:07:06', '2024-12-09 04:07:06'),
(163, 'B.A(Hons)(Dramatics Arts)', 7, '2024-12-09 04:07:06', '2024-12-09 04:07:06'),
(164, 'B.A(Hons)(Oriental Studies)', 7, '2024-12-09 04:07:06', '2024-12-09 04:07:06'),
(165, 'B.A(Hons)(Painting)', 7, '2024-12-09 04:07:06', '2024-12-09 04:07:06'),
(166, 'B.A(Hons)(Sculpture)', 7, '2024-12-09 04:07:06', '2024-12-09 04:07:06'),
(167, 'B.A(Hons)(Cinematography & Drama)', 7, '2024-12-09 04:07:06', '2024-12-09 04:07:06'),
(168, 'B.A(Hons)(Archaeology)', 7, '2024-12-09 04:07:06', '2024-12-09 04:07:06'),
(169, 'B.A(Hons)(International Relations)', 7, '2024-12-09 04:07:06', '2024-12-09 04:07:06'),
(170, 'B.A(Hons)(Myanmar)', 7, '2024-12-09 04:07:06', '2024-12-09 04:07:06'),
(171, 'B.A(Hons)(Creative Writing)', 7, '2024-12-09 04:07:06', '2024-12-09 04:07:06'),
(172, 'B.A(Hons)(History)', 7, '2024-12-09 04:07:06', '2024-12-09 04:07:06'),
(173, 'B.A(Hons)(Library & Information Studies)', 7, '2024-12-09 04:07:06', '2024-12-09 04:07:06'),
(174, 'B.Sc(Hons)(Industrial Chemistry)', 8, '2024-12-09 04:07:06', '2024-12-09 04:07:06'),
(175, 'B.Sc(Hons)(Environment Science)', 8, '2024-12-09 04:07:06', '2024-12-09 04:07:06'),
(176, 'B.Sc(Hons)(Sport)', 8, '2024-12-09 04:07:06', '2024-12-09 04:07:06'),
(177, 'B.Sc(Hons)(Biotechnology)', 8, '2024-12-09 04:07:06', '2024-12-09 04:07:06'),
(178, 'B.Sc(Hons)(Zoology)', 8, '2024-12-09 04:07:06', '2024-12-09 04:07:06'),
(179, 'B.Sc(Hons)(NS)', 8, '2024-12-09 04:07:06', '2024-12-09 04:07:06'),
(180, 'B.Sc(Hons)(Hydrology)', 8, '2024-12-09 04:07:06', '2024-12-09 04:07:06'),
(181, 'B.Sc(Hons)(Meteorodogy)', 8, '2024-12-09 04:07:06', '2024-12-09 04:07:06'),
(182, 'B.Sc(Hons)(Nuclear Physics)', 8, '2024-12-09 04:07:06', '2024-12-09 04:07:06'),
(183, 'B.Sc(Hons)(Computer Sciences)', 8, '2024-12-09 04:07:06', '2024-12-09 04:07:06'),
(184, 'B.Sc(Hons)(Marine Science)', 8, '2024-12-09 04:07:06', '2024-12-09 04:07:06'),
(185, 'B.Sc(Hons)(Biochemistry)', 8, '2024-12-09 04:07:06', '2024-12-09 04:07:06'),
(186, 'B.Sc(Hons)(Botany)', 8, '2024-12-09 04:07:06', '2024-12-09 04:07:06'),
(187, 'B.Sc(Hons)(Chemistry)', 8, '2024-12-09 04:07:06', '2024-12-09 04:07:06'),
(188, 'B.Sc(Hons)(Geology)', 8, '2024-12-09 04:07:06', '2024-12-09 04:07:06'),
(189, 'B.Sc(Hons)(Mathematics)', 8, '2024-12-09 04:07:06', '2024-12-09 04:07:06'),
(190, 'B.Sc(Hons)(Microbiology)', 8, '2024-12-09 04:07:06', '2024-12-09 04:07:06'),
(191, 'B.Sc(Hons)(Physics)', 8, '2024-12-09 04:07:06', '2024-12-09 04:07:06'),
(192, 'B.A(Hons)(Geography)', 8, '2024-12-09 04:07:06', '2024-12-09 04:07:06'),
(193, 'B.A(Hons)(Myanmar Studies)', 8, '2024-12-09 04:07:06', '2024-12-09 04:07:06'),
(194, 'B.A(Hons)(English)', 8, '2024-12-09 04:07:06', '2024-12-09 04:07:06'),
(195, 'LLB(Hons) (Law)', 8, '2024-12-09 04:07:06', '2024-12-09 04:07:06'),
(196, 'M.A (Myanmar)', 9, '2024-12-09 04:07:06', '2024-12-09 04:07:06'),
(197, 'M.A (English)', 9, '2024-12-09 04:07:06', '2024-12-09 04:07:06'),
(198, 'M.A (Geography)', 9, '2024-12-09 04:07:06', '2024-12-09 04:07:06'),
(199, 'M.A (History)', 9, '2024-12-09 04:07:07', '2024-12-09 04:07:07'),
(200, 'M.A (Oriental Studies)', 9, '2024-12-09 04:07:07', '2024-12-09 04:07:07'),
(201, 'M.A (Philosophy)', 9, '2024-12-09 04:07:07', '2024-12-09 04:07:07'),
(202, 'M.A (Psychology)', 9, '2024-12-09 04:07:07', '2024-12-09 04:07:07'),
(203, 'M.A (Anthropology)', 9, '2024-12-09 04:07:07', '2024-12-09 04:07:07'),
(204, 'M.A (Archaeology)', 9, '2024-12-09 04:07:07', '2024-12-09 04:07:07'),
(205, 'LLM(Law)', 9, '2024-12-09 04:07:07', '2024-12-09 04:07:07'),
(206, 'M.A (TEFM)', 9, '2024-12-09 04:07:07', '2024-12-09 04:07:07'),
(207, 'M.A Ed', 9, '2024-12-09 04:07:07', '2024-12-09 04:07:07'),
(208, 'M.Act', 9, '2024-12-09 04:07:07', '2024-12-09 04:07:07'),
(209, 'MBF ', 9, '2024-12-09 04:07:07', '2024-12-09 04:07:07'),
(210, 'MCom', 9, '2024-12-09 04:07:07', '2024-12-09 04:07:07'),
(211, 'MDevs', 9, '2024-12-09 04:07:07', '2024-12-09 04:07:07'),
(212, 'MPA', 9, '2024-12-09 04:07:07', '2024-12-09 04:07:07'),
(213, 'M.Econ(Statistics)', 9, '2024-12-09 04:07:07', '2024-12-09 04:07:07'),
(214, 'M.Econ(Economics)', 9, '2024-12-09 04:07:07', '2024-12-09 04:07:07'),
(215, 'MPS', 9, '2024-12-09 04:07:07', '2024-12-09 04:07:07'),
(216, 'MPhil(Botany)', 9, '2024-12-09 04:07:07', '2024-12-09 04:07:07'),
(217, 'MBA (Local)', 9, '2024-12-09 04:07:07', '2024-12-09 04:07:07'),
(218, 'MBA (Foreign)', 9, '2024-12-09 04:07:07', '2024-12-09 04:07:07'),
(219, 'MEd(Educational Methodology)', 9, '2024-12-09 04:07:07', '2024-12-09 04:07:07'),
(220, 'MEd(Education Theory)', 9, '2024-12-09 04:07:07', '2024-12-09 04:07:07'),
(221, 'MPhil(English)', 9, '2024-12-09 04:07:07', '2024-12-09 04:07:07'),
(222, 'Med(Educational Psychology)', 9, '2024-12-09 04:07:07', '2024-12-09 04:07:07'),
(223, 'MPhil(Geography)', 9, '2024-12-09 04:07:07', '2024-12-09 04:07:07'),
(224, 'Mphil(History)', 9, '2024-12-09 04:07:07', '2024-12-09 04:07:07'),
(225, 'Mphil(Industrial Chemistry)', 9, '2024-12-09 04:07:07', '2024-12-09 04:07:07'),
(226, 'Mphil(Psychology)', 9, '2024-12-09 04:07:07', '2024-12-09 04:07:07'),
(227, 'Mphil(Physics)', 9, '2024-12-09 04:07:07', '2024-12-09 04:07:07'),
(228, 'Mphil(Myanmar)', 9, '2024-12-09 04:07:07', '2024-12-09 04:07:07'),
(229, 'Mphil(Zoology)', 9, '2024-12-09 04:07:07', '2024-12-09 04:07:07'),
(230, 'M.A (French)', 9, '2024-12-09 04:07:07', '2024-12-09 04:07:07'),
(231, 'M.A (German)', 9, '2024-12-09 04:07:07', '2024-12-09 04:07:07'),
(232, 'M.A (International Relations)', 9, '2024-12-09 04:07:07', '2024-12-09 04:07:07'),
(233, 'M.A (Japanese)', 9, '2024-12-09 04:07:07', '2024-12-09 04:07:07'),
(234, 'M.A (Myanmar Studies)', 9, '2024-12-09 04:07:07', '2024-12-09 04:07:07'),
(235, 'M.A (Russian)', 9, '2024-12-09 04:07:07', '2024-12-09 04:07:07'),
(236, 'M.A SEAP Studies(SEAP)', 9, '2024-12-09 04:07:07', '2024-12-09 04:07:07'),
(237, 'M.A (Business Law)', 9, '2024-12-09 04:07:07', '2024-12-09 04:07:07'),
(238, 'M.A (Chinese)', 9, '2024-12-09 04:07:07', '2024-12-09 04:07:07'),
(239, 'M.A (Creative Writing)', 9, '2024-12-09 04:07:07', '2024-12-09 04:07:07'),
(240, 'M.A (Korean)', 9, '2024-12-09 04:07:07', '2024-12-09 04:07:07'),
(241, 'M.A (Library and Information Studies)', 9, '2024-12-09 04:07:07', '2024-12-09 04:07:07'),
(242, 'Mphil(Philosophy)', 9, '2024-12-09 04:07:07', '2024-12-09 04:07:07'),
(243, 'Mphil(Methematics)', 9, '2024-12-09 04:07:07', '2024-12-09 04:07:07'),
(244, 'Mphil(Chemistry)', 9, '2024-12-09 04:07:07', '2024-12-09 04:07:07'),
(245, 'MPhil', 9, '2024-12-09 04:07:07', '2024-12-09 04:07:07'),
(246, 'M.A (Defence Studies)', 9, '2024-12-09 04:07:07', '2024-12-09 04:07:07'),
(247, 'M.Sc(SE)', 10, '2024-12-09 04:07:07', '2024-12-09 04:07:07'),
(248, 'M.Pharm', 10, '2024-12-09 04:07:07', '2024-12-09 04:07:07'),
(249, 'M.Sc(Env.E)', 10, '2024-12-09 04:07:07', '2024-12-09 04:07:07'),
(250, 'M.Sc(Env.M)', 10, '2024-12-09 04:07:07', '2024-12-09 04:07:07'),
(251, 'M.Sc(GE)', 10, '2024-12-09 04:07:07', '2024-12-09 04:07:07'),
(252, 'M.Sc(TE)', 10, '2024-12-09 04:07:07', '2024-12-09 04:07:07'),
(253, 'M.Sc(RES)', 10, '2024-12-09 04:07:07', '2024-12-09 04:07:07'),
(254, 'M.Sc(EcE)', 10, '2024-12-09 04:07:07', '2024-12-09 04:07:07'),
(255, 'M.E(Marine Electrical System and Electronics)', 10, '2024-12-09 04:07:07', '2024-12-09 04:07:07'),
(256, 'M.Sc(Tele)', 10, '2024-12-09 04:07:07', '2024-12-09 04:07:07'),
(257, 'M.E (Marine)', 10, '2024-12-09 04:07:07', '2024-12-09 04:07:07'),
(258, 'M.Sc(Bio.MET)', 10, '2024-12-09 04:07:07', '2024-12-09 04:07:07'),
(259, 'M.E(Naval Architecture)', 10, '2024-12-09 04:07:07', '2024-12-09 04:07:07'),
(260, 'M.Sc(TFT)', 10, '2024-12-09 04:07:07', '2024-12-09 04:07:07'),
(261, 'M.Sc(Electronics)', 10, '2024-12-09 04:07:07', '2024-12-09 04:07:07'),
(262, 'M.S.(EAM)', 10, '2024-12-09 04:07:07', '2024-12-09 04:07:07'),
(263, 'M.S.(Adapt.Met)', 10, '2024-12-09 04:07:07', '2024-12-09 04:07:07'),
(264, 'M.Sc(Nuclear Chemistry)', 10, '2024-12-09 04:07:07', '2024-12-09 04:07:07'),
(265, 'M.S.(Arc.Met)', 10, '2024-12-09 04:07:07', '2024-12-09 04:07:07'),
(266, 'M.Sc(Geology)', 10, '2024-12-09 04:07:07', '2024-12-09 04:07:07'),
(267, 'M.Sc(Mathematics)', 10, '2024-12-09 04:07:07', '2024-12-09 04:07:07'),
(268, 'M.Sc(Microbiology)', 10, '2024-12-09 04:07:07', '2024-12-09 04:07:07'),
(269, 'M.Sc(Physics)', 10, '2024-12-09 04:07:07', '2024-12-09 04:07:07'),
(270, 'M.Sc(Zoology)', 10, '2024-12-09 04:07:07', '2024-12-09 04:07:07'),
(271, 'M.Sc(Engineering Physics)', 10, '2024-12-09 04:07:07', '2024-12-09 04:07:07'),
(272, 'M.Sc(Apply Mathematics)', 10, '2024-12-09 04:07:07', '2024-12-09 04:07:07'),
(273, 'M.M.T.M', 10, '2024-12-09 04:07:07', '2024-12-09 04:07:07'),
(274, 'M.S.(E.Geol)', 10, '2024-12-09 04:07:07', '2024-12-09 04:07:07'),
(275, 'M.S.(Bio.T)', 10, '2024-12-09 04:07:07', '2024-12-09 04:07:07'),
(276, 'M.E.(Civil)', 10, '2024-12-09 04:07:07', '2024-12-09 04:07:07'),
(277, 'M.E.(CSE)', 10, '2024-12-09 04:07:07', '2024-12-09 04:07:07'),
(278, 'M.E.(CWRE)', 10, '2024-12-09 04:07:07', '2024-12-09 04:07:07'),
(279, 'M.E.(CGE)', 10, '2024-12-09 04:07:07', '2024-12-09 04:07:07'),
(280, 'M.Comm.H', 10, '2024-12-09 04:07:07', '2024-12-09 04:07:07'),
(281, 'M.E.(CTE)', 10, '2024-12-09 04:07:07', '2024-12-09 04:07:07'),
(282, 'M.E.(CM)', 10, '2024-12-09 04:07:07', '2024-12-09 04:07:07'),
(283, 'M.E.(Mech)', 10, '2024-12-09 04:07:07', '2024-12-09 04:07:07'),
(284, 'M.E.(EP)', 10, '2024-12-09 04:07:07', '2024-12-09 04:07:07'),
(285, 'M.E.(EC)', 10, '2024-12-09 04:07:07', '2024-12-09 04:07:07'),
(286, 'M.E.(IT)', 10, '2024-12-09 04:07:07', '2024-12-09 04:07:07'),
(287, 'M.E.(CEIT)', 10, '2024-12-09 04:07:07', '2024-12-09 04:07:07'),
(288, 'M.E.(McE)', 10, '2024-12-09 04:07:07', '2024-12-09 04:07:07'),
(289, 'M.E.(Chemical)', 10, '2024-12-09 04:07:07', '2024-12-09 04:07:07'),
(290, 'M.E.(Tex)', 10, '2024-12-09 04:07:07', '2024-12-09 04:07:07'),
(291, 'M.Sc(Biotechnology)', 10, '2024-12-09 04:07:07', '2024-12-09 04:07:07'),
(292, 'M.Sc(Engineering Mathematics)', 10, '2024-12-09 04:07:07', '2024-12-09 04:07:07'),
(293, 'M.Sc(Environmental Studies)', 10, '2024-12-09 04:07:07', '2024-12-09 04:07:07'),
(294, 'M.Sc(Nuclear Physics)', 10, '2024-12-09 04:07:07', '2024-12-09 04:07:07'),
(295, 'M.Sc(Industrial Chemistry)', 10, '2024-12-09 04:07:07', '2024-12-09 04:07:07'),
(296, 'M.E.(Mechatronics)', 10, '2024-12-09 04:07:07', '2024-12-09 04:07:07'),
(297, 'M.E.(Min)', 10, '2024-12-09 04:07:07', '2024-12-09 04:07:07'),
(298, 'M.E.(PE)', 10, '2024-12-09 04:07:07', '2024-12-09 04:07:07'),
(299, 'M.E.(Met)', 10, '2024-12-09 04:07:07', '2024-12-09 04:07:07'),
(300, 'M.E.(Adapt.Met)', 10, '2024-12-09 04:07:07', '2024-12-09 04:07:07'),
(301, 'M.E.(Ext.Met)', 10, '2024-12-09 04:07:07', '2024-12-09 04:07:07'),
(302, 'M.E.(ChE)', 10, '2024-12-09 04:07:07', '2024-12-09 04:07:07'),
(303, 'M.E.(NT)', 10, '2024-12-09 04:07:07', '2024-12-09 04:07:07'),
(304, 'M.Arch', 10, '2024-12-09 04:07:07', '2024-12-09 04:07:07'),
(305, 'M.F.T', 10, '2024-12-09 04:07:07', '2024-12-09 04:07:07'),
(306, 'M.E.(PV)', 10, '2024-12-09 04:07:07', '2024-12-09 04:07:07'),
(307, 'M.E.(AV)', 10, '2024-12-09 04:07:07', '2024-12-09 04:07:07'),
(308, 'M.E.(EI)', 10, '2024-12-09 04:07:07', '2024-12-09 04:07:07'),
(309, 'M.Agr.Sc', 10, '2024-12-09 04:07:07', '2024-12-09 04:07:07'),
(310, 'M.Sc(Forestry)', 10, '2024-12-09 04:07:07', '2024-12-09 04:07:07'),
(311, 'M.I.Sc', 10, '2024-12-09 04:07:07', '2024-12-09 04:07:07'),
(312, 'M.A.Sc', 10, '2024-12-09 04:07:07', '2024-12-09 04:07:07'),
(313, 'M.Sc(Forest Product)', 10, '2024-12-09 04:07:07', '2024-12-09 04:07:07'),
(314, 'M.Sc(Marine Science) ', 10, '2024-12-09 04:07:07', '2024-12-09 04:07:07'),
(315, 'M.Sc(Biochemistry)', 10, '2024-12-09 04:07:07', '2024-12-09 04:07:07'),
(316, 'M.Sc(Botany)', 10, '2024-12-09 04:07:07', '2024-12-09 04:07:07'),
(317, 'M.Sc(Chemistry)', 10, '2024-12-09 04:07:07', '2024-12-09 04:07:07'),
(318, 'M.P.H', 10, '2024-12-09 04:07:07', '2024-12-09 04:07:07'),
(319, 'M.H.A', 10, '2024-12-09 04:07:07', '2024-12-09 04:07:07'),
(320, 'M.E.(Mechanical)', 10, '2024-12-09 04:07:07', '2024-12-09 04:07:07'),
(321, 'M.C.Sc', 11, '2024-12-09 04:07:07', '2024-12-09 04:07:07'),
(322, 'M.C.Tech', 11, '2024-12-09 04:07:07', '2024-12-09 04:07:07'),
(323, 'M.E.(CS)', 11, '2024-12-09 04:07:07', '2024-12-09 04:07:07'),
(324, 'M.C.Sc.(SE)', 11, '2024-12-09 04:07:07', '2024-12-09 04:07:07'),
(325, 'M.C.Sc.(BIS)', 11, '2024-12-09 04:07:07', '2024-12-09 04:07:07'),
(326, 'M.C.Sc.(KE)', 11, '2024-12-09 04:07:07', '2024-12-09 04:07:07'),
(327, 'M.C.Sc.(HPC)', 11, '2024-12-09 04:07:07', '2024-12-09 04:07:07'),
(328, 'M.C.Sc.(CSF)', 11, '2024-12-09 04:07:07', '2024-12-09 04:07:07'),
(329, 'M.C.Tech.(NWK)', 11, '2024-12-09 04:07:07', '2024-12-09 04:07:07'),
(330, 'M.C.Tech.(ES,ES)', 11, '2024-12-09 04:07:07', '2024-12-09 04:07:07'),
(331, 'MRes(Anthropology)', 12, '2024-12-09 04:07:07', '2024-12-09 04:07:07'),
(332, 'Mres(Archaeology)', 12, '2024-12-09 04:07:07', '2024-12-09 04:07:07'),
(333, 'Mres(Computer Sciences)', 12, '2024-12-09 04:07:07', '2024-12-09 04:07:07'),
(334, 'Mres(Creative Writing)', 12, '2024-12-09 04:07:07', '2024-12-09 04:07:07'),
(335, 'Mres(International Relations)', 12, '2024-12-09 04:07:07', '2024-12-09 04:07:07'),
(336, 'Mres(Law)', 12, '2024-12-09 04:07:07', '2024-12-09 04:07:07'),
(337, 'Mres(Librart and Information Studies)', 12, '2024-12-09 04:07:07', '2024-12-09 04:07:07'),
(338, 'Mres(Biotechnology)', 12, '2024-12-09 04:07:07', '2024-12-09 04:07:07'),
(339, 'Mres(Environmental Studies)', 12, '2024-12-09 04:07:07', '2024-12-09 04:07:07'),
(340, 'Mres(Industrial Chemistry)', 12, '2024-12-09 04:07:07', '2024-12-09 04:07:07'),
(341, 'Mres(Myanmar)', 12, '2024-12-09 04:07:07', '2024-12-09 04:07:07'),
(342, 'Mres(English)', 12, '2024-12-09 04:07:07', '2024-12-09 04:07:07'),
(343, 'Mres(Marine Science)', 12, '2024-12-09 04:07:07', '2024-12-09 04:07:07'),
(344, 'Mres(Biochemistry)', 12, '2024-12-09 04:07:07', '2024-12-09 04:07:07'),
(345, 'Mres(Botany)', 12, '2024-12-09 04:07:07', '2024-12-09 04:07:07'),
(346, 'MRes(Geography)', 12, '2024-12-09 04:07:07', '2024-12-09 04:07:07'),
(347, 'Mres(Geology)', 12, '2024-12-09 04:07:07', '2024-12-09 04:07:07'),
(348, 'Mres(Chemisty)', 12, '2024-12-09 04:07:07', '2024-12-09 04:07:07'),
(349, 'Mres(History)', 12, '2024-12-09 04:07:07', '2024-12-09 04:07:07'),
(350, 'Mres(Mathematics)', 12, '2024-12-09 04:07:07', '2024-12-09 04:07:07'),
(351, 'Mres(Microbiology)', 12, '2024-12-09 04:07:07', '2024-12-09 04:07:07'),
(352, 'Mres(Oriental Studies)', 12, '2024-12-09 04:07:07', '2024-12-09 04:07:07'),
(353, 'Mres(Philosophy)', 12, '2024-12-09 04:07:07', '2024-12-09 04:07:07'),
(354, 'MRes(Physics)', 12, '2024-12-09 04:07:07', '2024-12-09 04:07:07'),
(355, 'Mres(Psychology)', 12, '2024-12-09 04:07:07', '2024-12-09 04:07:07'),
(356, 'Mres(Zoology)', 12, '2024-12-09 04:07:07', '2024-12-09 04:07:07'),
(357, 'Mres(Myanmar Studies)', 12, '2024-12-09 04:07:07', '2024-12-09 04:07:07'),
(358, 'Mres(Nuclear Physics)', 12, '2024-12-09 04:07:07', '2024-12-09 04:07:07'),
(359, 'Mres(Statistics)', 12, '2024-12-09 04:07:07', '2024-12-09 04:07:07'),
(360, 'Ph.D.(Civil)', 13, '2024-12-09 04:07:07', '2024-12-09 04:07:07'),
(361, 'Ph.D.(CSE)', 13, '2024-12-09 04:07:07', '2024-12-09 04:07:07'),
(362, 'Ph.D.(CWRE)', 13, '2024-12-09 04:07:07', '2024-12-09 04:07:07'),
(363, 'Ph.D.(CGE)', 13, '2024-12-09 04:07:07', '2024-12-09 04:07:07'),
(364, 'Ph.D.(CTE)', 13, '2024-12-09 04:07:07', '2024-12-09 04:07:07'),
(365, 'Ph.D.(CM)', 13, '2024-12-09 04:07:07', '2024-12-09 04:07:07'),
(366, 'Ph.D.(CCE)', 13, '2024-12-09 04:07:07', '2024-12-09 04:07:07'),
(367, 'Ph.D.(Env.S)', 13, '2024-12-09 04:07:07', '2024-12-09 04:07:07'),
(368, 'Ph.D.(Myanmar)', 13, '2024-12-09 04:07:07', '2024-12-09 04:07:07'),
(369, 'Ph.D.(Oriental Studies)', 13, '2024-12-09 04:07:07', '2024-12-09 04:07:07'),
(370, 'Ph.D.(Philosophy)', 13, '2024-12-09 04:07:07', '2024-12-09 04:07:07'),
(371, 'Ph.D.(Physics)', 13, '2024-12-09 04:07:07', '2024-12-09 04:07:07'),
(372, 'Ph.D.(English)', 13, '2024-12-09 04:07:07', '2024-12-09 04:07:07'),
(373, 'Ph.D.(Geography)', 13, '2024-12-09 04:07:07', '2024-12-09 04:07:07'),
(374, 'Ph.D.(Geology)', 13, '2024-12-09 04:07:07', '2024-12-09 04:07:07'),
(375, 'Ph.D.(Nanoscience and Nanotechnology)', 13, '2024-12-09 04:07:07', '2024-12-09 04:07:07'),
(376, 'Ph.D.(EE)', 13, '2024-12-09 04:07:07', '2024-12-09 04:07:07'),
(377, 'Ph.D.(IME)', 13, '2024-12-09 04:07:07', '2024-12-09 04:07:07'),
(378, 'Ph.D.(TFE)', 13, '2024-12-09 04:07:07', '2024-12-09 04:07:07'),
(379, 'Ph.D.(SSM)', 13, '2024-12-09 04:07:07', '2024-12-09 04:07:07'),
(380, 'Ph.D.(Mech)', 13, '2024-12-09 04:07:07', '2024-12-09 04:07:07'),
(381, 'Ph.D.(EP)', 13, '2024-12-09 04:07:07', '2024-12-09 04:07:07'),
(382, 'Ph.D.(EC)', 13, '2024-12-09 04:07:07', '2024-12-09 04:07:07'),
(383, 'Ph.D.(IT)', 13, '2024-12-09 04:07:07', '2024-12-09 04:07:07'),
(384, 'Ph.D.(Psychology)', 13, '2024-12-09 04:07:07', '2024-12-09 04:07:07'),
(385, 'Ph.D.(Statistics)', 13, '2024-12-09 04:07:07', '2024-12-09 04:07:07'),
(386, 'Ph.D.(Zoology)', 13, '2024-12-09 04:07:07', '2024-12-09 04:07:07'),
(387, 'Ph.D.(Marine Science)', 13, '2024-12-09 04:07:07', '2024-12-09 04:07:07'),
(388, 'Ph.D.(Law)', 13, '2024-12-09 04:07:07', '2024-12-09 04:07:07'),
(389, 'Ph.D.(Mathematics)', 13, '2024-12-09 04:07:07', '2024-12-09 04:07:07'),
(390, 'Ph.D.(Nuclear Physics)', 13, '2024-12-09 04:07:07', '2024-12-09 04:07:07'),
(391, 'Ph.D.(CEIT)', 13, '2024-12-09 04:07:07', '2024-12-09 04:07:07'),
(392, 'Ph.D.(McE)', 13, '2024-12-09 04:07:07', '2024-12-09 04:07:07'),
(393, 'Ph.D.(ChE)', 13, '2024-12-09 04:07:07', '2024-12-09 04:07:07'),
(394, 'Ph.D.(Tex)', 13, '2024-12-09 04:07:07', '2024-12-09 04:07:07'),
(395, 'Ph.D.(TF)', 13, '2024-12-09 04:07:07', '2024-12-09 04:07:07'),
(396, 'Ph.D.(Mn)', 13, '2024-12-09 04:07:07', '2024-12-09 04:07:07'),
(397, 'Ph.D.(PE)', 13, '2024-12-09 04:07:07', '2024-12-09 04:07:07'),
(398, 'Ph.D.(Met)', 13, '2024-12-09 04:07:07', '2024-12-09 04:07:07'),
(399, 'Ph.D.(Anthropology)', 13, '2024-12-09 04:07:07', '2024-12-09 04:07:07'),
(400, 'Ph.D.(Archaeology)', 13, '2024-12-09 04:07:07', '2024-12-09 04:07:07'),
(401, 'Ph.D.(Chinese)', 13, '2024-12-09 04:07:07', '2024-12-09 04:07:07'),
(402, 'Ph.D.(Computer Sciences)', 13, '2024-12-09 04:07:07', '2024-12-09 04:07:07'),
(403, 'Ph.D.(Law)', 13, '2024-12-09 04:07:07', '2024-12-09 04:07:07'),
(404, 'Ph.D.(Mathematics)', 13, '2024-12-09 04:07:07', '2024-12-09 04:07:07'),
(405, 'Ph.D.(Nuclear Physics)', 13, '2024-12-09 04:07:07', '2024-12-09 04:07:07'),
(406, 'Ph.D.(Arch)', 13, '2024-12-09 04:07:07', '2024-12-09 04:07:07'),
(407, 'Ph.D.(NT)', 13, '2024-12-09 04:07:07', '2024-12-09 04:07:07'),
(408, 'Ph.D.(Bio-T)', 13, '2024-12-09 04:07:07', '2024-12-09 04:07:07'),
(409, 'Ph.D.(IT)', 13, '2024-12-09 04:07:07', '2024-12-09 04:07:07'),
(410, 'Ph.D.(Botany)', 13, '2024-12-09 04:07:07', '2024-12-09 04:07:07'),
(411, 'Ph.D.(Chemistry)', 13, '2024-12-09 04:07:07', '2024-12-09 04:07:07'),
(412, 'Ph.D.(Commerce)', 13, '2024-12-09 04:07:07', '2024-12-09 04:07:07'),
(413, 'Ph.D.(Economics)', 13, '2024-12-09 04:07:07', '2024-12-09 04:07:07'),
(414, 'Ph.D.(Industrial Chemistry)', 13, '2024-12-09 04:07:07', '2024-12-09 04:07:07'),
(415, 'Ph.D.(Library ', 13, '2024-12-09 04:07:07', '2024-12-09 04:07:07'),
(416, 'and Information Studies)', 13, '2024-12-09 04:07:07', '2024-12-09 04:07:07'),
(417, 'Ph.D.(Apply Mathematics)', 13, '2024-12-09 04:07:07', '2024-12-09 04:07:07'),
(418, 'Ph.D.(Nuclear Chemistry)', 13, '2024-12-09 04:07:07', '2024-12-09 04:07:07'),
(419, 'Ph.D.(History)', 13, '2024-12-09 04:07:07', '2024-12-09 04:07:07'),
(420, 'Ph.D.(Electronics)', 13, '2024-12-09 04:07:07', '2024-12-09 04:07:07'),
(421, 'Ph.D.(Electronics)', 13, '2024-12-09 04:07:07', '2024-12-09 04:07:07'),
(422, 'Doctor of Letters (Honoris Causa) (English)', 14, '2024-12-09 04:07:07', '2024-12-09 04:07:07'),
(423, 'Doctor of Letters (Honoris Causa) (History)', 14, '2024-12-09 04:07:07', '2024-12-09 04:07:07'),
(424, 'Doctor of Letters (Honoris Causa) (Myanmar)', 14, '2024-12-09 04:07:07', '2024-12-09 04:07:07'),
(425, 'Doctor of Letters (Honoris Causa) (Zoology)', 14, '2024-12-09 04:07:07', '2024-12-09 04:07:07'),
(426, 'Doctor of Letters (Honoris Causa) (Law)', 14, '2024-12-09 04:07:07', '2024-12-09 04:07:07'),
(427, 'Doctor of Letters (Honoris Causa) (Mathematics)', 14, '2024-12-09 04:07:07', '2024-12-09 04:07:07'),
(428, 'Doctor of Letters (Honoris Causa) (Oriental Studies)', 14, '2024-12-09 04:07:07', '2024-12-09 04:07:07'),
(429, 'Doctor of Letters (Honoris Causa) (Philosophy)', 14, '2024-12-09 04:07:07', '2024-12-09 04:07:07'),
(430, 'Doctor of Letters (Honoris Causa) (Psychology)', 14, '2024-12-09 04:07:07', '2024-12-09 04:07:07'),
(431, 'AGTI(Civil)', 15, '2024-12-09 04:07:07', '2024-12-09 04:07:07'),
(432, 'AGTI(EC)', 15, '2024-12-09 04:07:07', '2024-12-09 04:07:07'),
(433, 'AGTI(EP)', 15, '2024-12-09 04:07:07', '2024-12-09 04:07:07'),
(434, 'AGTI(Mech)', 15, '2024-12-09 04:07:07', '2024-12-09 04:07:07'),
(435, 'AGTI(IT)', 15, '2024-12-09 04:07:07', '2024-12-09 04:07:07'),
(436, 'AGTI(IE)', 15, '2024-12-09 04:07:07', '2024-12-09 04:07:07'),
(437, 'AGTI(FM)', 15, '2024-12-09 04:07:07', '2024-12-09 04:07:07'),
(438, 'AGTI(ATM)', 15, '2024-12-09 04:07:07', '2024-12-09 04:07:07'),
(439, 'AGTI(EEI)', 15, '2024-12-09 04:07:07', '2024-12-09 04:07:07'),
(440, 'GTHS(BT)', 15, '2024-12-09 04:07:07', '2024-12-09 04:07:07'),
(441, 'GTHS(EcT)', 15, '2024-12-09 04:07:07', '2024-12-09 04:07:07'),
(442, 'GTHS(ET)', 15, '2024-12-09 04:07:07', '2024-12-09 04:07:07'),
(443, 'GTHS(AT)', 15, '2024-12-09 04:07:07', '2024-12-09 04:07:07'),
(444, 'GTHS(MT)', 15, '2024-12-09 04:07:07', '2024-12-09 04:07:07'),
(445, 'GTHS(BST)', 15, '2024-12-09 04:07:07', '2024-12-09 04:07:07'),
(446, 'GTHS(MPT)', 15, '2024-12-09 04:07:07', '2024-12-09 04:07:07'),
(447, 'GTHS(IT)', 15, '2024-12-09 04:07:07', '2024-12-09 04:07:07'),
(448, 'Dip; IT', 15, '2024-12-09 04:07:07', '2024-12-09 04:07:07'),
(449, 'Dip; C.Sc', 15, '2024-12-09 04:07:07', '2024-12-09 04:07:07'),
(450, 'Dip; A.B.S', 15, '2024-12-09 04:07:07', '2024-12-09 04:07:07'),
(451, 'Dip; (Foresty)', 15, '2024-12-09 04:07:07', '2024-12-09 04:07:07'),
(452, 'Dip; (NS)', 15, '2024-12-09 04:07:07', '2024-12-09 04:07:07'),
(453, 'Dip; (Mar.Tech)', 15, '2024-12-09 04:07:07', '2024-12-09 04:07:07'),
(454, 'Dip; (SE)', 15, '2024-12-09 04:07:07', '2024-12-09 04:07:07'),
(455, 'Dip; (BM)', 15, '2024-12-09 04:07:07', '2024-12-09 04:07:07'),
(456, 'Dip; (ED)', 15, '2024-12-09 04:07:07', '2024-12-09 04:07:07'),
(457, 'Dip; (BFI)', 15, '2024-12-09 04:07:07', '2024-12-09 04:07:07'),
(458, 'Dip; (FM)', 15, '2024-12-09 04:07:07', '2024-12-09 04:07:07'),
(459, 'Dip; (BA)', 15, '2024-12-09 04:07:07', '2024-12-09 04:07:07'),
(460, 'PGD(NE)', 15, '2024-12-09 04:07:07', '2024-12-09 04:07:07'),
(461, 'PGD(SD)', 15, '2024-12-09 04:07:07', '2024-12-09 04:07:07'),
(462, 'PGD(CSE)', 15, '2024-12-09 04:07:07', '2024-12-09 04:07:07'),
(463, 'PGD(WRE)', 15, '2024-12-09 04:07:07', '2024-12-09 04:07:07'),
(464, 'PGD(Env.E)', 15, '2024-12-09 04:07:07', '2024-12-09 04:07:07'),
(465, 'PGD(Env.M)', 15, '2024-12-09 04:07:07', '2024-12-09 04:07:07'),
(466, 'PGD(CGE)', 15, '2024-12-09 04:07:07', '2024-12-09 04:07:07'),
(467, 'PGD(CM)', 15, '2024-12-09 04:07:07', '2024-12-09 04:07:07'),
(468, 'PGD(CTE)', 15, '2024-12-09 04:07:07', '2024-12-09 04:07:07'),
(469, 'PGD(CA)', 15, '2024-12-09 04:07:07', '2024-12-09 04:07:07'),
(470, 'PGD(RE)', 15, '2024-12-09 04:07:07', '2024-12-09 04:07:07'),
(471, 'PGD(MA)', 15, '2024-12-09 04:07:07', '2024-12-09 04:07:07'),
(472, 'PGD(IE)', 15, '2024-12-09 04:07:07', '2024-12-09 04:07:07'),
(473, 'PGD(RES)', 15, '2024-12-09 04:07:07', '2024-12-09 04:07:07'),
(474, 'PGD(AA)', 15, '2024-12-09 04:07:07', '2024-12-09 04:07:07'),
(475, 'PGD(EcE)', 15, '2024-12-09 04:07:07', '2024-12-09 04:07:07'),
(476, 'Dip; (MM)', 15, '2024-12-09 04:07:07', '2024-12-09 04:07:07'),
(477, 'Dip; (LWT)', 15, '2024-12-09 04:07:07', '2024-12-09 04:07:07'),
(478, 'Dip; (Buddha Damma)', 15, '2024-12-09 04:07:07', '2024-12-09 04:07:07'),
(479, 'AGTI(MP)', 15, '2024-12-09 04:07:07', '2024-12-09 04:07:07'),
(480, 'Dip; RS', 15, '2024-12-09 04:07:08', '2024-12-09 04:07:08'),
(481, 'Dip; S', 15, '2024-12-09 04:07:08', '2024-12-09 04:07:08'),
(482, 'Dip; SE', 15, '2024-12-09 04:07:08', '2024-12-09 04:07:08'),
(483, 'Dip; APsy', 15, '2024-12-09 04:07:08', '2024-12-09 04:07:08'),
(484, 'Dip; BL', 15, '2024-12-09 04:07:08', '2024-12-09 04:07:08'),
(485, 'Dip; IL', 15, '2024-12-09 04:07:08', '2024-12-09 04:07:08'),
(486, 'Dip; ELT', 15, '2024-12-09 04:07:08', '2024-12-09 04:07:08'),
(487, 'Dip; (English)', 15, '2024-12-09 04:07:08', '2024-12-09 04:07:08'),
(488, 'Dip; IR', 15, '2024-12-09 04:07:08', '2024-12-09 04:07:08'),
(489, 'Dip; OS', 15, '2024-12-09 04:07:08', '2024-12-09 04:07:08'),
(490, 'Dip; PS', 15, '2024-12-09 04:07:08', '2024-12-09 04:07:08'),
(491, 'Dip; TSM', 15, '2024-12-09 04:07:08', '2024-12-09 04:07:08'),
(492, 'Dip; DS', 15, '2024-12-09 04:07:08', '2024-12-09 04:07:08'),
(493, 'Dip; AA', 15, '2024-12-09 04:07:08', '2024-12-09 04:07:08'),
(494, 'Dip; B', 15, '2024-12-09 04:07:08', '2024-12-09 04:07:08'),
(495, 'Dip; EM', 15, '2024-12-09 04:07:08', '2024-12-09 04:07:08'),
(496, 'Dip; ES', 15, '2024-12-09 04:07:08', '2024-12-09 04:07:08'),
(497, 'Dip; ELTM', 15, '2024-12-09 04:07:08', '2024-12-09 04:07:08'),
(498, 'Dip; (Chinese)', 15, '2024-12-09 04:07:08', '2024-12-09 04:07:08'),
(499, 'Dip; (French)', 15, '2024-12-09 04:07:08', '2024-12-09 04:07:08'),
(500, 'Dip; (German)', 15, '2024-12-09 04:07:08', '2024-12-09 04:07:08');

INSERT INTO `hrmsNew`.`education` (`id`, `name`, `education_type_id`, `created_at`, `updated_at`) VALUES 
(501, 'Dip; (Italian)', 15, '2024-12-09 04:07:08', '2024-12-09 04:07:08'),
(502, 'Dip; (Japanese)', 15, '2024-12-09 04:07:08', '2024-12-09 04:07:08'),
(503, 'Dip; (Korean)', 15, '2024-12-09 04:07:08', '2024-12-09 04:07:08'),
(504, 'Dip; (Myanmar)', 15, '2024-12-09 04:07:08', '2024-12-09 04:07:08'),
(505, 'PGD(Tele)', 15, '2024-12-09 04:07:08', '2024-12-09 04:07:08'),
(506, 'PGD(Russian)', 15, '2024-12-09 04:07:08', '2024-12-09 04:07:08'),
(507, 'PGD(Bio.MET)', 15, '2024-12-09 04:07:08', '2024-12-09 04:07:08'),
(508, 'PGD(Korean)', 15, '2024-12-09 04:07:08', '2024-12-09 04:07:08'),
(509, 'PGD(Tex)', 15, '2024-12-09 04:07:08', '2024-12-09 04:07:08'),
(510, 'PGD(EIA/EMS)', 15, '2024-12-09 04:07:08', '2024-12-09 04:07:08'),
(511, 'PGD(Japanese)', 15, '2024-12-09 04:07:08', '2024-12-09 04:07:08'),
(512, 'PGD(FT)', 15, '2024-12-09 04:07:08', '2024-12-09 04:07:08'),
(513, 'PGD(German)', 15, '2024-12-09 04:07:08', '2024-12-09 04:07:08'),
(514, 'PGD(Arc.Met)', 15, '2024-12-09 04:07:08', '2024-12-09 04:07:08'),
(515, 'PGD(Ext.Met)', 15, '2024-12-09 04:07:08', '2024-12-09 04:07:08'),
(516, 'PGD(French)', 15, '2024-12-09 04:07:08', '2024-12-09 04:07:08'),
(517, 'PGD(Adapt.Met)', 15, '2024-12-09 04:07:08', '2024-12-09 04:07:08'),
(518, 'PGD(E.Geol)', 15, '2024-12-09 04:07:08', '2024-12-09 04:07:08'),
(519, 'PGD(Chinese)', 15, '2024-12-09 04:07:08', '2024-12-09 04:07:08'),
(520, 'PGD(SSSE)', 15, '2024-12-09 04:07:08', '2024-12-09 04:07:08'),
(521, 'Dip; (Russian)', 15, '2024-12-09 04:07:08', '2024-12-09 04:07:08'),
(522, 'Dip; (Thai)', 15, '2024-12-09 04:07:08', '2024-12-09 04:07:08'),
(523, 'Dip; (Anthropology)', 15, '2024-12-09 04:07:08', '2024-12-09 04:07:08'),
(524, 'Dip; (Apply Geology)', 15, '2024-12-09 04:07:08', '2024-12-09 04:07:08'),
(525, 'Dip; (Apply Physics)', 15, '2024-12-09 04:07:08', '2024-12-09 04:07:08'),
(526, 'Dip; (Geology)', 15, '2024-12-09 04:07:08', '2024-12-09 04:07:08'),
(527, 'Dip; (IL)', 15, '2024-12-09 04:07:08', '2024-12-09 04:07:08'),
(528, 'Dip; (IR)', 15, '2024-12-09 04:07:08', '2024-12-09 04:07:08'),
(529, 'Dip; (Law)', 15, '2024-12-09 04:07:08', '2024-12-09 04:07:08'),
(530, 'Dip; (ML)', 15, '2024-12-09 04:07:08', '2024-12-09 04:07:08'),
(531, 'Dip; (DTSM) (Myanmar)', 15, '2024-12-09 04:07:08', '2024-12-09 04:07:08'),
(532, 'Dip; (EDCS) WBTS', 15, '2024-12-09 04:07:08', '2024-12-09 04:07:08'),
(533, 'Dip; (ELT)', 15, '2024-12-09 04:07:08', '2024-12-09 04:07:08'),
(534, 'Dip; (GIS)', 15, '2024-12-09 04:07:08', '2024-12-09 04:07:08'),
(535, 'Dip; (Library and Information Studies)', 15, '2024-12-09 04:07:08', '2024-12-09 04:07:08'),
(536, 'Dip; (DPCS)', 15, '2024-12-09 04:07:08', '2024-12-09 04:07:08'),
(537, 'Dip; Industrial Chemistry (Food Technology)', 15, '2024-12-09 04:07:08', '2024-12-09 04:07:08'),
(538, 'Dip; (Apply Psychology)', 15, '2024-12-09 04:07:08', '2024-12-09 04:07:08'),
(539, 'Dip; (Archaeology)', 15, '2024-12-09 04:07:08', '2024-12-09 04:07:08'),
(540, 'Dip; (Social Work)', 15, '2024-12-09 04:07:08', '2024-12-09 04:07:08'),
(541, 'Dip; (Management and Administration)', 15, '2024-12-09 04:07:08', '2024-12-09 04:07:08'),
(542, 'AGDI(MT&DE)', 15, '2024-12-09 04:07:08', '2024-12-09 04:07:08'),
(543, 'AGDI(Electronic)', 15, '2024-12-09 04:07:08', '2024-12-09 04:07:08'),
(544, 'AGDI(ME)', 15, '2024-12-09 04:07:08', '2024-12-09 04:07:08'),
(545, 'AGDI(S&H)', 15, '2024-12-09 04:07:08', '2024-12-09 04:07:08'),
(546, 'AGDI(Metallurgical Engineering)', 15, '2024-12-09 04:07:08', '2024-12-09 04:07:08'),
(547, 'AGDI(Chem)', 15, '2024-12-09 04:07:08', '2024-12-09 04:07:08'),
(548, 'Dip; Cs', 15, '2024-12-09 04:07:08', '2024-12-09 04:07:08'),
(549, 'PGD(WE)', 15, '2024-12-09 04:07:08', '2024-12-09 04:07:08'),
(550, 'PGD(Global)', 15, '2024-12-09 04:07:08', '2024-12-09 04:07:08'),
(551, 'PGD(Sculpture)', 15, '2024-12-09 04:07:08', '2024-12-09 04:07:08'),
(552, 'PGD(Arg.S)', 15, '2024-12-09 04:07:08', '2024-12-09 04:07:08'),
(553, 'PGD(SM)', 15, '2024-12-09 04:07:08', '2024-12-09 04:07:08'),
(554, 'PGD(Painting)', 15, '2024-12-09 04:07:08', '2024-12-09 04:07:08'),
(555, 'PGD(PM)', 15, '2024-12-09 04:07:08', '2024-12-09 04:07:08'),
(556, 'PGD(Museology)', 15, '2024-12-09 04:07:08', '2024-12-09 04:07:08'),
(557, 'PGD(Dramatic Art)', 15, '2024-12-09 04:07:08', '2024-12-09 04:07:08'),
(558, 'PGD(Applied Archaeology)', 15, '2024-12-09 04:07:08', '2024-12-09 04:07:08'),
(559, 'PGD(Music)', 15, '2024-12-09 04:07:08', '2024-12-09 04:07:08'),
(560, 'ADCSM', 15, '2024-12-09 04:07:08', '2024-12-09 04:07:08'),
(561, 'CPA', 15, '2024-12-09 04:07:08', '2024-12-09 04:07:08'),
(562, 'DA', 15, '2024-12-09 04:07:08', '2024-12-09 04:07:08'),
(563, 'M.E', 15, '2024-12-09 04:07:08', '2024-12-09 04:07:08'),
(564, 'PGDCA', 5, '2024-12-09 04:07:08', '2024-12-09 04:07:08'),
(565, 'B.C.SC(DSA)', 2, '2024-12-09 04:07:08', '2024-12-09 04:07:08'),
(566, 'M.Sc(Engg:&Tech)', 5, '2024-12-09 04:07:08', '2024-12-09 04:07:08'),
(567, 'B.E(Electrical Power)(DSTA)', 5, '2024-12-09 04:07:08', '2024-12-09 04:07:08');

INSERT INTO `hrmsNew`.`education_groups` (`id`, `name`, `created_at`, `updated_at`) VALUES 
(1, '', '2024-12-09 04:07:01', '2024-12-09 04:07:01'),
(2, '', '2024-12-09 04:07:01', '2024-12-09 04:07:01'),
(3, '', '2024-12-09 04:07:01', '2024-12-09 04:07:01'),
(4, '()', '2024-12-09 04:07:01', '2024-12-09 04:07:01'),
(5, ' Ph.D.', '2024-12-09 04:07:01', '2024-12-09 04:07:01'),
(6, 'Doctor of Letters', '2024-12-09 04:07:01', '2024-12-09 04:07:01'),
(7, '', '2024-12-09 04:07:01', '2024-12-09 04:07:01'),
(8, '', '2024-12-09 04:07:01', '2024-12-09 04:07:01');

INSERT INTO `hrmsNew`.`education_types` (`id`, `name`, `education_group_id`, `created_at`, `updated_at`) VALUES 
(1, '', 1, '2024-12-09 04:07:01', '2024-12-09 04:07:01'),
(2, '', 1, '2024-12-09 04:07:01', '2024-12-09 04:07:01'),
(3, '', 1, '2024-12-09 04:07:01', '2024-12-09 04:07:01'),
(4, 'B.A  ', 2, '2024-12-09 04:07:01', '2024-12-09 04:07:01'),
(5, 'B.Sc  ', 2, '2024-12-09 04:07:01', '2024-12-09 04:07:01'),
(6, 'B.C.Sc. ', 2, '2024-12-09 04:07:01', '2024-12-09 04:07:01'),
(7, 'B.A(Hons.) ', 3, '2024-12-09 04:07:01', '2024-12-09 04:07:01'),
(8, 'B.Sc(Hons.) ', 3, '2024-12-09 04:07:01', '2024-12-09 04:07:01'),
(9, 'M.A ()', 4, '2024-12-09 04:07:01', '2024-12-09 04:07:01'),
(10, 'M.Sc ()', 4, '2024-12-09 04:07:01', '2024-12-09 04:07:01'),
(11, 'M.C.Sc ()', 4, '2024-12-09 04:07:01', '2024-12-09 04:07:01'),
(12, 'M.Res', 4, '2024-12-09 04:07:01', '2024-12-09 04:07:01'),
(13, '', 5, '2024-12-09 04:07:01', '2024-12-09 04:07:01'),
(14, '', 5, '2024-12-09 04:07:01', '2024-12-09 04:07:01'),
(15, '', 5, '2024-12-09 04:07:01', '2024-12-09 04:07:01'),
(16, '', 5, '2024-12-09 04:07:01', '2024-12-09 04:07:01'),
(17, '', 5, '2024-12-09 04:07:01', '2024-12-09 04:07:01'),
(18, '', 6, '2024-12-09 04:07:01', '2024-12-09 04:07:01'),
(19, '', 6, '2024-12-09 04:07:01', '2024-12-09 04:07:01'),
(20, '', 6, '2024-12-09 04:07:01', '2024-12-09 04:07:01'),
(21, '', 6, '2024-12-09 04:07:01', '2024-12-09 04:07:01'),
(23, '', 7, '2024-12-09 04:07:01', '2024-12-09 04:07:01'),
(24, '', 7, '2024-12-09 04:07:01', '2024-12-09 04:07:01'),
(25, '', 7, '2024-12-09 04:07:01', '2024-12-09 04:07:01'),
(26, '', 7, '2024-12-09 04:07:01', '2024-12-09 04:07:01'),
(27, '', 7, '2024-12-09 04:07:01', '2024-12-09 04:07:01');

INSERT INTO `hrmsNew`.`ethnics` (`id`, `name`, `created_at`, `updated_at`) VALUES 
(1, '', '2024-12-09 04:07:05', '2024-12-09 04:07:05'),
(2, '', '2024-12-09 04:07:05', '2024-12-09 04:07:05'),
(3, '', '2024-12-09 04:07:05', '2024-12-09 04:07:05'),
(4, '', '2024-12-09 04:07:05', '2024-12-09 04:07:05'),
(5, '', '2024-12-09 04:07:05', '2024-12-09 04:07:05'),
(6, '', '2024-12-09 04:07:05', '2024-12-09 04:07:05'),
(7, '', '2024-12-09 04:07:05', '2024-12-09 04:07:05'),
(8, '', '2024-12-09 04:07:05', '2024-12-09 04:07:05'),
(9, '', '2024-12-09 04:07:05', '2024-12-09 04:07:05'),
(10, '', '2024-12-09 04:07:05', '2024-12-09 04:07:05'),
(11, '', '2024-12-09 04:07:05', '2024-12-09 04:07:05'),
(12, '', '2024-12-09 04:07:05', '2024-12-09 04:07:05'),
(13, '', '2024-12-09 04:07:05', '2024-12-09 04:07:05'),
(14, '', '2024-12-09 04:07:05', '2024-12-09 04:07:05'),
(15, '', '2024-12-09 04:07:05', '2024-12-09 04:07:05'),
(16, '', '2024-12-09 04:07:05', '2024-12-09 04:07:05'),
(17, '', '2024-12-09 04:07:05', '2024-12-09 04:07:05'),
(18, '', '2024-12-09 04:07:05', '2024-12-09 04:07:05'),
(19, '', '2024-12-09 04:07:05', '2024-12-09 04:07:05'),
(20, '', '2024-12-09 04:07:05', '2024-12-09 04:07:05'),
(21, '', '2024-12-09 04:07:05', '2024-12-09 04:07:05'),
(22, '', '2024-12-09 04:07:05', '2024-12-09 04:07:05'),
(23, '', '2024-12-09 04:07:05', '2024-12-09 04:07:05'),
(24, '', '2024-12-09 04:07:05', '2024-12-09 04:07:05'),
(25, '', '2024-12-09 04:07:05', '2024-12-09 04:07:05'),
(26, '', '2024-12-09 04:07:05', '2024-12-09 04:07:05'),
(27, '', '2024-12-09 04:07:05', '2024-12-09 04:07:05'),
(28, '', '2024-12-09 04:07:05', '2024-12-09 04:07:05'),
(29, '', '2024-12-09 04:07:05', '2024-12-09 04:07:05'),
(30, '', '2024-12-09 04:07:05', '2024-12-09 04:07:05'),
(31, '', '2024-12-09 04:07:05', '2024-12-09 04:07:05'),
(32, '', '2024-12-09 04:07:05', '2024-12-09 04:07:05'),
(33, '', '2024-12-09 04:07:05', '2024-12-09 04:07:05'),
(34, '', '2024-12-09 04:07:05', '2024-12-09 04:07:05'),
(35, '', '2024-12-09 04:07:05', '2024-12-09 04:07:05'),
(36, '', '2024-12-09 04:07:05', '2024-12-09 04:07:05'),
(37, '', '2024-12-09 04:07:05', '2024-12-09 04:07:05'),
(38, '', '2024-12-09 04:07:05', '2024-12-09 04:07:05'),
(39, '', '2024-12-09 04:07:05', '2024-12-09 04:07:05'),
(40, '', '2024-12-09 04:07:05', '2024-12-09 04:07:05'),
(41, '', '2024-12-09 04:07:05', '2024-12-09 04:07:05'),
(42, '', '2024-12-09 04:07:05', '2024-12-09 04:07:05'),
(43, '', '2024-12-09 04:07:05', '2024-12-09 04:07:05'),
(44, '', '2024-12-09 04:07:05', '2024-12-09 04:07:05'),
(45, '', '2024-12-09 04:07:05', '2024-12-09 04:07:05'),
(46, '', '2024-12-09 04:07:05', '2024-12-09 04:07:05'),
(47, '', '2024-12-09 04:07:05', '2024-12-09 04:07:05'),
(48, '', '2024-12-09 04:07:05', '2024-12-09 04:07:05'),
(49, '', '2024-12-09 04:07:05', '2024-12-09 04:07:05'),
(50, '', '2024-12-09 04:07:05', '2024-12-09 04:07:05'),
(51, '', '2024-12-09 04:07:05', '2024-12-09 04:07:05'),
(52, '', '2024-12-09 04:07:05', '2024-12-09 04:07:05'),
(53, '', '2024-12-09 04:07:05', '2024-12-09 04:07:05'),
(54, '', '2024-12-09 04:07:05', '2024-12-09 04:07:05'),
(55, '', '2024-12-09 04:07:05', '2024-12-09 04:07:05'),
(56, '', '2024-12-09 04:07:05', '2024-12-09 04:07:05'),
(57, '', '2024-12-09 04:07:05', '2024-12-09 04:07:05'),
(58, '', '2024-12-09 04:07:05', '2024-12-09 04:07:05'),
(59, '', '2024-12-09 04:07:05', '2024-12-09 04:07:05'),
(60, '', '2024-12-09 04:07:05', '2024-12-09 04:07:05'),
(61, '', '2024-12-09 04:07:05', '2024-12-09 04:07:05'),
(62, '', '2024-12-09 04:07:05', '2024-12-09 04:07:05'),
(63, '', '2024-12-09 04:07:05', '2024-12-09 04:07:05'),
(64, '', '2024-12-09 04:07:05', '2024-12-09 04:07:05'),
(65, '', '2024-12-09 04:07:05', '2024-12-09 04:07:05'),
(66, '', '2024-12-09 04:07:05', '2024-12-09 04:07:05'),
(67, '', '2024-12-09 04:07:05', '2024-12-09 04:07:05'),
(68, '', '2024-12-09 04:07:05', '2024-12-09 04:07:05'),
(69, '', '2024-12-09 04:07:05', '2024-12-09 04:07:05'),
(70, '', '2024-12-09 04:07:05', '2024-12-09 04:07:05'),
(71, '', '2024-12-09 04:07:05', '2024-12-09 04:07:05'),
(72, '', '2024-12-09 04:07:05', '2024-12-09 04:07:05'),
(73, '', '2024-12-09 04:07:05', '2024-12-09 04:07:05'),
(74, '', '2024-12-09 04:07:05', '2024-12-09 04:07:05'),
(75, '', '2024-12-09 04:07:05', '2024-12-09 04:07:05'),
(76, '', '2024-12-09 04:07:05', '2024-12-09 04:07:05'),
(77, '', '2024-12-09 04:07:05', '2024-12-09 04:07:05'),
(78, '', '2024-12-09 04:07:05', '2024-12-09 04:07:05'),
(79, '', '2024-12-09 04:07:05', '2024-12-09 04:07:05'),
(80, '', '2024-12-09 04:07:05', '2024-12-09 04:07:05'),
(81, '', '2024-12-09 04:07:05', '2024-12-09 04:07:05'),
(82, '', '2024-12-09 04:07:05', '2024-12-09 04:07:05'),
(83, '', '2024-12-09 04:07:05', '2024-12-09 04:07:05'),
(84, '', '2024-12-09 04:07:05', '2024-12-09 04:07:05'),
(85, '', '2024-12-09 04:07:05', '2024-12-09 04:07:05'),
(86, '', '2024-12-09 04:07:05', '2024-12-09 04:07:05'),
(87, '', '2024-12-09 04:07:05', '2024-12-09 04:07:05'),
(88, '', '2024-12-09 04:07:05', '2024-12-09 04:07:05'),
(89, '', '2024-12-09 04:07:05', '2024-12-09 04:07:05'),
(90, '', '2024-12-09 04:07:05', '2024-12-09 04:07:05'),
(91, '', '2024-12-09 04:07:05', '2024-12-09 04:07:05'),
(92, '', '2024-12-09 04:07:05', '2024-12-09 04:07:05'),
(93, '', '2024-12-09 04:07:05', '2024-12-09 04:07:05'),
(94, '', '2024-12-09 04:07:05', '2024-12-09 04:07:05'),
(95, '', '2024-12-09 04:07:05', '2024-12-09 04:07:05'),
(96, '', '2024-12-09 04:07:05', '2024-12-09 04:07:05'),
(97, '', '2024-12-09 04:07:05', '2024-12-09 04:07:05'),
(98, '', '2024-12-09 04:07:05', '2024-12-09 04:07:05'),
(99, '', '2024-12-09 04:07:05', '2024-12-09 04:07:05'),
(100, '', '2024-12-09 04:07:05', '2024-12-09 04:07:05'),
(101, '', '2024-12-09 04:07:05', '2024-12-09 04:07:05'),
(102, '', '2024-12-09 04:07:05', '2024-12-09 04:07:05'),
(103, '', '2024-12-09 04:07:05', '2024-12-09 04:07:05'),
(104, '', '2024-12-09 04:07:05', '2024-12-09 04:07:05'),
(105, '', '2024-12-09 04:07:06', '2024-12-09 04:07:06'),
(106, '', '2024-12-09 04:07:06', '2024-12-09 04:07:06'),
(107, '', '2024-12-09 04:07:06', '2024-12-09 04:07:06'),
(108, '', '2024-12-09 04:07:06', '2024-12-09 04:07:06'),
(109, '', '2024-12-09 04:07:06', '2024-12-09 04:07:06'),
(110, '', '2024-12-09 04:07:06', '2024-12-09 04:07:06'),
(111, '', '2024-12-09 04:07:06', '2024-12-09 04:07:06'),
(112, '', '2024-12-09 04:07:06', '2024-12-09 04:07:06'),
(113, '', '2024-12-09 04:07:06', '2024-12-09 04:07:06'),
(114, '', '2024-12-09 04:07:06', '2024-12-09 04:07:06'),
(115, '', '2024-12-09 04:07:06', '2024-12-09 04:07:06'),
(116, '', '2024-12-09 04:07:06', '2024-12-09 04:07:06'),
(117, '', '2024-12-09 04:07:06', '2024-12-09 04:07:06'),
(118, '', '2024-12-09 04:07:06', '2024-12-09 04:07:06'),
(119, '', '2024-12-09 04:07:06', '2024-12-09 04:07:06'),
(120, '', '2024-12-09 04:07:06', '2024-12-09 04:07:06'),
(121, '', '2024-12-09 04:07:06', '2024-12-09 04:07:06'),
(122, '', '2024-12-09 04:07:06', '2024-12-09 04:07:06'),
(123, '', '2024-12-09 04:07:06', '2024-12-09 04:07:06'),
(124, '', '2024-12-09 04:07:06', '2024-12-09 04:07:06'),
(125, '', '2024-12-09 04:07:06', '2024-12-09 04:07:06'),
(126, '', '2024-12-09 04:07:06', '2024-12-09 04:07:06'),
(127, '', '2024-12-09 04:07:06', '2024-12-09 04:07:06'),
(128, '', '2024-12-09 04:07:06', '2024-12-09 04:07:06'),
(129, '', '2024-12-09 04:07:06', '2024-12-09 04:07:06'),
(130, '', '2024-12-09 04:07:06', '2024-12-09 04:07:06'),
(131, '', '2024-12-09 04:07:06', '2024-12-09 04:07:06'),
(132, '', '2024-12-09 04:07:06', '2024-12-09 04:07:06'),
(133, '', '2024-12-09 04:07:06', '2024-12-09 04:07:06'),
(134, '', '2024-12-09 04:07:06', '2024-12-09 04:07:06'),
(135, '', '2024-12-09 04:07:06', '2024-12-09 04:07:06'),
(136, '/', '2024-12-09 04:07:06', '2024-12-09 04:07:06'),
(137, '//', '2024-12-09 04:07:06', '2024-12-09 04:07:06');

INSERT INTO `hrmsNew`.`father_siblings` (`id`, `staff_id`, `name`, `ethnic_id`, `religion_id`, `gender_id`, `place_of_birth`, `occupation`, `address`, `relation_id`, `created_at`, `updated_at`) VALUES 
(4, 6, ' ', 86, 1, 2, '', '', ' ', 8, '2024-12-02 08:59:25', '2024-12-02 08:59:25'),
(5, 6, ' ', 86, 1, 2, '', '', ' ', 11, '2024-12-02 08:59:25', '2024-12-02 08:59:25'),
(6, 6, ' ', 86, 1, 1, '', '', ' ', 9, '2024-12-02 08:59:25', '2024-12-02 08:59:25'),
(19, 8, '', 126, 1, 1, '', ' ( )', ' ()   () ', 7, '2024-12-09 05:07:54', '2024-12-09 05:07:54'),
(20, 8, '', 126, 1, 2, '', '', ' ', 11, '2024-12-09 05:07:54', '2024-12-09 05:07:54');

INSERT INTO `hrmsNew`.`genders` (`id`, `name`, `created_at`, `updated_at`) VALUES 
(1, '', '2024-12-09 04:07:01', '2024-12-09 04:07:01'),
(2, '', '2024-12-09 04:07:01', '2024-12-09 04:07:01');

INSERT INTO `hrmsNew`.`increments` (`id`, `staff_id`, `increment_rank_id`, `min_salary`, `increment`, `max_salary`, `increment_date`, `increment_time`, `order_no`, `remark`, `created_at`, `updated_at`) VALUES (3, 3, 7, 234000, 2000, 244000, '2023-02-26', 1, '15/2023', '-', '2024-12-09 05:53:31', '2024-12-09 06:04:18');

INSERT INTO `hrmsNew`.`languages` (`id`, `name`, `created_at`, `updated_at`) VALUES 
(1, 'English', NULL, NULL),
(2, 'Spanish', NULL, NULL),
(3, 'French', NULL, NULL),
(4, 'German', NULL, NULL),
(5, 'Chinese (Simplified)', NULL, NULL),
(6, 'Chinese (Traditional)', NULL, NULL),
(7, 'Japanese', NULL, NULL),
(8, 'Korean', NULL, NULL),
(9, 'Arabic', NULL, NULL),
(10, 'Russian', NULL, NULL),
(11, 'Portuguese', NULL, NULL),
(12, 'Italian', NULL, NULL),
(13, 'Dutch', NULL, NULL),
(14, 'Hindi', NULL, NULL),
(15, 'Bengali', NULL, NULL),
(16, 'Thai', NULL, NULL),
(17, 'Turkish', NULL, NULL),
(18, 'Vietnamese', NULL, NULL),
(19, 'Greek', NULL, NULL),
(20, 'Swedish', NULL, NULL);

INSERT INTO `hrmsNew`.`leave_types` (`id`, `name`, `allowed`, `day_or_month_id`, `sort_no`, `is_yearly`, `created_at`, `updated_at`) VALUES 
(1, '', NULL, NULL, 1, 0, '2024-12-09 04:07:01', '2024-12-09 04:07:01'),
(2, '', NULL, NULL, 2, 0, '2024-12-09 04:07:01', '2024-12-09 04:07:01'),
(3, '/', NULL, NULL, 3, 0, '2024-12-09 04:07:01', '2024-12-09 04:07:01'),
(4, '', NULL, NULL, 4, 0, '2024-12-09 04:07:01', '2024-12-09 04:07:01'),
(5, '', NULL, NULL, 5, 0, '2024-12-09 04:07:02', '2024-12-09 04:07:02'),
(6, '', NULL, NULL, 6, 0, '2024-12-09 04:07:02', '2024-12-09 04:07:02'),
(7, '', NULL, NULL, 7, 0, '2024-12-09 04:07:02', '2024-12-09 04:07:02');

INSERT INTO `hrmsNew`.`leaves` (`id`, `staff_id`, `leave_type_id`, `current_division_id`, `from_date`, `to_date`, `qty`, `order_no`, `remark`, `created_at`, `updated_at`) VALUES 
(1, 3, 2, NULL, '2023-10-23', '2023-10-25', 3, '/', '-', '2024-11-22 09:32:26', '2024-11-22 09:32:26'),
(2, 3, 2, 11, '2024-11-09', '2024-11-20', 12, '/', '-', '2024-12-09 08:18:33', '2024-12-09 08:18:33');

INSERT INTO `hrmsNew`.`letter_types` (`id`, `name`, `created_at`, `updated_at`) VALUES 
(1, '', '2024-12-09 04:07:02', '2024-12-09 04:07:02'),
(2, '', '2024-12-09 04:07:02', '2024-12-09 04:07:02'),
(3, '', '2024-12-09 04:07:02', '2024-12-09 04:07:02');

INSERT INTO `hrmsNew`.`marital_status_types` (`id`, `name`, `created_at`, `updated_at`) VALUES 
(1, 'single', '2024-12-09 04:07:08', '2024-12-09 04:07:08'),
(2, 'married', '2024-12-09 04:07:08', '2024-12-09 04:07:08');

INSERT INTO `hrmsNew`.`marital_statuses` (`id`, `name`, `marital_status_type_id`, `created_at`, `updated_at`) VALUES 
(1, '', 1, '2024-12-09 04:07:08', '2024-12-09 04:07:08'),
(2, '', 1, '2024-12-09 04:07:08', '2024-12-09 04:07:08'),
(3, '', 1, '2024-12-09 04:07:08', '2024-12-09 04:07:08'),
(4, '', 1, '2024-12-09 04:07:08', '2024-12-09 04:07:08'),
(5, '', 1, '2024-12-09 04:07:08', '2024-12-09 04:07:08'),
(6, '', 2, '2024-12-09 04:07:08', '2024-12-09 04:07:08');

INSERT INTO `hrmsNew`.`migrations` (`id`, `migration`, `batch`) VALUES 
(1, '2024_08_01_041615_create_staff_types_table', 1),
(2, '2024_08_01_041835_create_payscales_table', 1),
(3, '2024_08_01_042516_create_ranks_table', 1),
(4, '2024_08_01_042847_create_posts_table', 1),
(5, '2024_08_01_043156_create_day_or_months_table', 1),
(6, '2024_08_01_043213_create_leave_types_table', 1),
(7, '2024_08_01_044118_create_countries_table', 1),
(8, '2024_08_01_045728_create_penalty_types_table', 1),
(9, '2024_08_01_045933_create_pension_types_table', 1),
(10, '2024_08_01_050049_create_education_groups_table', 1),
(11, '2024_08_01_050109_create_education_types_table', 1),
(12, '2024_08_01_050119_create_education_table', 1),
(13, '2024_08_01_050247_create_training_locations_table', 1),
(14, '2024_08_01_050824_create_ethnics_table', 1),
(15, '2024_08_01_051012_create_religions_table', 1),
(16, '2024_08_01_051132_create_genders_table', 1),
(17, '2024_08_01_052354_create_relations_table', 1),
(18, '2024_08_01_052548_create_pension_years_table', 1),
(19, '2024_08_01_053024_create_roles_table', 1),
(20, '2024_08_01_054220_create_permissions_table', 1),
(21, '2024_08_01_054327_create_role_permissions_table', 1),
(22, '2024_08_01_075544_create_blood_types_table', 1),
(23, '2024_08_01_081339_create_regions_table', 1),
(24, '2024_08_01_081513_create_districts_table', 1),
(25, '2024_08_01_081743_create_townships_table', 1),
(26, '2024_08_01_083204_create_nrc_region_ids_table', 1),
(27, '2024_08_01_083222_create_nrc_township_codes_table', 1),
(28, '2024_08_01_083242_create_nrc_signs_table', 1),
(29, '2024_08_01_101536_create_difficulty_levels_table', 1),
(30, '2024_08_01_110414_create_ministries_table', 1),
(31, '2024_08_01_110545_create_departments_table', 1),
(32, '2024_08_01_110637_create_divisions_table', 1),
(33, '2024_08_01_110728_create_sections_table', 1),
(34, '2024_08_01_112615_create_nationalities_table', 1),
(35, '2024_08_02_022151_create_marital_status_types_table', 1),
(36, '2024_08_02_038941_create_marital_statuses_table', 1),
(37, '2024_08_02_040941_create_staff_table', 1),
(38, '2024_08_02_041956_create_training_types_table', 1),
(39, '2024_08_02_044816_create_award_types_table', 1),
(40, '2024_08_02_045525_create_recommendations_table', 1),
(41, '2024_08_02_046256_create_division_ranks_table', 1),
(42, '2024_08_02_051401_create_social_activities_table', 1),
(43, '2024_08_02_051542_create_siblings_table', 1),
(44, '2024_08_02_060817_create_father__siblings_table', 1),
(45, '2024_08_02_062619_create_mother__siblings_table', 1),
(46, '2024_08_02_064647_create_spouses_table', 1),
(47, '2024_08_02_065449_create_childrens_table', 1),
(48, '2024_08_02_070351_create_spouse__siblings_table', 1),
(49, '2024_08_02_072029_create_spouse__father__siblings_table', 1),
(50, '2024_08_02_072421_create_spouse__mother__siblings_table', 1),
(51, '2024_08_03_040343_create_abroads_table', 1),
(52, '2024_08_03_040629_create_schools_table', 1),
(53, '2024_08_03_042802_create_punishment_criminals_table', 1),
(54, '2024_08_14_045444_create_staff_education_table', 1),
(55, '2024_08_14_053052_create_awards_table', 1),
(56, '2024_08_15_052753_create_awardings_table', 1),
(57, '2024_08_27_074039_create_past_occupations_table', 1),
(58, '2024_09_07_083226_create_division_types_table', 1),
(59, '2024_09_07_092720_create_leaves_table', 1),
(60, '2024_09_07_093933_create_increments_table', 1),
(61, '2024_09_17_091544_create_languages_table', 1),
(62, '2024_09_18_082046_create_staff_languages_table', 1),
(63, '2024_09_21_040942_create_postings_table', 1),
(64, '2024_09_22_042505_create_trainings_table', 1),
(65, '2024_09_23_044046_create_punishments_table', 1),
(66, '2024_09_23_063529_create_retire_types_table', 1),
(67, '2024_10_05_091718_create_salaries_table', 1),
(68, '2024_10_05_092818_create_promotions_table', 1),
(69, '2024_11_11_062157_create_statuses_table', 1),
(70, '2024_11_12_105304_create_labour_attendances_table', 1),
(71, '2024_11_13_025217_create_depromotions_table', 1),
(72, '2024_11_16_111332_create_last_pay_certificates_table', 1),
(73, '2024_11_23_074721_create_letter_types_table', 1),
(74, '2025_0001_01_01_000001_create_cache_table', 1),
(75, '2025_0001_01_01_000002_create_jobs_table', 1),
(76, '2025_01_01_01_000000_create_users_table', 1),
(77, '2024_12_04_042836_add_family_in_politics_text_to_staff', 2),
(78, '2024_12_04_033923_change_integer_to_string_in_military_pension', 3),
(79, '2024_12_06_055747_change_fees_from_training_from_integer_to_string--table=trainings', 4),
(80, '2024_12_06_064356_add_country_id_to_staff_education', 4),
(81, '2024_12_06_070135_add_column_name_to_labour_attendances_table', 4),
(82, '2024_12_06_071321_add_batch_to_trainings', 4);

INSERT INTO `hrmsNew`.`ministries` (`id`, `name`, `created_at`, `updated_at`) VALUES (1, ' ', '2024-12-09 04:07:08', '2024-12-09 04:07:08');

INSERT INTO `hrmsNew`.`mother_siblings` (`id`, `staff_id`, `name`, `ethnic_id`, `religion_id`, `gender_id`, `place_of_birth`, `occupation`, `address`, `relation_id`, `created_at`, `updated_at`) VALUES (7, 8, '', 103, 1, 1, '', '', ' ()    () ', 8, '2024-12-09 05:07:54', '2024-12-09 05:07:54');

INSERT INTO `hrmsNew`.`nationalities` (`id`, `name`, `created_at`, `updated_at`) VALUES 
(1, '', '2024-12-09 04:07:02', '2024-12-09 04:07:02'),
(2, '', '2024-12-09 04:07:02', '2024-12-09 04:07:02'),
(3, '', '2024-12-09 04:07:02', '2024-12-09 04:07:02'),
(4, '', '2024-12-09 04:07:02', '2024-12-09 04:07:02'),
(5, '', '2024-12-09 04:07:02', '2024-12-09 04:07:02'),
(6, '', '2024-12-09 04:07:02', '2024-12-09 04:07:02'),
(7, '', '2024-12-09 04:07:02', '2024-12-09 04:07:02'),
(8, '', '2024-12-09 04:07:02', '2024-12-09 04:07:02');

INSERT INTO `hrmsNew`.`nrc_region_ids` (`id`, `name`, `created_at`, `updated_at`) VALUES 
(1, '/', '2024-12-09 04:07:03', '2024-12-09 04:07:03'),
(2, '/', '2024-12-09 04:07:03', '2024-12-09 04:07:03'),
(3, '/', '2024-12-09 04:07:03', '2024-12-09 04:07:03'),
(4, '/', '2024-12-09 04:07:03', '2024-12-09 04:07:03'),
(5, '/', '2024-12-09 04:07:03', '2024-12-09 04:07:03'),
(6, '/', '2024-12-09 04:07:03', '2024-12-09 04:07:03'),
(7, '/', '2024-12-09 04:07:03', '2024-12-09 04:07:03'),
(8, '/', '2024-12-09 04:07:03', '2024-12-09 04:07:03'),
(9, '/', '2024-12-09 04:07:03', '2024-12-09 04:07:03'),
(10, '/', '2024-12-09 04:07:03', '2024-12-09 04:07:03'),
(11, '/', '2024-12-09 04:07:03', '2024-12-09 04:07:03'),
(12, '/', '2024-12-09 04:07:03', '2024-12-09 04:07:03'),
(13, '/', '2024-12-09 04:07:03', '2024-12-09 04:07:03'),
(14, '/', '2024-12-09 04:07:03', '2024-12-09 04:07:03');

INSERT INTO `hrmsNew`.`nrc_signs` (`id`, `name`, `created_at`, `updated_at`) VALUES 
(1, '()', '2024-12-09 04:07:03', '2024-12-09 04:07:03'),
(2, '()', '2024-12-09 04:07:03', '2024-12-09 04:07:03'),
(3, '()', '2024-12-09 04:07:03', '2024-12-09 04:07:03');

INSERT INTO `hrmsNew`.`nrc_township_codes` (`id`, `name`, `nrc_region_id_id`, `created_at`, `updated_at`) VALUES 
(1, '', 1, '2024-12-09 04:07:03', '2024-12-09 04:07:03'),
(2, '', 1, '2024-12-09 04:07:03', '2024-12-09 04:07:03'),
(3, '', 1, '2024-12-09 04:07:03', '2024-12-09 04:07:03'),
(4, '', 1, '2024-12-09 04:07:03', '2024-12-09 04:07:03'),
(5, '', 1, '2024-12-09 04:07:03', '2024-12-09 04:07:03'),
(6, '', 1, '2024-12-09 04:07:03', '2024-12-09 04:07:03'),
(7, '', 1, '2024-12-09 04:07:03', '2024-12-09 04:07:03'),
(8, '', 1, '2024-12-09 04:07:03', '2024-12-09 04:07:03'),
(9, '', 1, '2024-12-09 04:07:03', '2024-12-09 04:07:03'),
(10, '', 1, '2024-12-09 04:07:03', '2024-12-09 04:07:03'),
(11, '', 1, '2024-12-09 04:07:03', '2024-12-09 04:07:03'),
(12, '', 1, '2024-12-09 04:07:03', '2024-12-09 04:07:03'),
(13, '', 1, '2024-12-09 04:07:03', '2024-12-09 04:07:03'),
(14, '', 1, '2024-12-09 04:07:03', '2024-12-09 04:07:03'),
(15, '', 1, '2024-12-09 04:07:03', '2024-12-09 04:07:03'),
(16, '', 1, '2024-12-09 04:07:03', '2024-12-09 04:07:03'),
(17, '', 1, '2024-12-09 04:07:03', '2024-12-09 04:07:03'),
(18, '', 1, '2024-12-09 04:07:03', '2024-12-09 04:07:03'),
(19, '', 1, '2024-12-09 04:07:03', '2024-12-09 04:07:03'),
(20, '', 1, '2024-12-09 04:07:03', '2024-12-09 04:07:03'),
(21, '', 1, '2024-12-09 04:07:03', '2024-12-09 04:07:03'),
(22, '', 1, '2024-12-09 04:07:03', '2024-12-09 04:07:03'),
(23, '', 1, '2024-12-09 04:07:03', '2024-12-09 04:07:03'),
(24, '', 1, '2024-12-09 04:07:03', '2024-12-09 04:07:03'),
(25, '', 1, '2024-12-09 04:07:03', '2024-12-09 04:07:03'),
(26, '', 1, '2024-12-09 04:07:03', '2024-12-09 04:07:03'),
(27, '', 1, '2024-12-09 04:07:03', '2024-12-09 04:07:03'),
(28, '', 1, '2024-12-09 04:07:03', '2024-12-09 04:07:03'),
(29, '', 1, '2024-12-09 04:07:03', '2024-12-09 04:07:03'),
(30, '', 1, '2024-12-09 04:07:03', '2024-12-09 04:07:03'),
(31, '', 1, '2024-12-09 04:07:03', '2024-12-09 04:07:03'),
(32, '', 2, '2024-12-09 04:07:03', '2024-12-09 04:07:03'),
(33, '', 2, '2024-12-09 04:07:03', '2024-12-09 04:07:03'),
(34, '', 2, '2024-12-09 04:07:03', '2024-12-09 04:07:03'),
(35, '', 2, '2024-12-09 04:07:03', '2024-12-09 04:07:03'),
(36, '', 2, '2024-12-09 04:07:03', '2024-12-09 04:07:03'),
(37, '', 2, '2024-12-09 04:07:03', '2024-12-09 04:07:03'),
(38, '', 2, '2024-12-09 04:07:03', '2024-12-09 04:07:03'),
(39, '', 2, '2024-12-09 04:07:03', '2024-12-09 04:07:03'),
(40, '', 3, '2024-12-09 04:07:03', '2024-12-09 04:07:03'),
(41, '', 3, '2024-12-09 04:07:03', '2024-12-09 04:07:03'),
(42, '', 3, '2024-12-09 04:07:03', '2024-12-09 04:07:03'),
(43, '', 3, '2024-12-09 04:07:03', '2024-12-09 04:07:03'),
(44, '', 3, '2024-12-09 04:07:03', '2024-12-09 04:07:03'),
(45, '', 3, '2024-12-09 04:07:03', '2024-12-09 04:07:03'),
(46, '', 3, '2024-12-09 04:07:03', '2024-12-09 04:07:03'),
(47, '', 3, '2024-12-09 04:07:03', '2024-12-09 04:07:03'),
(48, '', 3, '2024-12-09 04:07:03', '2024-12-09 04:07:03'),
(49, '', 3, '2024-12-09 04:07:03', '2024-12-09 04:07:03'),
(50, '', 3, '2024-12-09 04:07:03', '2024-12-09 04:07:03'),
(51, '', 3, '2024-12-09 04:07:03', '2024-12-09 04:07:03'),
(52, '', 3, '2024-12-09 04:07:03', '2024-12-09 04:07:03'),
(53, '', 3, '2024-12-09 04:07:03', '2024-12-09 04:07:03'),
(54, '', 3, '2024-12-09 04:07:03', '2024-12-09 04:07:03'),
(55, '', 3, '2024-12-09 04:07:03', '2024-12-09 04:07:03'),
(56, '', 3, '2024-12-09 04:07:03', '2024-12-09 04:07:03'),
(57, '', 4, '2024-12-09 04:07:03', '2024-12-09 04:07:03'),
(58, '', 4, '2024-12-09 04:07:03', '2024-12-09 04:07:03'),
(59, '', 4, '2024-12-09 04:07:03', '2024-12-09 04:07:03'),
(60, '', 4, '2024-12-09 04:07:03', '2024-12-09 04:07:03'),
(61, '', 4, '2024-12-09 04:07:03', '2024-12-09 04:07:03'),
(62, '', 4, '2024-12-09 04:07:03', '2024-12-09 04:07:03'),
(63, '', 4, '2024-12-09 04:07:03', '2024-12-09 04:07:03'),
(64, '', 4, '2024-12-09 04:07:03', '2024-12-09 04:07:03'),
(65, '', 4, '2024-12-09 04:07:03', '2024-12-09 04:07:03'),
(66, '', 4, '2024-12-09 04:07:03', '2024-12-09 04:07:03'),
(67, '', 4, '2024-12-09 04:07:03', '2024-12-09 04:07:03'),
(68, '', 4, '2024-12-09 04:07:03', '2024-12-09 04:07:03'),
(69, '', 4, '2024-12-09 04:07:03', '2024-12-09 04:07:03'),
(70, '', 5, '2024-12-09 04:07:03', '2024-12-09 04:07:03'),
(71, '', 5, '2024-12-09 04:07:03', '2024-12-09 04:07:03'),
(72, '', 5, '2024-12-09 04:07:03', '2024-12-09 04:07:03'),
(73, '', 5, '2024-12-09 04:07:03', '2024-12-09 04:07:03'),
(74, '', 5, '2024-12-09 04:07:03', '2024-12-09 04:07:03'),
(75, '', 5, '2024-12-09 04:07:03', '2024-12-09 04:07:03'),
(76, '', 5, '2024-12-09 04:07:03', '2024-12-09 04:07:03'),
(77, '', 5, '2024-12-09 04:07:03', '2024-12-09 04:07:03'),
(78, '', 5, '2024-12-09 04:07:03', '2024-12-09 04:07:03'),
(79, '', 5, '2024-12-09 04:07:03', '2024-12-09 04:07:03'),
(80, '', 5, '2024-12-09 04:07:03', '2024-12-09 04:07:03'),
(81, '', 5, '2024-12-09 04:07:03', '2024-12-09 04:07:03'),
(82, '', 5, '2024-12-09 04:07:03', '2024-12-09 04:07:03'),
(83, '', 5, '2024-12-09 04:07:03', '2024-12-09 04:07:03'),
(84, '', 5, '2024-12-09 04:07:03', '2024-12-09 04:07:03'),
(85, '', 5, '2024-12-09 04:07:03', '2024-12-09 04:07:03'),
(86, '', 5, '2024-12-09 04:07:03', '2024-12-09 04:07:03'),
(87, '', 5, '2024-12-09 04:07:03', '2024-12-09 04:07:03'),
(88, '', 5, '2024-12-09 04:07:03', '2024-12-09 04:07:03'),
(89, '', 5, '2024-12-09 04:07:03', '2024-12-09 04:07:03'),
(90, '', 5, '2024-12-09 04:07:03', '2024-12-09 04:07:03'),
(91, '', 5, '2024-12-09 04:07:03', '2024-12-09 04:07:03'),
(92, '', 5, '2024-12-09 04:07:03', '2024-12-09 04:07:03'),
(93, '', 5, '2024-12-09 04:07:03', '2024-12-09 04:07:03'),
(94, '', 5, '2024-12-09 04:07:03', '2024-12-09 04:07:03'),
(95, '', 5, '2024-12-09 04:07:03', '2024-12-09 04:07:03'),
(96, '', 5, '2024-12-09 04:07:03', '2024-12-09 04:07:03'),
(97, '', 5, '2024-12-09 04:07:03', '2024-12-09 04:07:03'),
(98, '', 5, '2024-12-09 04:07:03', '2024-12-09 04:07:03'),
(99, '', 5, '2024-12-09 04:07:03', '2024-12-09 04:07:03'),
(100, '', 5, '2024-12-09 04:07:03', '2024-12-09 04:07:03'),
(101, '', 5, '2024-12-09 04:07:03', '2024-12-09 04:07:03'),
(102, '', 5, '2024-12-09 04:07:03', '2024-12-09 04:07:03'),
(103, '', 5, '2024-12-09 04:07:03', '2024-12-09 04:07:03'),
(104, '', 5, '2024-12-09 04:07:03', '2024-12-09 04:07:03'),
(105, '', 5, '2024-12-09 04:07:03', '2024-12-09 04:07:03'),
(106, '', 5, '2024-12-09 04:07:03', '2024-12-09 04:07:03'),
(107, '', 5, '2024-12-09 04:07:03', '2024-12-09 04:07:03'),
(108, '', 5, '2024-12-09 04:07:03', '2024-12-09 04:07:03'),
(109, '', 5, '2024-12-09 04:07:03', '2024-12-09 04:07:03'),
(110, '', 5, '2024-12-09 04:07:03', '2024-12-09 04:07:03'),
(111, '', 5, '2024-12-09 04:07:03', '2024-12-09 04:07:03'),
(112, '', 5, '2024-12-09 04:07:03', '2024-12-09 04:07:03'),
(113, '', 5, '2024-12-09 04:07:03', '2024-12-09 04:07:03'),
(114, '', 5, '2024-12-09 04:07:03', '2024-12-09 04:07:03'),
(115, '', 5, '2024-12-09 04:07:03', '2024-12-09 04:07:03'),
(116, '', 6, '2024-12-09 04:07:03', '2024-12-09 04:07:03'),
(117, '', 6, '2024-12-09 04:07:03', '2024-12-09 04:07:03'),
(118, '', 6, '2024-12-09 04:07:03', '2024-12-09 04:07:03'),
(119, '', 6, '2024-12-09 04:07:03', '2024-12-09 04:07:03'),
(120, '', 6, '2024-12-09 04:07:03', '2024-12-09 04:07:03'),
(121, '', 6, '2024-12-09 04:07:03', '2024-12-09 04:07:03'),
(122, '', 6, '2024-12-09 04:07:03', '2024-12-09 04:07:03'),
(123, '', 6, '2024-12-09 04:07:03', '2024-12-09 04:07:03'),
(124, '', 6, '2024-12-09 04:07:03', '2024-12-09 04:07:03'),
(125, '', 6, '2024-12-09 04:07:03', '2024-12-09 04:07:03'),
(126, '', 6, '2024-12-09 04:07:03', '2024-12-09 04:07:03'),
(127, '', 6, '2024-12-09 04:07:03', '2024-12-09 04:07:03'),
(128, '', 6, '2024-12-09 04:07:03', '2024-12-09 04:07:03'),
(129, '', 6, '2024-12-09 04:07:03', '2024-12-09 04:07:03'),
(130, '', 6, '2024-12-09 04:07:03', '2024-12-09 04:07:03'),
(131, '', 6, '2024-12-09 04:07:03', '2024-12-09 04:07:03'),
(132, '', 6, '2024-12-09 04:07:03', '2024-12-09 04:07:03'),
(133, '', 6, '2024-12-09 04:07:03', '2024-12-09 04:07:03'),
(134, '', 7, '2024-12-09 04:07:03', '2024-12-09 04:07:03'),
(135, '', 7, '2024-12-09 04:07:03', '2024-12-09 04:07:03'),
(136, '', 7, '2024-12-09 04:07:03', '2024-12-09 04:07:03'),
(137, '', 7, '2024-12-09 04:07:03', '2024-12-09 04:07:03'),
(138, '', 7, '2024-12-09 04:07:03', '2024-12-09 04:07:03'),
(139, '', 7, '2024-12-09 04:07:03', '2024-12-09 04:07:03'),
(140, '', 7, '2024-12-09 04:07:03', '2024-12-09 04:07:03'),
(141, '', 7, '2024-12-09 04:07:03', '2024-12-09 04:07:03'),
(142, '', 7, '2024-12-09 04:07:03', '2024-12-09 04:07:03'),
(143, '', 7, '2024-12-09 04:07:03', '2024-12-09 04:07:03'),
(144, '', 7, '2024-12-09 04:07:03', '2024-12-09 04:07:03'),
(145, '', 7, '2024-12-09 04:07:03', '2024-12-09 04:07:03'),
(146, '', 7, '2024-12-09 04:07:03', '2024-12-09 04:07:03'),
(147, '', 7, '2024-12-09 04:07:03', '2024-12-09 04:07:03'),
(148, '', 7, '2024-12-09 04:07:03', '2024-12-09 04:07:03'),
(149, '', 7, '2024-12-09 04:07:03', '2024-12-09 04:07:03'),
(150, '', 7, '2024-12-09 04:07:03', '2024-12-09 04:07:03'),
(151, '', 7, '2024-12-09 04:07:03', '2024-12-09 04:07:03'),
(152, '', 7, '2024-12-09 04:07:03', '2024-12-09 04:07:03'),
(153, '', 7, '2024-12-09 04:07:03', '2024-12-09 04:07:03'),
(154, '', 7, '2024-12-09 04:07:04', '2024-12-09 04:07:04'),
(155, '', 7, '2024-12-09 04:07:04', '2024-12-09 04:07:04'),
(156, '', 7, '2024-12-09 04:07:04', '2024-12-09 04:07:04'),
(157, '', 7, '2024-12-09 04:07:04', '2024-12-09 04:07:04'),
(158, '', 7, '2024-12-09 04:07:04', '2024-12-09 04:07:04'),
(159, '', 7, '2024-12-09 04:07:04', '2024-12-09 04:07:04'),
(160, '', 7, '2024-12-09 04:07:04', '2024-12-09 04:07:04'),
(161, '', 7, '2024-12-09 04:07:04', '2024-12-09 04:07:04'),
(162, '', 8, '2024-12-09 04:07:04', '2024-12-09 04:07:04'),
(163, '', 8, '2024-12-09 04:07:04', '2024-12-09 04:07:04'),
(164, '', 8, '2024-12-09 04:07:04', '2024-12-09 04:07:04'),
(165, '', 8, '2024-12-09 04:07:04', '2024-12-09 04:07:04'),
(166, '', 8, '2024-12-09 04:07:04', '2024-12-09 04:07:04'),
(167, '', 8, '2024-12-09 04:07:04', '2024-12-09 04:07:04'),
(168, '', 8, '2024-12-09 04:07:04', '2024-12-09 04:07:04'),
(169, '', 8, '2024-12-09 04:07:04', '2024-12-09 04:07:04'),
(170, '', 8, '2024-12-09 04:07:04', '2024-12-09 04:07:04'),
(171, '', 8, '2024-12-09 04:07:04', '2024-12-09 04:07:04'),
(172, '', 8, '2024-12-09 04:07:04', '2024-12-09 04:07:04'),
(173, '', 8, '2024-12-09 04:07:04', '2024-12-09 04:07:04'),
(174, '', 8, '2024-12-09 04:07:04', '2024-12-09 04:07:04'),
(175, '', 8, '2024-12-09 04:07:04', '2024-12-09 04:07:04'),
(176, '', 8, '2024-12-09 04:07:04', '2024-12-09 04:07:04'),
(177, '', 8, '2024-12-09 04:07:04', '2024-12-09 04:07:04'),
(178, '', 8, '2024-12-09 04:07:04', '2024-12-09 04:07:04'),
(179, '', 8, '2024-12-09 04:07:04', '2024-12-09 04:07:04'),
(180, '', 8, '2024-12-09 04:07:04', '2024-12-09 04:07:04'),
(181, '', 8, '2024-12-09 04:07:04', '2024-12-09 04:07:04'),
(182, '', 8, '2024-12-09 04:07:04', '2024-12-09 04:07:04'),
(183, '', 8, '2024-12-09 04:07:04', '2024-12-09 04:07:04'),
(184, '', 8, '2024-12-09 04:07:04', '2024-12-09 04:07:04'),
(185, '', 8, '2024-12-09 04:07:04', '2024-12-09 04:07:04'),
(186, '', 8, '2024-12-09 04:07:04', '2024-12-09 04:07:04'),
(187, '', 8, '2024-12-09 04:07:04', '2024-12-09 04:07:04'),
(188, '', 8, '2024-12-09 04:07:04', '2024-12-09 04:07:04'),
(189, '', 9, '2024-12-09 04:07:04', '2024-12-09 04:07:04'),
(190, '', 9, '2024-12-09 04:07:04', '2024-12-09 04:07:04'),
(191, '', 9, '2024-12-09 04:07:04', '2024-12-09 04:07:04'),
(192, '', 9, '2024-12-09 04:07:04', '2024-12-09 04:07:04'),
(193, '', 9, '2024-12-09 04:07:04', '2024-12-09 04:07:04'),
(194, '', 9, '2024-12-09 04:07:04', '2024-12-09 04:07:04'),
(195, '', 9, '2024-12-09 04:07:04', '2024-12-09 04:07:04'),
(196, '', 9, '2024-12-09 04:07:04', '2024-12-09 04:07:04'),
(197, '', 9, '2024-12-09 04:07:04', '2024-12-09 04:07:04'),
(198, '', 9, '2024-12-09 04:07:04', '2024-12-09 04:07:04'),
(199, '', 9, '2024-12-09 04:07:04', '2024-12-09 04:07:04'),
(200, '', 9, '2024-12-09 04:07:04', '2024-12-09 04:07:04'),
(201, '', 9, '2024-12-09 04:07:04', '2024-12-09 04:07:04'),
(202, '', 9, '2024-12-09 04:07:04', '2024-12-09 04:07:04'),
(203, '', 9, '2024-12-09 04:07:04', '2024-12-09 04:07:04'),
(204, '', 9, '2024-12-09 04:07:04', '2024-12-09 04:07:04'),
(205, '', 9, '2024-12-09 04:07:04', '2024-12-09 04:07:04'),
(206, '', 9, '2024-12-09 04:07:04', '2024-12-09 04:07:04'),
(207, '', 9, '2024-12-09 04:07:04', '2024-12-09 04:07:04'),
(208, '', 9, '2024-12-09 04:07:04', '2024-12-09 04:07:04'),
(209, '', 9, '2024-12-09 04:07:04', '2024-12-09 04:07:04'),
(210, '', 9, '2024-12-09 04:07:04', '2024-12-09 04:07:04'),
(211, '', 9, '2024-12-09 04:07:04', '2024-12-09 04:07:04'),
(212, '', 9, '2024-12-09 04:07:04', '2024-12-09 04:07:04'),
(213, '', 9, '2024-12-09 04:07:04', '2024-12-09 04:07:04'),
(214, '', 9, '2024-12-09 04:07:04', '2024-12-09 04:07:04'),
(215, '', 9, '2024-12-09 04:07:04', '2024-12-09 04:07:04'),
(216, '', 9, '2024-12-09 04:07:04', '2024-12-09 04:07:04'),
(217, '', 9, '2024-12-09 04:07:04', '2024-12-09 04:07:04'),
(218, '', 9, '2024-12-09 04:07:04', '2024-12-09 04:07:04'),
(219, '', 9, '2024-12-09 04:07:04', '2024-12-09 04:07:04'),
(220, '', 9, '2024-12-09 04:07:04', '2024-12-09 04:07:04'),
(221, '', 9, '2024-12-09 04:07:04', '2024-12-09 04:07:04'),
(222, '', 9, '2024-12-09 04:07:04', '2024-12-09 04:07:04'),
(223, '', 9, '2024-12-09 04:07:04', '2024-12-09 04:07:04'),
(224, '', 9, '2024-12-09 04:07:04', '2024-12-09 04:07:04'),
(225, '', 9, '2024-12-09 04:07:04', '2024-12-09 04:07:04'),
(226, '', 9, '2024-12-09 04:07:04', '2024-12-09 04:07:04'),
(227, '', 9, '2024-12-09 04:07:04', '2024-12-09 04:07:04'),
(228, '', 9, '2024-12-09 04:07:04', '2024-12-09 04:07:04'),
(229, '', 9, '2024-12-09 04:07:04', '2024-12-09 04:07:04'),
(230, '', 9, '2024-12-09 04:07:04', '2024-12-09 04:07:04'),
(231, '', 9, '2024-12-09 04:07:04', '2024-12-09 04:07:04'),
(232, '', 10, '2024-12-09 04:07:04', '2024-12-09 04:07:04'),
(233, '', 10, '2024-12-09 04:07:04', '2024-12-09 04:07:04'),
(234, '', 10, '2024-12-09 04:07:04', '2024-12-09 04:07:04'),
(235, '', 10, '2024-12-09 04:07:04', '2024-12-09 04:07:04'),
(236, '', 10, '2024-12-09 04:07:04', '2024-12-09 04:07:04'),
(237, '', 10, '2024-12-09 04:07:04', '2024-12-09 04:07:04'),
(238, '', 10, '2024-12-09 04:07:04', '2024-12-09 04:07:04'),
(239, '', 10, '2024-12-09 04:07:04', '2024-12-09 04:07:04'),
(240, '', 10, '2024-12-09 04:07:04', '2024-12-09 04:07:04'),
(241, '', 10, '2024-12-09 04:07:04', '2024-12-09 04:07:04'),
(242, '', 10, '2024-12-09 04:07:04', '2024-12-09 04:07:04'),
(243, '', 10, '2024-12-09 04:07:04', '2024-12-09 04:07:04'),
(244, '', 11, '2024-12-09 04:07:04', '2024-12-09 04:07:04'),
(245, '', 11, '2024-12-09 04:07:04', '2024-12-09 04:07:04'),
(246, '', 11, '2024-12-09 04:07:04', '2024-12-09 04:07:04'),
(247, '', 11, '2024-12-09 04:07:04', '2024-12-09 04:07:04'),
(248, '', 11, '2024-12-09 04:07:04', '2024-12-09 04:07:04'),
(249, '', 11, '2024-12-09 04:07:04', '2024-12-09 04:07:04'),
(250, '', 11, '2024-12-09 04:07:04', '2024-12-09 04:07:04'),
(251, '', 11, '2024-12-09 04:07:04', '2024-12-09 04:07:04'),
(252, '', 11, '2024-12-09 04:07:04', '2024-12-09 04:07:04'),
(253, '', 11, '2024-12-09 04:07:04', '2024-12-09 04:07:04'),
(254, '', 11, '2024-12-09 04:07:04', '2024-12-09 04:07:04'),
(255, '', 11, '2024-12-09 04:07:04', '2024-12-09 04:07:04'),
(256, '', 11, '2024-12-09 04:07:04', '2024-12-09 04:07:04'),
(257, '', 11, '2024-12-09 04:07:04', '2024-12-09 04:07:04'),
(258, '', 11, '2024-12-09 04:07:04', '2024-12-09 04:07:04'),
(259, '', 11, '2024-12-09 04:07:04', '2024-12-09 04:07:04'),
(260, '', 11, '2024-12-09 04:07:04', '2024-12-09 04:07:04'),
(261, '', 11, '2024-12-09 04:07:04', '2024-12-09 04:07:04'),
(262, '', 11, '2024-12-09 04:07:04', '2024-12-09 04:07:04'),
(263, '', 11, '2024-12-09 04:07:04', '2024-12-09 04:07:04'),
(264, '', 11, '2024-12-09 04:07:04', '2024-12-09 04:07:04'),
(265, '', 12, '2024-12-09 04:07:04', '2024-12-09 04:07:04'),
(266, '', 12, '2024-12-09 04:07:04', '2024-12-09 04:07:04'),
(267, '', 12, '2024-12-09 04:07:04', '2024-12-09 04:07:04'),
(268, '', 12, '2024-12-09 04:07:04', '2024-12-09 04:07:04'),
(269, '', 12, '2024-12-09 04:07:04', '2024-12-09 04:07:04'),
(270, '', 12, '2024-12-09 04:07:04', '2024-12-09 04:07:04'),
(271, '', 12, '2024-12-09 04:07:04', '2024-12-09 04:07:04'),
(272, '', 12, '2024-12-09 04:07:04', '2024-12-09 04:07:04'),
(273, '', 12, '2024-12-09 04:07:04', '2024-12-09 04:07:04'),
(274, '', 12, '2024-12-09 04:07:04', '2024-12-09 04:07:04'),
(275, '', 12, '2024-12-09 04:07:04', '2024-12-09 04:07:04'),
(276, '', 12, '2024-12-09 04:07:04', '2024-12-09 04:07:04'),
(277, '', 12, '2024-12-09 04:07:04', '2024-12-09 04:07:04'),
(278, '', 12, '2024-12-09 04:07:04', '2024-12-09 04:07:04'),
(279, '', 12, '2024-12-09 04:07:04', '2024-12-09 04:07:04'),
(280, '', 12, '2024-12-09 04:07:04', '2024-12-09 04:07:04'),
(281, '', 12, '2024-12-09 04:07:04', '2024-12-09 04:07:04'),
(282, '', 12, '2024-12-09 04:07:04', '2024-12-09 04:07:04'),
(283, '', 12, '2024-12-09 04:07:04', '2024-12-09 04:07:04'),
(284, '', 12, '2024-12-09 04:07:04', '2024-12-09 04:07:04'),
(285, '', 12, '2024-12-09 04:07:04', '2024-12-09 04:07:04'),
(286, '', 12, '2024-12-09 04:07:04', '2024-12-09 04:07:04'),
(287, '', 12, '2024-12-09 04:07:04', '2024-12-09 04:07:04'),
(288, '', 12, '2024-12-09 04:07:04', '2024-12-09 04:07:04'),
(289, '', 12, '2024-12-09 04:07:04', '2024-12-09 04:07:04'),
(290, '', 12, '2024-12-09 04:07:04', '2024-12-09 04:07:04'),
(291, '', 12, '2024-12-09 04:07:04', '2024-12-09 04:07:04'),
(292, '', 12, '2024-12-09 04:07:04', '2024-12-09 04:07:04'),
(293, '', 12, '2024-12-09 04:07:04', '2024-12-09 04:07:04'),
(294, '', 12, '2024-12-09 04:07:04', '2024-12-09 04:07:04'),
(295, '', 12, '2024-12-09 04:07:04', '2024-12-09 04:07:04'),
(296, '', 12, '2024-12-09 04:07:04', '2024-12-09 04:07:04'),
(297, '', 12, '2024-12-09 04:07:04', '2024-12-09 04:07:04'),
(298, '', 12, '2024-12-09 04:07:04', '2024-12-09 04:07:04'),
(299, '', 12, '2024-12-09 04:07:04', '2024-12-09 04:07:04'),
(300, '', 12, '2024-12-09 04:07:04', '2024-12-09 04:07:04'),
(301, '', 12, '2024-12-09 04:07:04', '2024-12-09 04:07:04'),
(302, '', 12, '2024-12-09 04:07:04', '2024-12-09 04:07:04'),
(303, '', 12, '2024-12-09 04:07:04', '2024-12-09 04:07:04'),
(304, '', 12, '2024-12-09 04:07:04', '2024-12-09 04:07:04'),
(305, '', 12, '2024-12-09 04:07:04', '2024-12-09 04:07:04'),
(306, '', 12, '2024-12-09 04:07:04', '2024-12-09 04:07:04'),
(307, '', 12, '2024-12-09 04:07:04', '2024-12-09 04:07:04'),
(308, '', 12, '2024-12-09 04:07:04', '2024-12-09 04:07:04'),
(309, '', 12, '2024-12-09 04:07:04', '2024-12-09 04:07:04'),
(310, '', 12, '2024-12-09 04:07:04', '2024-12-09 04:07:04'),
(311, '', 12, '2024-12-09 04:07:04', '2024-12-09 04:07:04'),
(312, '', 13, '2024-12-09 04:07:04', '2024-12-09 04:07:04'),
(313, '', 13, '2024-12-09 04:07:04', '2024-12-09 04:07:04'),
(314, '', 13, '2024-12-09 04:07:04', '2024-12-09 04:07:04'),
(315, '', 13, '2024-12-09 04:07:04', '2024-12-09 04:07:04'),
(316, '', 13, '2024-12-09 04:07:04', '2024-12-09 04:07:04'),
(317, '', 13, '2024-12-09 04:07:04', '2024-12-09 04:07:04'),
(318, '', 13, '2024-12-09 04:07:04', '2024-12-09 04:07:04'),
(319, '', 13, '2024-12-09 04:07:04', '2024-12-09 04:07:04'),
(320, '', 13, '2024-12-09 04:07:04', '2024-12-09 04:07:04'),
(321, '', 13, '2024-12-09 04:07:04', '2024-12-09 04:07:04'),
(322, '', 13, '2024-12-09 04:07:04', '2024-12-09 04:07:04'),
(323, '', 13, '2024-12-09 04:07:04', '2024-12-09 04:07:04'),
(324, '', 13, '2024-12-09 04:07:04', '2024-12-09 04:07:04'),
(325, '', 13, '2024-12-09 04:07:04', '2024-12-09 04:07:04'),
(326, '', 13, '2024-12-09 04:07:04', '2024-12-09 04:07:04'),
(327, '', 13, '2024-12-09 04:07:04', '2024-12-09 04:07:04'),
(328, '', 13, '2024-12-09 04:07:04', '2024-12-09 04:07:04'),
(329, '', 13, '2024-12-09 04:07:04', '2024-12-09 04:07:04'),
(330, '', 13, '2024-12-09 04:07:04', '2024-12-09 04:07:04'),
(331, '', 13, '2024-12-09 04:07:04', '2024-12-09 04:07:04'),
(332, '', 13, '2024-12-09 04:07:04', '2024-12-09 04:07:04'),
(333, '', 13, '2024-12-09 04:07:04', '2024-12-09 04:07:04'),
(334, '', 13, '2024-12-09 04:07:04', '2024-12-09 04:07:04'),
(335, '', 13, '2024-12-09 04:07:04', '2024-12-09 04:07:04'),
(336, '', 13, '2024-12-09 04:07:04', '2024-12-09 04:07:04'),
(337, '', 13, '2024-12-09 04:07:04', '2024-12-09 04:07:04'),
(338, '', 13, '2024-12-09 04:07:04', '2024-12-09 04:07:04'),
(339, '', 13, '2024-12-09 04:07:04', '2024-12-09 04:07:04'),
(340, '', 13, '2024-12-09 04:07:04', '2024-12-09 04:07:04'),
(341, '', 13, '2024-12-09 04:07:04', '2024-12-09 04:07:04'),
(342, '', 13, '2024-12-09 04:07:04', '2024-12-09 04:07:04'),
(343, '', 13, '2024-12-09 04:07:04', '2024-12-09 04:07:04'),
(344, '', 13, '2024-12-09 04:07:04', '2024-12-09 04:07:04'),
(345, '', 13, '2024-12-09 04:07:04', '2024-12-09 04:07:04'),
(346, '', 13, '2024-12-09 04:07:04', '2024-12-09 04:07:04'),
(347, '', 13, '2024-12-09 04:07:04', '2024-12-09 04:07:04'),
(348, '', 13, '2024-12-09 04:07:04', '2024-12-09 04:07:04'),
(349, '', 13, '2024-12-09 04:07:04', '2024-12-09 04:07:04'),
(350, '', 13, '2024-12-09 04:07:04', '2024-12-09 04:07:04'),
(351, '', 13, '2024-12-09 04:07:04', '2024-12-09 04:07:04'),
(352, '', 13, '2024-12-09 04:07:04', '2024-12-09 04:07:04'),
(353, '', 13, '2024-12-09 04:07:04', '2024-12-09 04:07:04'),
(354, '', 13, '2024-12-09 04:07:04', '2024-12-09 04:07:04'),
(355, '', 13, '2024-12-09 04:07:04', '2024-12-09 04:07:04'),
(356, '', 13, '2024-12-09 04:07:04', '2024-12-09 04:07:04'),
(357, '', 13, '2024-12-09 04:07:04', '2024-12-09 04:07:04'),
(358, '', 13, '2024-12-09 04:07:04', '2024-12-09 04:07:04'),
(359, '', 13, '2024-12-09 04:07:04', '2024-12-09 04:07:04'),
(360, '', 13, '2024-12-09 04:07:04', '2024-12-09 04:07:04'),
(361, '', 13, '2024-12-09 04:07:04', '2024-12-09 04:07:04'),
(362, '', 13, '2024-12-09 04:07:04', '2024-12-09 04:07:04'),
(363, '', 13, '2024-12-09 04:07:04', '2024-12-09 04:07:04'),
(364, '', 13, '2024-12-09 04:07:04', '2024-12-09 04:07:04'),
(365, '', 13, '2024-12-09 04:07:04', '2024-12-09 04:07:04'),
(366, '', 13, '2024-12-09 04:07:04', '2024-12-09 04:07:04'),
(367, '', 13, '2024-12-09 04:07:04', '2024-12-09 04:07:04'),
(368, '', 13, '2024-12-09 04:07:04', '2024-12-09 04:07:04'),
(369, '', 13, '2024-12-09 04:07:04', '2024-12-09 04:07:04'),
(370, '', 13, '2024-12-09 04:07:04', '2024-12-09 04:07:04'),
(371, '', 13, '2024-12-09 04:07:04', '2024-12-09 04:07:04'),
(372, '', 13, '2024-12-09 04:07:04', '2024-12-09 04:07:04'),
(373, '', 13, '2024-12-09 04:07:04', '2024-12-09 04:07:04'),
(374, '', 13, '2024-12-09 04:07:04', '2024-12-09 04:07:04'),
(375, '', 13, '2024-12-09 04:07:04', '2024-12-09 04:07:04'),
(376, '', 13, '2024-12-09 04:07:04', '2024-12-09 04:07:04'),
(377, '', 13, '2024-12-09 04:07:04', '2024-12-09 04:07:04'),
(378, '', 13, '2024-12-09 04:07:04', '2024-12-09 04:07:04'),
(379, '', 13, '2024-12-09 04:07:04', '2024-12-09 04:07:04'),
(380, '', 13, '2024-12-09 04:07:04', '2024-12-09 04:07:04'),
(381, '', 13, '2024-12-09 04:07:04', '2024-12-09 04:07:04'),
(382, '', 13, '2024-12-09 04:07:04', '2024-12-09 04:07:04'),
(383, '', 13, '2024-12-09 04:07:04', '2024-12-09 04:07:04'),
(384, '', 13, '2024-12-09 04:07:04', '2024-12-09 04:07:04'),
(385, '', 13, '2024-12-09 04:07:04', '2024-12-09 04:07:04'),
(386, '', 13, '2024-12-09 04:07:04', '2024-12-09 04:07:04'),
(387, '', 13, '2024-12-09 04:07:04', '2024-12-09 04:07:04'),
(388, '', 13, '2024-12-09 04:07:04', '2024-12-09 04:07:04'),
(389, '', 13, '2024-12-09 04:07:04', '2024-12-09 04:07:04'),
(390, '', 13, '2024-12-09 04:07:04', '2024-12-09 04:07:04'),
(391, '', 13, '2024-12-09 04:07:04', '2024-12-09 04:07:04'),
(392, '', 13, '2024-12-09 04:07:04', '2024-12-09 04:07:04'),
(393, '', 13, '2024-12-09 04:07:04', '2024-12-09 04:07:04'),
(394, '', 13, '2024-12-09 04:07:04', '2024-12-09 04:07:04'),
(395, '', 13, '2024-12-09 04:07:04', '2024-12-09 04:07:04'),
(396, '', 13, '2024-12-09 04:07:05', '2024-12-09 04:07:05'),
(397, '', 14, '2024-12-09 04:07:05', '2024-12-09 04:07:05'),
(398, '', 14, '2024-12-09 04:07:05', '2024-12-09 04:07:05'),
(399, '', 14, '2024-12-09 04:07:05', '2024-12-09 04:07:05'),
(400, '', 14, '2024-12-09 04:07:05', '2024-12-09 04:07:05'),
(401, '', 14, '2024-12-09 04:07:05', '2024-12-09 04:07:05'),
(402, '', 14, '2024-12-09 04:07:05', '2024-12-09 04:07:05'),
(403, '', 14, '2024-12-09 04:07:05', '2024-12-09 04:07:05'),
(404, '', 14, '2024-12-09 04:07:05', '2024-12-09 04:07:05'),
(405, '', 14, '2024-12-09 04:07:05', '2024-12-09 04:07:05'),
(406, '', 14, '2024-12-09 04:07:05', '2024-12-09 04:07:05'),
(407, '', 14, '2024-12-09 04:07:05', '2024-12-09 04:07:05'),
(408, '', 14, '2024-12-09 04:07:05', '2024-12-09 04:07:05'),
(409, '', 14, '2024-12-09 04:07:05', '2024-12-09 04:07:05'),
(410, '', 14, '2024-12-09 04:07:05', '2024-12-09 04:07:05'),
(411, '', 14, '2024-12-09 04:07:05', '2024-12-09 04:07:05'),
(412, '', 14, '2024-12-09 04:07:05', '2024-12-09 04:07:05'),
(413, '', 14, '2024-12-09 04:07:05', '2024-12-09 04:07:05'),
(414, '', 14, '2024-12-09 04:07:05', '2024-12-09 04:07:05'),
(415, '', 14, '2024-12-09 04:07:05', '2024-12-09 04:07:05'),
(416, '', 14, '2024-12-09 04:07:05', '2024-12-09 04:07:05'),
(417, '', 14, '2024-12-09 04:07:05', '2024-12-09 04:07:05'),
(418, '', 14, '2024-12-09 04:07:05', '2024-12-09 04:07:05'),
(419, '', 14, '2024-12-09 04:07:05', '2024-12-09 04:07:05'),
(420, '', 14, '2024-12-09 04:07:05', '2024-12-09 04:07:05'),
(421, '', 14, '2024-12-09 04:07:05', '2024-12-09 04:07:05'),
(422, '', 14, '2024-12-09 04:07:05', '2024-12-09 04:07:05'),
(423, '', 14, '2024-12-09 04:07:05', '2024-12-09 04:07:05'),
(424, '', 14, '2024-12-09 04:07:05', '2024-12-09 04:07:05'),
(425, '', 14, '2024-12-09 04:07:05', '2024-12-09 04:07:05'),
(426, '', 14, '2024-12-09 04:07:05', '2024-12-09 04:07:05'),
(427, '', 14, '2024-12-09 04:07:05', '2024-12-09 04:07:05'),
(428, '', 14, '2024-12-09 04:07:05', '2024-12-09 04:07:05'),
(429, '', 14, '2024-12-09 04:07:05', '2024-12-09 04:07:05'),
(430, '', 14, '2024-12-09 04:07:05', '2024-12-09 04:07:05');

INSERT INTO `hrmsNew`.`past_occupations` (`id`, `staff_id`, `rank_id`, `department_id`, `section_id`, `address`, `from_date`, `to_date`, `remark`, `created_at`, `updated_at`) VALUES 
(1, 6, 14, 1, 1, '', '2013-11-15', '2016-03-24', '-', '2024-12-02 08:54:58', '2024-12-02 08:54:58'),
(2, 6, 14, 1, 1, '', '2016-03-25', '2016-11-10', '-', '2024-12-02 08:54:58', '2024-12-02 08:54:58'),
(3, 6, 12, 1, 1, '', '2016-11-11', '2021-02-25', '-', '2024-12-02 08:54:58', '2024-12-02 08:54:58'),
(4, 6, 9, 1, 1, '', '2021-02-26', '2024-12-02', '-', '2024-12-02 08:54:58', '2024-12-02 08:54:58');

INSERT INTO `hrmsNew`.`payscales` (`id`, `name`, `min_salary`, `increment`, `similiar_rank`, `max_salary`, `supply`, `staff_type_id`, `allowed_qty`, `created_at`, `updated_at`) VALUES 
(1, '', '550000', '0', ' / ', '550000', 0, 1, 1, '2024-12-09 04:07:02', '2024-12-09 04:07:02'),
(2, '--', '418000', '40000', ' ', '438000', 0, 1, 4, '2024-12-09 04:07:02', '2024-12-09 04:07:02'),
(3, '--', '374000', '40000', '', '394000', 0, 1, 26, '2024-12-09 04:07:02', '2024-12-09 04:07:02'),
(4, '--', '341000', '40000', '', '361000', 0, 1, 68, '2024-12-09 04:07:02', '2024-12-09 04:07:02'),
(5, '--', '308000', '40000', '', '328000', 0, 1, 101, '2024-12-09 04:07:02', '2024-12-09 04:07:02'),
(6, '--', '275000', '40000', '', '295000', 0, 1, 175, '2024-12-09 04:07:02', '2024-12-09 04:07:02'),
(7, '--', '234000', '2000', '', '244000', 0, 2, 6, '2024-12-09 04:07:02', '2024-12-09 04:07:02'),
(8, '--', '216000', '2000', '', '226000', 0, 2, 194, '2024-12-09 04:07:02', '2024-12-09 04:07:02'),
(9, '--', '198000', '2000', '', '208000', 0, 2, 98, '2024-12-09 04:07:02', '2024-12-09 04:07:02'),
(10, '--', '180000', '2000', '', '190000', 0, 2, 91, '2024-12-09 04:07:02', '2024-12-09 04:07:02'),
(11, '--', '162000', '2000', '', '172000', 0, 2, 39, '2024-12-09 04:07:02', '2024-12-09 04:07:02'),
(12, '--', '144000', '2000', '', '154000', 0, 2, 56, '2024-12-09 04:07:02', '2024-12-09 04:07:02'),
(13, '', '4800', '0', '', '6800', 0, 3, 100, '2024-12-09 04:07:02', '2024-12-09 04:07:02');

INSERT INTO `hrmsNew`.`penalty_types` (`id`, `name`, `created_at`, `updated_at`) VALUES 
(1, '', '2024-12-09 04:07:02', '2024-12-09 04:07:02'),
(2, '', '2024-12-09 04:07:02', '2024-12-09 04:07:02'),
(3, '', '2024-12-09 04:07:02', '2024-12-09 04:07:02'),
(4, ' ', '2024-12-09 04:07:02', '2024-12-09 04:07:02'),
(5, '', '2024-12-09 04:07:02', '2024-12-09 04:07:02'),
(6, '  ()  ', '2024-12-09 04:07:02', '2024-12-09 04:07:02'),
(7, '  () ', '2024-12-09 04:07:02', '2024-12-09 04:07:02'),
(8, '', '2024-12-09 04:07:02', '2024-12-09 04:07:02'),
(9, '', '2024-12-09 04:07:02', '2024-12-09 04:07:02'),
(10, '', '2024-12-09 04:07:02', '2024-12-09 04:07:02'),
(11, '', '2024-12-09 04:07:02', '2024-12-09 04:07:02');

INSERT INTO `hrmsNew`.`pension_types` (`id`, `name`, `created_at`, `updated_at`) VALUES 
(1, '', '2024-12-09 04:07:02', '2024-12-09 04:07:02'),
(2, '', '2024-12-09 04:07:02', '2024-12-09 04:07:02'),
(3, '', '2024-12-09 04:07:02', '2024-12-09 04:07:02'),
(4, '', '2024-12-09 04:07:02', '2024-12-09 04:07:02'),
(5, '', '2024-12-09 04:07:02', '2024-12-09 04:07:02'),
(6, '', '2024-12-09 04:07:02', '2024-12-09 04:07:02'),
(7, '', '2024-12-09 04:07:02', '2024-12-09 04:07:02');

INSERT INTO `hrmsNew`.`pension_years` (`id`, `year`, `created_at`, `updated_at`) VALUES (1, '1010', '2024-12-09 04:07:05', '2024-12-09 04:07:05');

INSERT INTO `hrmsNew`.`postings` (`id`, `staff_id`, `rank_id`, `from_date`, `to_date`, `department_id`, `division_id`, `location`, `remark`, `ministry_id`, `created_at`, `updated_at`) VALUES 
(2, 4, 14, '2018-02-05', '2021-02-25', 1, 4, '', '-', 1, '2024-11-22 08:26:53', '2024-11-22 08:26:53'),
(3, 4, 12, '2021-02-26', '2023-06-25', 1, 11, '', '-', 1, '2024-11-22 08:26:53', '2024-11-22 08:26:53'),
(4, 4, 9, '2023-06-26', '2024-11-22', 1, 11, '', '-', 1, '2024-11-22 08:26:53', '2024-11-22 08:26:53'),
(5, 5, 20, '0019-09-04', '2021-11-07', 1, 11, '', '-', 1, '2024-11-22 08:29:42', '2024-11-22 08:29:42'),
(6, 5, 14, '2021-11-08', '2024-11-22', 1, 11, '', '-', 1, '2024-11-22 08:29:42', '2024-11-22 08:29:42'),
(7, 3, 14, '2011-03-09', '2012-08-17', 1, 9, '', '-', 1, '2024-11-22 08:33:14', '2024-11-22 08:33:14'),
(8, 3, 12, '2012-08-18', '2018-07-31', 1, 2, '', '-', 1, '2024-11-22 08:33:14', '2024-11-22 08:33:14'),
(9, 3, 11, '2018-06-01', '2021-02-25', 1, 11, '', '-', 1, '2024-11-22 08:33:14', '2024-11-22 08:33:14'),
(10, 3, 7, '2021-02-26', '2024-11-22', 1, 11, '', '-', 1, '2024-11-22 08:33:14', '2024-11-22 08:33:14'),
(11, 2, 6, '2024-11-18', '2024-11-18', 1, 11, '', '', 1, '2024-11-22 08:45:20', '2024-11-22 08:45:20'),
(13, 6, 14, '2016-03-25', '2016-11-10', 1, 1, '', '-', 1, '2024-12-02 07:35:04', '2024-12-02 07:35:04'),
(14, 6, 14, '2016-03-25', '2016-11-10', 1, 1, '', '-', 1, '2024-12-02 07:35:04', '2024-12-02 07:35:04'),
(15, 6, 12, '2016-11-11', '2021-02-25', 1, 1, '', '-', 1, '2024-12-02 07:35:04', '2024-12-02 07:35:04'),
(16, 6, 9, '2016-02-26', '2024-12-02', 1, 11, '', '-', 1, '2024-12-02 07:35:04', '2024-12-02 07:35:04');

INSERT INTO `hrmsNew`.`posts` (`id`, `name`, `created_at`, `updated_at`) VALUES (1, 'aa', '2024-12-09 04:07:08', '2024-12-09 04:07:08');

INSERT INTO `hrmsNew`.`punishments` (`id`, `staff_id`, `penalty_type_id`, `reason`, `from_date`, `to_date`, `created_at`, `updated_at`) VALUES (1, 1, 1, 'rr', '2024-12-02', '2024-12-10', '2024-12-05 09:40:02', '2024-12-05 09:40:02');

INSERT INTO `hrmsNew`.`ranks` (`id`, `name`, `staff_type_id`, `payscale_id`, `allowed_qty`, `sort_no`, `created_at`, `updated_at`) VALUES 
(1, '', 1, 1, 1, 1, '2024-12-09 04:07:02', '2024-12-09 04:07:02'),
(2, '', 1, 2, 4, 2, '2024-12-09 04:07:02', '2024-12-09 04:07:02'),
(3, '', 1, 3, 26, 3, '2024-12-09 04:07:02', '2024-12-09 04:07:02'),
(4, '', 1, 4, 68, 4, '2024-12-09 04:07:02', '2024-12-09 04:07:02'),
(5, '', 1, 5, 101, 5, '2024-12-09 04:07:02', '2024-12-09 04:07:02'),
(6, '', 1, 6, 175, 6, '2024-12-09 04:07:02', '2024-12-09 04:07:02'),
(7, '', 2, 7, 3, 7, '2024-12-09 04:07:02', '2024-12-09 04:07:02'),
(8, '()', 2, 7, 3, 8, '2024-12-09 04:07:02', '2024-12-09 04:07:02'),
(9, '', 2, 8, 179, 9, '2024-12-09 04:07:02', '2024-12-09 04:07:02'),
(10, '()', 2, 8, 8, 10, '2024-12-09 04:07:02', '2024-12-09 04:07:02'),
(11, '', 2, 8, 7, 11, '2024-12-09 04:07:02', '2024-12-09 04:07:02'),
(12, '', 2, 9, 86, 13, '2024-12-09 04:07:02', '2024-12-09 04:07:02'),
(13, '()', 2, 9, 12, 12, '2024-12-09 04:07:02', '2024-12-09 04:07:02'),
(14, '', 2, 10, 78, 15, '2024-12-09 04:07:02', '2024-12-09 04:07:02'),
(15, '()', 2, 10, 12, 14, '2024-12-09 04:07:02', '2024-12-09 04:07:02'),
(16, '()', 2, 10, 1, 16, '2024-12-09 04:07:02', '2024-12-09 04:07:02'),
(17, '', 2, 11, 2, 19, '2024-12-09 04:07:02', '2024-12-09 04:07:02'),
(18, '', 2, 11, 1, 17, '2024-12-09 04:07:02', '2024-12-09 04:07:02'),
(19, '()', 2, 11, 36, 18, '2024-12-09 04:07:02', '2024-12-09 04:07:02'),
(20, '', 2, 12, 37, 20, '2024-12-09 04:07:02', '2024-12-09 04:07:02'),
(21, '', 2, 12, 17, 21, '2024-12-09 04:07:02', '2024-12-09 04:07:02'),
(22, '', 2, 12, 2, 22, '2024-12-09 04:07:02', '2024-12-09 04:07:02'),
(23, '', 3, 13, 100, 23, '2024-12-09 04:07:02', '2024-12-09 04:07:02'),
(24, '  ', 1, 1, 11, NULL, NULL, NULL);

INSERT INTO `hrmsNew`.`recommendations` (`id`, `staff_id`, `recommend_by`, `ministry`, `department`, `rank`, `remark`, `recommendation_letter`, `created_at`, `updated_at`) VALUES 
(1, 5, '', '', '', ' ', '-', '-', '2024-11-22 08:29:42', '2024-11-22 08:29:42'),
(3, 6, '', '', '', '', '', '---', '2024-12-02 07:35:04', '2024-12-02 07:35:04');

INSERT INTO `hrmsNew`.`regions` (`id`, `name`, `created_at`, `updated_at`) VALUES 
(1, '', '2024-12-09 04:06:59', '2024-12-09 04:06:59'),
(2, '', '2024-12-09 04:06:59', '2024-12-09 04:06:59'),
(3, '', '2024-12-09 04:07:00', '2024-12-09 04:07:00'),
(4, '', '2024-12-09 04:07:00', '2024-12-09 04:07:00'),
(5, '', '2024-12-09 04:07:00', '2024-12-09 04:07:00'),
(6, '', '2024-12-09 04:07:00', '2024-12-09 04:07:00'),
(7, '', '2024-12-09 04:07:00', '2024-12-09 04:07:00'),
(8, '', '2024-12-09 04:07:00', '2024-12-09 04:07:00'),
(9, '', '2024-12-09 04:07:00', '2024-12-09 04:07:00'),
(10, '', '2024-12-09 04:07:00', '2024-12-09 04:07:00'),
(11, '', '2024-12-09 04:07:00', '2024-12-09 04:07:00'),
(12, '', '2024-12-09 04:07:00', '2024-12-09 04:07:00'),
(13, '', '2024-12-09 04:07:00', '2024-12-09 04:07:00'),
(14, '', '2024-12-09 04:07:01', '2024-12-09 04:07:01'),
(15, '', '2024-12-09 04:07:01', '2024-12-09 04:07:01');

INSERT INTO `hrmsNew`.`relations` (`id`, `name`, `created_at`, `updated_at`) VALUES 
(1, '', '2024-12-09 04:07:02', '2024-12-09 04:07:02'),
(2, '', '2024-12-09 04:07:02', '2024-12-09 04:07:02'),
(3, '', '2024-12-09 04:07:02', '2024-12-09 04:07:02'),
(4, '', '2024-12-09 04:07:02', '2024-12-09 04:07:02'),
(5, '', '2024-12-09 04:07:02', '2024-12-09 04:07:02'),
(6, '', '2024-12-09 04:07:02', '2024-12-09 04:07:02'),
(7, '', '2024-12-09 04:07:02', '2024-12-09 04:07:02'),
(8, '', '2024-12-09 04:07:02', '2024-12-09 04:07:02'),
(9, '', '2024-12-09 04:07:02', '2024-12-09 04:07:02'),
(10, '', '2024-12-09 04:07:02', '2024-12-09 04:07:02'),
(11, '', '2024-12-09 04:07:02', '2024-12-09 04:07:02'),
(12, '', '2024-12-09 04:07:02', '2024-12-09 04:07:02'),
(13, '', '2024-12-09 04:07:02', '2024-12-09 04:07:02'),
(14, '', '2024-12-09 04:07:02', '2024-12-09 04:07:02'),
(15, '', '2024-12-09 04:07:02', '2024-12-09 04:07:02'),
(16, '', '2024-12-09 04:07:02', '2024-12-09 04:07:02'),
(17, '', '2024-12-09 04:07:02', '2024-12-09 04:07:02'),
(18, '', '2024-12-09 04:07:02', '2024-12-09 04:07:02');

INSERT INTO `hrmsNew`.`religions` (`id`, `name`, `created_at`, `updated_at`) VALUES 
(1, '', '2024-12-09 04:07:05', '2024-12-09 04:07:05'),
(2, '', '2024-12-09 04:07:05', '2024-12-09 04:07:05'),
(3, '', '2024-12-09 04:07:05', '2024-12-09 04:07:05'),
(4, '', '2024-12-09 04:07:05', '2024-12-09 04:07:05'),
(5, '', '2024-12-09 04:07:05', '2024-12-09 04:07:05');

INSERT INTO `hrmsNew`.`retire_types` (`id`, `name`, `created_at`, `updated_at`) VALUES 
(1, '', '2024-12-09 04:07:09', '2024-12-09 04:07:09'),
(2, '', '2024-12-09 04:07:09', '2024-12-09 04:07:09'),
(3, '', '2024-12-09 04:07:09', '2024-12-09 04:07:09'),
(4, '', '2024-12-09 04:07:09', '2024-12-09 04:07:09'),
(5, '', '2024-12-09 04:07:09', '2024-12-09 04:07:09'),
(6, '', '2024-12-09 04:07:09', '2024-12-09 04:07:09');

INSERT INTO `hrmsNew`.`roles` (`id`, `name`, `created_at`, `updated_at`) VALUES 
(1, 'Super Admin', NULL, NULL),
(2, 'HR', NULL, NULL),
(3, 'Finance', NULL, NULL),
(4, 'HR User', NULL, NULL),
(5, 'Finance User', NULL, NULL),
(6, 'Super Admin', NULL, NULL),
(7, 'HR', NULL, NULL),
(8, 'Finance', NULL, NULL),
(9, 'HR User', NULL, NULL),
(10, 'Finance User', NULL, NULL),
(11, 'Super Admin', NULL, NULL),
(12, 'HR', NULL, NULL),
(13, 'Finance', NULL, NULL),
(14, 'HR User', NULL, NULL),
(15, 'Finance User', NULL, NULL),
(16, 'Super Admin', NULL, NULL),
(17, 'HR', NULL, NULL),
(18, 'Finance', NULL, NULL),
(19, 'HR User', NULL, NULL),
(20, 'Finance User', NULL, NULL),
(21, 'Super Admin', NULL, NULL),
(22, 'HR', NULL, NULL),
(23, 'Finance', NULL, NULL),
(24, 'HR User', NULL, NULL),
(25, 'Finance User', NULL, NULL),
(26, 'Super Admin', NULL, NULL),
(27, 'HR', NULL, NULL),
(28, 'Finance', NULL, NULL),
(29, 'HR User', NULL, NULL),
(30, 'Finance User', NULL, NULL);

INSERT INTO `hrmsNew`.`schools` (`id`, `staff_id`, `education_group_id`, `education_type_id`, `education_id`, `school_name`, `town`, `semester`, `roll_no`, `major`, `from_date`, `to_date`, `year`, `certificate`, `exam_mark`, `remark`, `created_at`, `updated_at`) VALUES 
(1, 6, 1, 1, 4, '', '', ' ', '-', '-', '1990-06-04', '1994-02-07', '-', '-', '-', '-', '2024-12-02 08:54:58', '2024-12-02 08:54:58'),
(2, 6, 1, 2, 8, '', '', ' ', '-', '-', '1995-06-05', '1998-02-09', '-', '-', '-', '-', '2024-12-02 08:54:58', '2024-12-02 08:54:58'),
(3, 6, 1, 3, 10, '()', '', ' ', '-', '-', '1999-06-01', '2000-03-13', '-', '-', '-', '-', '2024-12-02 08:54:58', '2024-12-02 08:54:58'),
(4, 6, 2, 5, 63, '', '', '', '-', 'Botany', '2001-03-05', '2003-03-10', '2004', '-', '-', '-', '2024-12-02 08:54:58', '2024-12-02 08:54:58'),
(5, 6, 7, 6, 469, '', '', '', '-', '-', '2016-12-12', '2017-12-27', '-', '-', '-', '-', '2024-12-02 08:54:58', '2024-12-02 08:54:58'),
(6, 6, 7, 21, 550, '', '', 'Intermidate', '-', '-', '2017-06-03', '2019-03-10', '-', '-', '-', '-', '2024-12-02 08:54:58', '2024-12-02 08:54:58'),
(7, 6, 7, 13, 492, ' ', '', '', '-', '-', '2018-07-09', '2019-10-11', '-', '-', '-', '-', '2024-12-02 08:54:58', '2024-12-02 08:54:58'),
(208, 8, 1, 1, 1, ' () ', ' ', ' ', '-', '-', '2024-12-04', '2024-12-04', '1990', '-', '-', '-', '2024-12-09 09:11:48', '2024-12-09 09:11:48'),
(209, 8, 1, 2, 5, ' () ', '', ' ', '-', '-', '2024-12-04', '2024-12-04', '2024', '-', '-', '-', '2024-12-09 09:11:48', '2024-12-09 09:11:48'),
(210, 8, 1, 3, 10, ' () ', ' ', '', '-', '-', '2024-12-04', '2024-12-04', '1997', '-', '-', '-', '2024-12-09 09:11:48', '2024-12-09 09:11:48'),
(211, 8, 1, 3, 10, '() ', '', '', '-', '-', '2024-12-04', '2024-12-04', '1998', '-', '-', '-', '2024-12-09 09:11:48', '2024-12-09 09:11:48'),
(212, 8, 2, 6, 565, '', '', '-', '-', '(B.C.Sc)', '2024-12-04', '2024-12-04', '2006', '-', '-', '-', '2024-12-09 09:11:48', '2024-12-09 09:11:48'),
(213, 8, 4, 13, 212, 'National University of Singapore', '', '-', '-', 'MPA', '2024-12-04', '2024-12-04', '2015', '-', '-', '-', '2024-12-09 09:11:48', '2024-12-09 09:11:48'),
(214, 8, 4, 18, 218, 'University of Thai Chamber of Commerce (UTCC)    ', '', '-', '-', 'MBA', '2024-12-04', '2024-12-04', '2022', '-', '-', '-', '2024-12-09 09:11:48', '2024-12-09 09:11:48'),
(215, 8, 4, 9, 246, ' ', '', '-', '-', 'Master of Arts  (Defence Studies)', '2024-12-04', '2024-12-04', '2023', '-', '-', '-', '2024-12-09 09:11:48', '2024-12-09 09:11:48');

INSERT INTO `hrmsNew`.`sections` (`id`, `name`, `division_id`, `created_at`, `updated_at`) VALUES 
(1, 'test', NULL, '2024-12-02 04:03:41', '2024-12-02 04:03:41'),
(2, 'test', NULL, '2024-12-02 09:15:40', '2024-12-02 09:15:40'),
(3, 'test', NULL, '2024-12-02 09:37:53', '2024-12-02 09:37:53'),
(4, 'test', NULL, '2024-12-02 09:39:39', '2024-12-02 09:39:39'),
(5, 'test', NULL, '2024-12-03 09:09:47', '2024-12-03 09:09:47'),
(6, 'test', NULL, '2024-12-04 04:50:27', '2024-12-04 04:50:27'),
(7, 'test', NULL, '2024-12-09 04:06:31', '2024-12-09 04:06:31'),
(8, 'test', NULL, '2024-12-09 04:07:03', '2024-12-09 04:07:03');

INSERT INTO `hrmsNew`.`sessions` (`id`, `user_id`, `ip_address`, `user_agent`, `payload`, `last_activity`) VALUES 
('5YI8T9Twl3dZdPAcJm0vTZqIOXgKnbLmiG7mxtCI', 2, '172.16.11.101', 'Mozilla/5.0 (Windows NT 10.0; Win64; x64) AppleWebKit/537.36 (KHTML, like Gecko) Chrome/131.0.0.0 Safari/537.36', 'YTo0OntzOjY6Il90b2tlbiI7czo0MDoiMHlXT2dkV2tkMmdobXc4d3RoWFdha2I3MGRFT0t3Qjdqcnd2YVM3VCI7czo2OiJfZmxhc2giO2E6Mjp7czozOiJvbGQiO2E6MDp7fXM6MzoibmV3IjthOjA6e319czo1MDoibG9naW5fd2ViXzU5YmEzNmFkZGMyYjJmOTQwMTU4MGYwMTRjN2Y1OGVhNGUzMDk4OWQiO2k6MjtzOjk6Il9wcmV2aW91cyI7YToxOntzOjM6InVybCI7czozMzoiaHR0cDovLzE3Mi4xNi4xMS4yNTM6ODA4MC9zdGFmZi8yIjt9fQ==', 1733814369),
('b1SwP8DZE4xYohI0e97tMowPcz1UEYvrVOmZDYnu', 1, '172.16.11.105', 'Mozilla/5.0 (Windows NT 10.0; Win64; x64; rv:133.0) Gecko/20100101 Firefox/133.0', 'YTo0OntzOjY6Il90b2tlbiI7czo0MDoiaUJseVQ3SWJJMHM5ZjdFV29xWnlzSDBYSVFDNHNMc2NTOTVZNkNXMiI7czo5OiJfcHJldmlvdXMiO2E6MTp7czozOiJ1cmwiO3M6MzA6Imh0dHA6Ly8xNzIuMTYuMTEuMjUzOjgwODAvcmFuayI7fXM6NjoiX2ZsYXNoIjthOjI6e3M6Mzoib2xkIjthOjA6e31zOjM6Im5ldyI7YTowOnt9fXM6NTA6ImxvZ2luX3dlYl81OWJhMzZhZGRjMmIyZjk0MDE1ODBmMDE0YzdmNThlYTRlMzA5ODlkIjtpOjE7fQ==', 1733819119),
('dF38EyXcYUVHQhJoSpFSHsABOtGmyP83pMpb49sX', 2, '172.16.11.105', 'Mozilla/5.0 (Windows NT 10.0; Win64; x64) AppleWebKit/537.36 (KHTML, like Gecko) Chrome/131.0.0.0 Safari/537.36', 'YTo0OntzOjY6Il90b2tlbiI7czo0MDoidWpkdG5OVjVKRmZhZlIya2JwOVdQQ0Zqc3Ryc0hnbkZZbTZIU25hdCI7czo5OiJfcHJldmlvdXMiO2E6MTp7czozOiJ1cmwiO3M6MzQ6Imh0dHA6Ly8xNzIuMTYuMTEuMjUzOjgwODAvZGl2aXNpb24iO31zOjY6Il9mbGFzaCI7YToyOntzOjM6Im9sZCI7YTowOnt9czozOiJuZXciO2E6MDp7fX1zOjUwOiJsb2dpbl93ZWJfNTliYTM2YWRkYzJiMmY5NDAxNTgwZjAxNGM3ZjU4ZWE0ZTMwOTg5ZCI7aToyO30=', 1733819252),
('yHcpdaldoW5cE287W5UBoNNzET0RQ7se6Wnp37wI', 2, '172.16.11.104', 'Mozilla/5.0 (Windows NT 10.0; Win64; x64) AppleWebKit/537.36 (KHTML, like Gecko) Chrome/131.0.0.0 Safari/537.36', 'YTo0OntzOjY6Il90b2tlbiI7czo0MDoiSWZuejBLdTU4cFJmU2RtczRMN1BGc3ZOZGhLeFg5R1FFVGNzWk9qbiI7czo5OiJfcHJldmlvdXMiO2E6MTp7czozOiJ1cmwiO3M6NTE6Imh0dHA6Ly8xNzIuMTYuMTEuMjUzOjgwODAvYWxsb3dlLW1hbGUtZmVtYWxlLXN0YWZmcyI7fXM6NjoiX2ZsYXNoIjthOjI6e3M6Mzoib2xkIjthOjA6e31zOjM6Im5ldyI7YTowOnt9fXM6NTA6ImxvZ2luX3dlYl81OWJhMzZhZGRjMmIyZjk0MDE1ODBmMDE0YzdmNThlYTRlMzA5ODlkIjtpOjI7fQ==', 1733812861);

INSERT INTO `hrmsNew`.`siblings` (`id`, `staff_id`, `name`, `ethnic_id`, `religion_id`, `gender_id`, `place_of_birth`, `occupation`, `address`, `relation_id`, `created_at`, `updated_at`) VALUES 
(2, 4, '', 1, 1, 1, ' ', '', '  ', 7, '2024-11-22 08:46:15', '2024-11-22 08:46:15'),
(3, 4, '', 1, 1, 1, ' ', '', '  ', 7, '2024-11-22 08:46:15', '2024-11-22 08:46:15'),
(4, 4, '', 1, 1, 2, ' ', '', '  ', 11, '2024-11-22 08:46:15', '2024-11-22 08:46:15'),
(6, 2, ' ', 1, 1, 2, '', '(IR) ', '()  () ', 8, '2024-11-22 08:50:31', '2024-11-22 08:50:31'),
(10, 6, '', 86, 1, 2, '', '', '', 8, '2024-12-02 08:59:25', '2024-12-02 08:59:25'),
(11, 6, '()', 86, 1, 1, '', '', '', 10, '2024-12-02 08:59:25', '2024-12-02 08:59:25'),
(12, 6, '', 86, 1, 1, '', '', '', 10, '2024-12-02 08:59:25', '2024-12-02 08:59:25'),
(37, 8, '', 136, 1, 1, '/ ', 'Head of Operation ', '     ', 8, '2024-12-09 05:07:54', '2024-12-09 05:07:54'),
(38, 8, '', 136, 1, 1, '/ ', 'Executive, City Mart Holding Co., Ltd', ' 5A    ()  ', 9, '2024-12-09 05:07:54', '2024-12-09 05:07:54'),
(39, 8, '', 136, 1, 1, '/ ', 'Executive, City Mart Holding Co., Ltd', ' 5A    ()  ', 9, '2024-12-09 05:07:54', '2024-12-09 05:07:54'),
(40, 8, '', 136, 1, 1, '/ ', ' KBZ Group of Company ', '   -     ', 9, '2024-12-09 05:07:54', '2024-12-09 05:07:54');

INSERT INTO `hrmsNew`.`spouse_father_siblings` (`id`, `staff_id`, `name`, `ethnic_id`, `religion_id`, `gender_id`, `place_of_birth`, `occupation`, `address`, `relation_id`, `created_at`, `updated_at`) VALUES (7, 8, '', 86, 1, 1, '', ' ()   ', '    ', 9, '2024-12-09 05:07:55', '2024-12-09 05:07:55');

INSERT INTO `hrmsNew`.`spouse_siblings` (`id`, `staff_id`, `name`, `ethnic_id`, `religion_id`, `gender_id`, `place_of_birth`, `occupation`, `address`, `relation_id`, `created_at`, `updated_at`) VALUES 
(13, 8, '', 86, 1, 1, '', '  ', '            ', 7, '2024-12-09 05:07:55', '2024-12-09 05:07:55'),
(14, 8, '', 86, 1, 2, '', ' ', '/          ', 8, '2024-12-09 05:07:55', '2024-12-09 05:07:55');

INSERT INTO `hrmsNew`.`spouses` (`id`, `staff_id`, `name`, `ethnic_id`, `religion_id`, `gender_id`, `place_of_birth`, `occupation`, `address`, `relation_id`, `remark`, `created_at`, `updated_at`) VALUES (7, 8, '', 86, 1, 2, '', '   ', '()  DICA   ', 1, NULL, '2024-12-09 05:07:55', '2024-12-09 05:07:55');

INSERT INTO `hrmsNew`.`staff` (`id`, `staff_photo`, `staff_no`, `name`, `nick_name`, `other_name`, `dob`, `attendid`, `gpms_staff_no`, `spouse_name`, `gender_id`, `ethnic_id`, `religion_id`, `height_feet`, `height_inch`, `hair_color`, `eye_color`, `prominent_mark`, `skin_color`, `weight`, `blood_type_id`, `marital_status_id`, `place_of_birth`, `nrc_region_id_id`, `nrc_township_code_id`, `nrc_sign_id`, `nrc_code`, `nrc_front`, `nrc_back`, `phone`, `mobile`, `email`, `life_insurance_proposal`, `life_insurance_policy_no`, `life_insurance_premium`, `current_address_street`, `current_address_ward`, `current_address_house_no`, `current_address_township_or_town_id`, `current_address_district_id`, `current_address_region_id`, `permanent_address_street`, `permanent_address_ward`, `permanent_address_house_no`, `permanent_address_township_or_town_id`, `permanent_address_district_id`, `permanent_address_region_id`, `previous_addresses`, `military_solider_no`, `military_join_date`, `military_dsa_no`, `military_gazetted_no`, `veteran_no`, `veteran_date`, `military_gazetted_date`, `military_leave_date`, `military_leave_reason`, `military_served_army`, `military_brief_history_or_penalty`, `military_pension`, `last_serve_army`, `health_condition`, `tax_exception`, `education_group_id`, `education_type_id`, `education_id`, `father_name`, `father_ethnic_id`, `father_religion_id`, `father_place_of_birth`, `father_occupation`, `father_address_house_no`, `father_address_street`, `father_address_ward`, `father_address_township_or_town_id`, `father_address_district_id`, `father_address_region_id`, `spouse_father_name`, `spouse_father_ethnic_id`, `spouse_father_religion_id`, `spouse_father_place_of_birth`, `spouse_father_occupation`, `spouse_father_address_house_no`, `spouse_father_address_street`, `spouse_father_address_ward`, `spouse_father_address_township_or_town_id`, `spouse_father_address_district_id`, `spouse_father_address_region_id`, `mother_name`, `mother_ethnic_id`, `mother_religion_id`, `mother_place_of_birth`, `mother_occupation`, `mother_address_house_no`, `mother_address_street`, `mother_address_ward`, `mother_address_township_or_town_id`, `mother_address_district_id`, `mother_address_region_id`, `spouse_mother_name`, `spouse_mother_ethnic_id`, `spouse_mother_religion_id`, `spouse_mother_place_of_birth`, `spouse_mother_occupation`, `spouse_mother_address_house_no`, `spouse_mother_address_street`, `spouse_mother_address_ward`, `spouse_mother_address_township_or_town_id`, `spouse_mother_address_district_id`, `spouse_mother_address_region_id`, `family_in_politics`, `is_parents_citizen_when_staff_born`, `current_rank_id`, `current_rank_date`, `current_department_id`, `transfer_department_id`, `current_division_id`, `transfer_remark`, `side_department_id`, `side_division_id`, `salary_paid_by`, `join_date`, `government_staff_started_date`, `is_newly_appointed`, `is_direct_appointed`, `payscale_id`, `current_salary`, `current_increment_time`, `last_school_name`, `last_school_subject`, `last_school_row_no`, `last_school_major`, `student_life_political_social`, `habit`, `revolution`, `transfer_reason_salary`, `during_work_political_social`, `has_military_friend`, `foreigner_friend_name`, `foreigner_friend_occupation`, `foreigner_friend_nationality_id`, `foreigner_friend_country_id`, `foreigner_friend_how_to_know`, `recommended_by_military_person`, `is_active`, `status`, `previous_active_status`, `status_changed_at`, `retire_date`, `retire_type_id`, `lost_contact_from_date`, `retire_remark`, `pension_type_id`, `pension_salary`, `gratuity`, `pension_bank`, `pension_office_order`, `date_of_death`, `family_pension_inheritor`, `family_pension_inheritor_relation_id`, `family_pension_date`, `comment`, `status_id`, `created_at`, `updated_at`, `family_in_politics_text`) VALUES 
(1, NULL, '333', ' hnin su mon', 'hnin su mon', 't', '1987-09-05', NULL, NULL, 'no', 2, 17, 1, 5, 2, 'black', 'black', 'left eye', 'brown', '138', 2, NULL, 'weee', 12, 311, 1, '207439', 'staffs/RW9NQcq2Vs3kLXBH2TsRX6lVgW0EFdxLcMgsmkKA.webp', NULL, '09420737495Local Training Report2', '09420737495', 'snowsumon55@gmail.com', NULL, NULL, NULL, 'eindra 8 lLocal Training Report2an ', 'ta ward', NULL, 247, NULL, 13, 'eindra 8 lan ', 'ta ward', NULL, 247, NULL, 13, 'wwww', NULL, NULL, NULL, NULL, NULL, NULL, NULL, NULL, NULL, NULL, NULL, NULL, NULL, 'kg ', NULL, NULL, NULL, NULL, NULL, NULL, NULL, NULL, NULL, NULL, NULL, NULL, NULL, NULL, NULL, NULL, NULL, NULL, NULL, NULL, NULL, NULL, NULL, NULL, NULL, NULL, NULL, NULL, NULL, NULL, NULL, NULL, NULL, NULL, NULL, NULL, NULL, NULL, NULL, NULL, NULL, NULL, NULL, NULL, NULL, NULL, NULL, NULL, 0, 0, 5, NULL, NULL, NULL, 11, NULL, NULL, NULL, NULL, NULL, NULL, 0, 0, NULL, NULL, NULL, NULL, NULL, NULL, NULL, NULL, NULL, NULL, NULL, NULL, 0, NULL, NULL, NULL, NULL, NULL, NULL, 1, NULL, '1', NULL, NULL, NULL, NULL, NULL, NULL, NULL, NULL, NULL, NULL, NULL, NULL, NULL, NULL, NULL, '1', '2024-11-22 07:10:25', '2024-12-05 09:40:02', NULL),
(2, NULL, '', '', '', '', '1999-08-31', NULL, NULL, NULL, 2, 1, 1, 5, 6, '', '', '', '', ' ', 3, NULL, '()  ', 3, 48, 1, '', 'staffs/0pbWJ68Abw7rj2Ot2CFul2ey921t4MS04X5TWeqj.jpg', 'staffs/mq9H570g5U8hmceG9BArgEcbkhwpyCWBhwYs4zuK.jpg', '', '', 'B.A(Hons)  M.A(History)', NULL, NULL, NULL, ' ()', '() ', NULL, 206, NULL, 13, ' ()', '() ', NULL, 206, NULL, 13, '() ', NULL, NULL, NULL, NULL, NULL, NULL, NULL, NULL, NULL, NULL, NULL, NULL, NULL, NULL, NULL, NULL, NULL, NULL, '', 1, 1, '', '', NULL, ' () ', '() ', 205, NULL, 13, '', 1, 1, '', 'Freelance Teacher.', NULL, ' () ', '() ', 1, NULL, 1, '', 1, 1, '', 'Freelance Teacher.', NULL, ' () ', '() ', 206, NULL, 13, '', 1, 1, '', '', NULL, '', '', 216, NULL, 13, 0, 1, 6, '2024-11-18', 1, NULL, 11, NULL, NULL, NULL, NULL, '2024-11-18', '2024-11-18', 1, 1, 6, 275000, 0, NULL, NULL, NULL, NULL, NULL, NULL, NULL, NULL, NULL, 0, NULL, NULL, NULL, NULL, NULL, NULL, 1, NULL, '1', NULL, NULL, NULL, NULL, NULL, NULL, NULL, NULL, NULL, NULL, NULL, NULL, NULL, NULL, '', '5', '2024-11-22 07:54:24', '2024-11-22 08:50:31', NULL),
(3, 'staffs/PjouxWPBGJWLYtxyHciZqf5mR3eD5GTDhKYQkv4o.jpg', '', '', '', '', '1986-06-13', NULL, NULL, '', 1, 1, 1, 5, 4, '', '', '', '', '', 4, NULL, '  ', 14, 415, 1, '205021', 'staffs/U4407vq6aatS7yCC6uoV1eVRu0mAeSfb1K1fxnom.jpg', 'staffs/oL9ORoVQPIuGd1Yx54WYD51xeTaAerm3sJSZY6ye.jpg', '-', '-', 'phyuhlaing.1987@gmail.com', NULL, NULL, NULL, '', '- ', NULL, 315, NULL, 15, '', '- ', NULL, 315, NULL, 15, '  ', NULL, NULL, NULL, NULL, NULL, NULL, NULL, NULL, NULL, NULL, NULL, NULL, NULL, '', NULL, NULL, NULL, NULL, '', 1, 1, '', '', NULL, '', ' ', 315, NULL, 15, '', 1, 1, '', '', NULL, '', ' ', 328, NULL, 15, '', 1, 1, '', '', NULL, '', ' ', 315, NULL, 15, '', 1, 1, '', '', NULL, '', ' ', 328, NULL, 15, 0, 1, 7, '2021-02-26', 1, NULL, 11, NULL, NULL, NULL, 1, '2011-03-09', '2011-03-09', 0, 0, 7, 234000, 1, '', '', '-', '', '', '', NULL, NULL, NULL, 0, NULL, NULL, NULL, NULL, NULL, NULL, 1, NULL, '1', NULL, NULL, NULL, NULL, NULL, NULL, NULL, NULL, NULL, NULL, NULL, NULL, NULL, NULL, NULL, '5', '2024-11-22 08:07:30', '2024-11-22 08:57:47', NULL),
(4, 'staffs/pGD3ldNXsBIyw9MC87z6WVOVmLKIhBisFPG3FlzH.png', '', '', NULL, '', '1987-01-20', NULL, NULL, '', 2, 1, 1, 5, 2, '', '', '', '', ' ', 1, NULL, '  ', 7, 148, 1, '', 'staffs/IfbgthaU2mcC8n3up8N2Ad9rpLPiapY5AVKEJWzW.png', 'staffs/uGEeE64amefcPb0Pjh2J3NquxEQbObyt8l1rSyZJ.png', '-', '-', 'sweswemardica1@gmail.com', NULL, NULL, NULL, ' ', '()', NULL, 245, NULL, 13, ' ', '()', NULL, 245, NULL, 13, '  ', NULL, NULL, NULL, NULL, NULL, NULL, NULL, NULL, NULL, NULL, NULL, NULL, NULL, NULL, NULL, NULL, NULL, NULL, '', 1, 1, '', '', NULL, '', '', 112, NULL, 8, '', 1, 1, '', '', NULL, '---', '--', 245, NULL, 13, '', 1, 1, ' ', '', NULL, '--', '--', 112, NULL, 8, '', 1, 1, '--', '---', NULL, '-', '-', 245, NULL, 13, 0, 1, 9, '2023-06-26', 1, NULL, 11, NULL, NULL, NULL, NULL, '2018-02-05', '2018-02-05', 1, 1, 8, 216000, 0, NULL, NULL, NULL, NULL, NULL, NULL, NULL, NULL, NULL, 0, NULL, NULL, NULL, NULL, NULL, NULL, 1, NULL, '1', NULL, NULL, NULL, NULL, NULL, NULL, NULL, NULL, NULL, NULL, NULL, NULL, NULL, NULL, NULL, '5', '2024-11-22 08:12:57', '2024-12-02 10:00:59', NULL),
(5, 'staffs/Z0sFxAY9oP1N0zPY5hHtmQ900dT5Ge6DzORB0fgR.jpg', '', '', '', '', '2024-12-06', '', '', '', 2, 1, 1, -5, -1, '', '', '''', '', '', 2, NULL, '(/) () ,', 12, 310, 1, '', NULL, NULL, '09420740973', '09420740973', 'winlettyee95.dica@gmail.com', NULL, NULL, NULL, '', '', NULL, 215, NULL, 13, '', '', NULL, 215, NULL, 13, '(/) () ,', NULL, NULL, NULL, NULL, NULL, NULL, NULL, NULL, NULL, NULL, NULL, NULL, NULL, NULL, NULL, NULL, NULL, NULL, NULL, NULL, NULL, NULL, NULL, NULL, NULL, NULL, NULL, NULL, NULL, NULL, NULL, NULL, NULL, NULL, NULL, NULL, NULL, NULL, NULL, NULL, NULL, NULL, NULL, NULL, NULL, NULL, NULL, NULL, NULL, NULL, NULL, NULL, NULL, NULL, NULL, NULL, NULL, NULL, NULL, NULL, NULL, NULL, 0, 1, 14, '2021-11-08', 1, NULL, 11, '', NULL, NULL, NULL, '2019-09-04', '2019-09-04', 0, 0, 10, 180000, -1, NULL, NULL, NULL, NULL, NULL, NULL, NULL, NULL, NULL, 0, NULL, NULL, NULL, NULL, NULL, NULL, 1, NULL, '1', NULL, NULL, NULL, NULL, NULL, NULL, NULL, NULL, NULL, NULL, NULL, NULL, NULL, NULL, NULL, '5', '2024-11-22 08:13:38', '2024-11-22 08:29:42', NULL),
(6, 'staffs/aHnSYANVnYpWCV0YDz39CqcQJ02tKcUYmOm0Jqdh.jpg', '', '', '', '', '1982-05-02', '', '', NULL, 2, 1, 1, 4, 9, '', '', '', '', '', 4, NULL, '', 5, 100, 1, '', 'staffs/jIvmIn0o2vwGlQoAuc4zTZ2LO8fW1ImTK6bdSPfM.jpg', 'staffs/3eVrVLiXpFXG0xPubbU1UGB8FZdOaXbO20XwKbm0.jpg', '-', '-', 'ttsygn@gmail.com', NULL, NULL, NULL, '', '(5) ', NULL, 245, NULL, 13, '', '', NULL, 69, NULL, 6, '', NULL, NULL, NULL, NULL, NULL, NULL, NULL, NULL, NULL, NULL, NULL, NULL, NULL, NULL, NULL, NULL, NULL, NULL, '', 86, 1, '', '', NULL, NULL, NULL, 69, NULL, 6, NULL, NULL, NULL, NULL, NULL, NULL, NULL, NULL, NULL, NULL, NULL, '', 86, 1, '', '', NULL, NULL, NULL, 69, NULL, 6, NULL, NULL, NULL, NULL, NULL, NULL, NULL, NULL, NULL, NULL, NULL, 0, 0, 9, '2021-02-26', 1, 1, 11, NULL, NULL, NULL, NULL, '2013-11-15', '2013-11-15', 0, 0, 8, 216000, 1, '', '', '-	Roll No 79', 'Dip DS', '', '', '', NULL, NULL, 0, NULL, NULL, NULL, NULL, NULL, NULL, 1, NULL, '1', NULL, NULL, NULL, NULL, NULL, NULL, NULL, NULL, NULL, NULL, NULL, NULL, NULL, NULL, '', '5', '2024-11-28 10:01:36', '2024-12-04 06:14:33', NULL),
(7, 'staffs/Qjb1vyjkZzTjCMFWvNfuFXM4rmpS5VE3C7y3lewy.jpg', 'GPMS Code-00804', '', '', '', '1966-06-17', '1A013', 'GPMS Code-00804', '', 1, 86, 1, 6, 0, '', '', '', '', ' ', 1, 6, 'A(A-2)   
', 7, 140, 1, '', NULL, NULL, '09-50525713', '09-50525713', 'thantzinlwin11@gmail.com', NULL, NULL, NULL, ' ', NULL, NULL, 248, NULL, 13, ' ', NULL, NULL, 248, NULL, 13, 'A(A-2)   
', '-', '1984-08-15', '	()', '-', NULL, NULL, '1987-10-23', '2008-07-20', '', '()()()()()()()()', '', '100000', NULL, NULL, NULL, NULL, NULL, NULL, NULL, NULL, NULL, NULL, NULL, NULL, NULL, NULL, NULL, NULL, NULL, NULL, NULL, NULL, NULL, NULL, NULL, NULL, NULL, NULL, NULL, NULL, NULL, NULL, NULL, NULL, NULL, NULL, NULL, NULL, NULL, NULL, NULL, NULL, NULL, NULL, NULL, NULL, NULL, NULL, NULL, NULL, NULL, NULL, 0, 1, 1, '2019-07-24', 1, NULL, 11, NULL, NULL, NULL, NULL, '2016-03-18', '1984-08-15', 0, 0, 1, 550000, 0, NULL, NULL, NULL, NULL, NULL, NULL, NULL, NULL, NULL, 0, NULL, NULL, NULL, NULL, NULL, NULL, 1, NULL, '1', NULL, NULL, NULL, NULL, NULL, NULL, NULL, NULL, NULL, NULL, NULL, NULL, NULL, NULL, NULL, '1', '2024-12-05 06:34:16', '2024-12-10 08:25:32', NULL),
(8, 'staffs/cuzcQrRIj6RLyu9cG5NBvsgHTEVpI0tQR5iRDXZL.jpg', NULL, '', NULL, NULL, '1981-04-14', '3A002', 'GPMS Code-00822', '', 1, 136, 1, 5, 8, '', '', '', '', '', 1, 6, ' ', 13, 386, 1, '', NULL, NULL, '', '', 'soemyintaung.moc@gmail.com', NULL, NULL, NULL, '', NULL, '() DICA   ', 216, NULL, 13, '', '', ' () ', 220, NULL, 13, ' ', '-', '1999-05-28', ' () ', NULL, NULL, NULL, '2002-04-05', '2006-08-16', '', '()     () ', '', '139,400', NULL, NULL, NULL, NULL, NULL, NULL, '', 126, 1, '', '', '', '', '', 220, NULL, 13, ' ( )', 86, 1, '', '', NULL, NULL, NULL, NULL, NULL, 10, '', 86, 1, '', '() ( )', NULL, NULL, NULL, 220, NULL, 13, '   ( )', 86, 1, NULL, '', NULL, NULL, NULL, NULL, NULL, NULL, 0, 0, 2, '2019-10-04', 1, NULL, 11, NULL, NULL, NULL, NULL, NULL, NULL, 0, 1, 2, 426000, 2, '', '', '- ', 'Master of Arts  (Defence Studies)', '', ' ', '', '', '', 0, '-', '-', NULL, NULL, '-', '-', 1, NULL, '1', NULL, NULL, NULL, NULL, NULL, NULL, NULL, NULL, NULL, NULL, NULL, NULL, NULL, NULL, NULL, '5', '2024-12-05 07:57:58', '2024-12-09 09:16:00', NULL),
(9, NULL, '333', ' hnin su mon', 'hnin su mon', 't', '1987-09-05', NULL, NULL, 'no', 2, 17, 1, 5, 2, 'black', 'black', 'left eye', 'brown', '138', 2, NULL, 'weee', 12, 311, 1, '207439', 'staffs/RW9NQcq2Vs3kLXBH2TsRX6lVgW0EFdxLcMgsmkKA.webp', NULL, '09420737495Local Training Report2', '09420737495', 'snowsumon55@gmail.com', NULL, NULL, NULL, 'eindra 8 lLocal Training Report2an ', 'ta ward', NULL, 247, NULL, 13, 'eindra 8 lan ', 'ta ward', NULL, 247, NULL, 13, 'wwww', NULL, NULL, NULL, NULL, NULL, NULL, NULL, NULL, NULL, NULL, NULL, NULL, NULL, 'kg ', NULL, NULL, NULL, NULL, NULL, NULL, NULL, NULL, NULL, NULL, NULL, NULL, NULL, NULL, NULL, NULL, NULL, NULL, NULL, NULL, NULL, NULL, NULL, NULL, NULL, NULL, NULL, NULL, NULL, NULL, NULL, NULL, NULL, NULL, NULL, NULL, NULL, NULL, NULL, NULL, NULL, NULL, NULL, NULL, NULL, NULL, NULL, NULL, 0, 0, 5, NULL, NULL, NULL, 11, NULL, NULL, NULL, NULL, '2022-12-05', NULL, 0, 0, NULL, NULL, NULL, NULL, NULL, NULL, NULL, NULL, NULL, NULL, NULL, NULL, 0, NULL, NULL, NULL, NULL, NULL, NULL, 1, NULL, '1', NULL, NULL, NULL, NULL, NULL, NULL, NULL, NULL, NULL, NULL, NULL, NULL, NULL, NULL, NULL, '5', '2024-11-22 07:10:25', '2024-11-22 07:22:27', NULL);

INSERT INTO `hrmsNew`.`staff_education` (`id`, `education_group_id`, `education_type_id`, `education_id`, `staff_id`, `created_at`, `updated_at`, `country_id`) VALUES 
(6, 2, 15, 195, 1, '2024-11-22 07:22:27', '2024-11-22 07:22:27', 0),
(12, 2, 5, 63, 5, '2024-11-22 08:13:39', '2024-11-22 08:13:39', 0),
(13, 2, 7, 199, 2, '2024-11-22 08:47:22', '2024-11-22 08:47:22', 0),
(14, 2, 4, 19, 3, '2024-11-22 09:00:52', '2024-11-22 09:00:52', 0),
(27, 2, 5, 63, 6, '2024-12-02 08:59:32', '2024-12-02 08:59:32', 0),
(28, 7, 17, 469, 6, '2024-12-02 08:59:32', '2024-12-02 08:59:32', 0),
(29, 7, 22, 550, 6, '2024-12-02 08:59:32', '2024-12-02 08:59:32', 0),
(30, 7, 17, 492, 6, '2024-12-02 08:59:32', '2024-12-02 08:59:32', 0),
(36, 2, 4, 19, 4, '2024-12-02 10:01:00', '2024-12-02 10:01:00', 0),
(58, 2, 6, 565, 8, '2024-12-09 09:16:00', '2024-12-09 09:16:00', 0),
(59, 4, 13, 212, 8, '2024-12-09 09:16:00', '2024-12-09 09:16:00', 0),
(60, 4, 13, 218, 8, '2024-12-09 09:16:00', '2024-12-09 09:16:00', 0),
(61, 7, 17, 484, 8, '2024-12-09 09:16:00', '2024-12-09 09:16:00', 0),
(62, 2, 4, 20, 7, '2024-12-10 08:06:56', '2024-12-10 08:06:56', 0),
(63, 4, 13, 211, 7, '2024-12-10 08:06:57', '2024-12-10 08:06:57', 28);

INSERT INTO `hrmsNew`.`staff_types` (`id`, `name`, `created_at`, `updated_at`) VALUES 
(1, '', NULL, NULL),
(2, '', NULL, NULL),
(3, '', NULL, NULL);

INSERT INTO `hrmsNew`.`statuses` (`id`, `name`, `created_at`, `updated_at`) VALUES 
(1, 'saveDraft', NULL, NULL),
(2, 'submit', NULL, NULL),
(3, 'reject', NULL, NULL),
(4, 'resubmit', NULL, NULL),
(5, 'approve', NULL, NULL),
(6, 'saveDraft', NULL, NULL),
(7, 'submit', NULL, NULL),
(8, 'reject', NULL, NULL),
(9, 'resubmit', NULL, NULL),
(10, 'approve', NULL, NULL),
(11, 'saveDraft', NULL, NULL),
(12, 'submit', NULL, NULL),
(13, 'reject', NULL, NULL),
(14, 'resubmit', NULL, NULL),
(15, 'approve', NULL, NULL),
(16, 'saveDraft', NULL, NULL),
(17, 'submit', NULL, NULL),
(18, 'reject', NULL, NULL),
(19, 'resubmit', NULL, NULL),
(20, 'approve', NULL, NULL),
(21, 'saveDraft', NULL, NULL),
(22, 'submit', NULL, NULL),
(23, 'reject', NULL, NULL),
(24, 'resubmit', NULL, NULL),
(25, 'approve', NULL, NULL),
(26, 'saveDraft', NULL, NULL),
(27, 'submit', NULL, NULL),
(28, 'reject', NULL, NULL),
(29, 'resubmit', NULL, NULL),
(30, 'approve', NULL, NULL);

INSERT INTO `hrmsNew`.`townships` (`id`, `name`, `district_id`, `region_id`, `created_at`, `updated_at`) VALUES 
(1, '', 1, 1, '2024-12-09 04:06:59', '2024-12-09 04:06:59'),
(2, '', 1, 1, '2024-12-09 04:06:59', '2024-12-09 04:06:59'),
(3, '', 2, 1, '2024-12-09 04:06:59', '2024-12-09 04:06:59'),
(4, '', 2, 1, '2024-12-09 04:06:59', '2024-12-09 04:06:59'),
(5, '', 3, 1, '2024-12-09 04:06:59', '2024-12-09 04:06:59'),
(6, '', 3, 1, '2024-12-09 04:06:59', '2024-12-09 04:06:59'),
(7, '', 4, 1, '2024-12-09 04:06:59', '2024-12-09 04:06:59'),
(8, '', 4, 1, '2024-12-09 04:06:59', '2024-12-09 04:06:59'),
(9, '', 5, 2, '2024-12-09 04:06:59', '2024-12-09 04:06:59'),
(10, '', 5, 2, '2024-12-09 04:06:59', '2024-12-09 04:06:59'),
(11, '', 5, 2, '2024-12-09 04:06:59', '2024-12-09 04:06:59'),
(12, '', 5, 2, '2024-12-09 04:06:59', '2024-12-09 04:06:59'),
(13, '', 5, 2, '2024-12-09 04:06:59', '2024-12-09 04:06:59'),
(14, '', 6, 2, '2024-12-09 04:06:59', '2024-12-09 04:06:59'),
(15, '', 6, 2, '2024-12-09 04:06:59', '2024-12-09 04:06:59'),
(16, '', 6, 2, '2024-12-09 04:06:59', '2024-12-09 04:06:59'),
(17, '', 6, 2, '2024-12-09 04:07:00', '2024-12-09 04:07:00'),
(18, '', 7, 2, '2024-12-09 04:07:00', '2024-12-09 04:07:00'),
(19, '', 7, 2, '2024-12-09 04:07:00', '2024-12-09 04:07:00'),
(20, '', 7, 2, '2024-12-09 04:07:00', '2024-12-09 04:07:00'),
(21, '', 8, 2, '2024-12-09 04:07:00', '2024-12-09 04:07:00'),
(22, '', 8, 2, '2024-12-09 04:07:00', '2024-12-09 04:07:00'),
(23, '', 8, 2, '2024-12-09 04:07:00', '2024-12-09 04:07:00'),
(24, '', 9, 2, '2024-12-09 04:07:00', '2024-12-09 04:07:00'),
(25, '', 10, 2, '2024-12-09 04:07:00', '2024-12-09 04:07:00'),
(26, '', 10, 2, '2024-12-09 04:07:00', '2024-12-09 04:07:00'),
(27, '', 11, 3, '2024-12-09 04:07:00', '2024-12-09 04:07:00'),
(28, '', 11, 3, '2024-12-09 04:07:00', '2024-12-09 04:07:00'),
(29, '', 12, 3, '2024-12-09 04:07:00', '2024-12-09 04:07:00'),
(30, '', 12, 3, '2024-12-09 04:07:00', '2024-12-09 04:07:00'),
(31, '', 13, 3, '2024-12-09 04:07:00', '2024-12-09 04:07:00'),
(32, '', 13, 3, '2024-12-09 04:07:00', '2024-12-09 04:07:00'),
(33, '', 14, 3, '2024-12-09 04:07:00', '2024-12-09 04:07:00'),
(34, '', 15, 4, '2024-12-09 04:07:00', '2024-12-09 04:07:00'),
(35, '', 16, 4, '2024-12-09 04:07:00', '2024-12-09 04:07:00'),
(36, '', 17, 4, '2024-12-09 04:07:00', '2024-12-09 04:07:00'),
(37, '', 18, 4, '2024-12-09 04:07:00', '2024-12-09 04:07:00'),
(38, '', 18, 4, '2024-12-09 04:07:00', '2024-12-09 04:07:00'),
(39, '', 19, 4, '2024-12-09 04:07:00', '2024-12-09 04:07:00'),
(40, '', 20, 4, '2024-12-09 04:07:00', '2024-12-09 04:07:00'),
(41, '', 21, 5, '2024-12-09 04:07:00', '2024-12-09 04:07:00'),
(42, '', 22, 5, '2024-12-09 04:07:00', '2024-12-09 04:07:00'),
(43, '', 22, 5, '2024-12-09 04:07:00', '2024-12-09 04:07:00'),
(44, '', 23, 5, '2024-12-09 04:07:00', '2024-12-09 04:07:00'),
(45, '', 24, 5, '2024-12-09 04:07:00', '2024-12-09 04:07:00'),
(46, '', 25, 5, '2024-12-09 04:07:00', '2024-12-09 04:07:00'),
(47, '', 25, 5, '2024-12-09 04:07:00', '2024-12-09 04:07:00'),
(48, '', 26, 5, '2024-12-09 04:07:00', '2024-12-09 04:07:00'),
(49, '', 26, 5, '2024-12-09 04:07:00', '2024-12-09 04:07:00'),
(50, '', 27, 6, '2024-12-09 04:07:00', '2024-12-09 04:07:00'),
(51, '', 27, 6, '2024-12-09 04:07:00', '2024-12-09 04:07:00'),
(52, '', 27, 6, '2024-12-09 04:07:00', '2024-12-09 04:07:00'),
(53, '', 28, 6, '2024-12-09 04:07:00', '2024-12-09 04:07:00'),
(54, '', 28, 6, '2024-12-09 04:07:00', '2024-12-09 04:07:00'),
(55, '', 28, 6, '2024-12-09 04:07:00', '2024-12-09 04:07:00'),
(56, '', 29, 6, '2024-12-09 04:07:00', '2024-12-09 04:07:00'),
(57, '', 29, 6, '2024-12-09 04:07:00', '2024-12-09 04:07:00'),
(58, '', 29, 6, '2024-12-09 04:07:00', '2024-12-09 04:07:00'),
(59, '', 29, 6, '2024-12-09 04:07:00', '2024-12-09 04:07:00'),
(60, '', 30, 6, '2024-12-09 04:07:00', '2024-12-09 04:07:00'),
(61, '', 30, 6, '2024-12-09 04:07:00', '2024-12-09 04:07:00'),
(62, '', 30, 6, '2024-12-09 04:07:00', '2024-12-09 04:07:00'),
(63, '', 31, 6, '2024-12-09 04:07:00', '2024-12-09 04:07:00'),
(64, '', 31, 6, '2024-12-09 04:07:00', '2024-12-09 04:07:00'),
(65, '', 32, 6, '2024-12-09 04:07:00', '2024-12-09 04:07:00'),
(66, '', 33, 6, '2024-12-09 04:07:00', '2024-12-09 04:07:00'),
(67, '', 34, 6, '2024-12-09 04:07:00', '2024-12-09 04:07:00'),
(68, '', 34, 6, '2024-12-09 04:07:00', '2024-12-09 04:07:00'),
(69, '', 34, 6, '2024-12-09 04:07:00', '2024-12-09 04:07:00'),
(70, '', 35, 6, '2024-12-09 04:07:00', '2024-12-09 04:07:00'),
(71, '', 36, 6, '2024-12-09 04:07:00', '2024-12-09 04:07:00'),
(72, '', 36, 6, '2024-12-09 04:07:00', '2024-12-09 04:07:00'),
(73, '', 36, 6, '2024-12-09 04:07:00', '2024-12-09 04:07:00'),
(74, '', 36, 6, '2024-12-09 04:07:00', '2024-12-09 04:07:00'),
(75, '', 37, 6, '2024-12-09 04:07:00', '2024-12-09 04:07:00'),
(76, '', 37, 6, '2024-12-09 04:07:00', '2024-12-09 04:07:00'),
(77, '', 38, 6, '2024-12-09 04:07:00', '2024-12-09 04:07:00'),
(78, '', 38, 6, '2024-12-09 04:07:00', '2024-12-09 04:07:00'),
(79, '', 38, 6, '2024-12-09 04:07:00', '2024-12-09 04:07:00'),
(80, '', 38, 6, '2024-12-09 04:07:00', '2024-12-09 04:07:00'),
(81, '', 39, 6, '2024-12-09 04:07:00', '2024-12-09 04:07:00'),
(82, '', 39, 6, '2024-12-09 04:07:00', '2024-12-09 04:07:00'),
(83, '', 39, 6, '2024-12-09 04:07:00', '2024-12-09 04:07:00'),
(84, '', 40, 6, '2024-12-09 04:07:00', '2024-12-09 04:07:00'),
(85, '', 40, 6, '2024-12-09 04:07:00', '2024-12-09 04:07:00'),
(86, '', 40, 6, '2024-12-09 04:07:00', '2024-12-09 04:07:00'),
(87, '', 41, 7, '2024-12-09 04:07:00', '2024-12-09 04:07:00'),
(88, '', 42, 7, '2024-12-09 04:07:00', '2024-12-09 04:07:00'),
(89, '', 43, 7, '2024-12-09 04:07:00', '2024-12-09 04:07:00'),
(90, '', 43, 7, '2024-12-09 04:07:00', '2024-12-09 04:07:00'),
(91, '', 43, 7, '2024-12-09 04:07:00', '2024-12-09 04:07:00'),
(92, '', 43, 7, '2024-12-09 04:07:00', '2024-12-09 04:07:00'),
(93, '', 44, 7, '2024-12-09 04:07:00', '2024-12-09 04:07:00'),
(94, '', 44, 7, '2024-12-09 04:07:00', '2024-12-09 04:07:00'),
(95, '', 44, 7, '2024-12-09 04:07:00', '2024-12-09 04:07:00'),
(96, '', 44, 7, '2024-12-09 04:07:00', '2024-12-09 04:07:00'),
(97, '', 45, 8, '2024-12-09 04:07:00', '2024-12-09 04:07:00'),
(98, '', 45, 8, '2024-12-09 04:07:00', '2024-12-09 04:07:00'),
(99, '', 45, 8, '2024-12-09 04:07:00', '2024-12-09 04:07:00'),
(100, '', 45, 8, '2024-12-09 04:07:00', '2024-12-09 04:07:00'),
(101, '', 45, 8, '2024-12-09 04:07:00', '2024-12-09 04:07:00'),
(102, '', 46, 8, '2024-12-09 04:07:00', '2024-12-09 04:07:00'),
(103, '', 46, 8, '2024-12-09 04:07:00', '2024-12-09 04:07:00'),
(104, '', 46, 8, '2024-12-09 04:07:00', '2024-12-09 04:07:00'),
(105, '', 46, 8, '2024-12-09 04:07:00', '2024-12-09 04:07:00'),
(106, '', 47, 8, '2024-12-09 04:07:00', '2024-12-09 04:07:00'),
(107, '', 47, 8, '2024-12-09 04:07:00', '2024-12-09 04:07:00'),
(108, '', 47, 8, '2024-12-09 04:07:00', '2024-12-09 04:07:00'),
(109, '', 47, 8, '2024-12-09 04:07:00', '2024-12-09 04:07:00'),
(110, '', 47, 8, '2024-12-09 04:07:00', '2024-12-09 04:07:00'),
(111, '', 48, 8, '2024-12-09 04:07:00', '2024-12-09 04:07:00'),
(112, '', 48, 8, '2024-12-09 04:07:00', '2024-12-09 04:07:00'),
(113, '', 48, 8, '2024-12-09 04:07:00', '2024-12-09 04:07:00'),
(114, '', 48, 8, '2024-12-09 04:07:00', '2024-12-09 04:07:00'),
(115, '', 49, 8, '2024-12-09 04:07:00', '2024-12-09 04:07:00'),
(116, '', 49, 8, '2024-12-09 04:07:00', '2024-12-09 04:07:00'),
(117, '', 49, 8, '2024-12-09 04:07:00', '2024-12-09 04:07:00'),
(118, '', 49, 8, '2024-12-09 04:07:00', '2024-12-09 04:07:00'),
(119, '', 49, 8, '2024-12-09 04:07:00', '2024-12-09 04:07:00'),
(120, '', 49, 8, '2024-12-09 04:07:00', '2024-12-09 04:07:00'),
(121, '', 50, 8, '2024-12-09 04:07:00', '2024-12-09 04:07:00'),
(122, '', 50, 8, '2024-12-09 04:07:00', '2024-12-09 04:07:00'),
(123, '', 50, 8, '2024-12-09 04:07:00', '2024-12-09 04:07:00'),
(124, '', 50, 8, '2024-12-09 04:07:00', '2024-12-09 04:07:00'),
(125, '', 51, 9, '2024-12-09 04:07:00', '2024-12-09 04:07:00'),
(126, '', 51, 9, '2024-12-09 04:07:00', '2024-12-09 04:07:00'),
(127, '', 51, 9, '2024-12-09 04:07:00', '2024-12-09 04:07:00'),
(128, '', 52, 9, '2024-12-09 04:07:00', '2024-12-09 04:07:00'),
(129, '', 52, 9, '2024-12-09 04:07:00', '2024-12-09 04:07:00'),
(130, '', 52, 9, '2024-12-09 04:07:00', '2024-12-09 04:07:00'),
(131, '', 52, 9, '2024-12-09 04:07:00', '2024-12-09 04:07:00'),
(132, '', 52, 9, '2024-12-09 04:07:00', '2024-12-09 04:07:00'),
(133, '', 53, 9, '2024-12-09 04:07:00', '2024-12-09 04:07:00'),
(134, '', 53, 9, '2024-12-09 04:07:00', '2024-12-09 04:07:00'),
(135, '', 53, 9, '2024-12-09 04:07:00', '2024-12-09 04:07:00'),
(136, '', 53, 9, '2024-12-09 04:07:00', '2024-12-09 04:07:00'),
(137, '', 54, 9, '2024-12-09 04:07:00', '2024-12-09 04:07:00'),
(138, '', 54, 9, '2024-12-09 04:07:00', '2024-12-09 04:07:00'),
(139, '', 55, 9, '2024-12-09 04:07:00', '2024-12-09 04:07:00'),
(140, '', 55, 9, '2024-12-09 04:07:00', '2024-12-09 04:07:00'),
(141, '', 55, 9, '2024-12-09 04:07:00', '2024-12-09 04:07:00'),
(142, '', 55, 9, '2024-12-09 04:07:00', '2024-12-09 04:07:00'),
(143, '', 55, 9, '2024-12-09 04:07:00', '2024-12-09 04:07:00'),
(144, '', 56, 9, '2024-12-09 04:07:00', '2024-12-09 04:07:00'),
(145, '', 56, 9, '2024-12-09 04:07:00', '2024-12-09 04:07:00'),
(146, '', 56, 9, '2024-12-09 04:07:00', '2024-12-09 04:07:00'),
(147, '', 56, 9, '2024-12-09 04:07:00', '2024-12-09 04:07:00'),
(148, '', 57, 9, '2024-12-09 04:07:00', '2024-12-09 04:07:00'),
(149, '', 57, 9, '2024-12-09 04:07:00', '2024-12-09 04:07:00'),
(150, '', 58, 10, '2024-12-09 04:07:00', '2024-12-09 04:07:00'),
(151, '', 58, 10, '2024-12-09 04:07:00', '2024-12-09 04:07:00'),
(152, '', 58, 10, '2024-12-09 04:07:00', '2024-12-09 04:07:00'),
(153, '', 59, 10, '2024-12-09 04:07:00', '2024-12-09 04:07:00'),
(154, '', 59, 10, '2024-12-09 04:07:00', '2024-12-09 04:07:00'),
(155, '', 60, 10, '2024-12-09 04:07:00', '2024-12-09 04:07:00'),
(156, '', 60, 10, '2024-12-09 04:07:00', '2024-12-09 04:07:00'),
(157, '', 61, 10, '2024-12-09 04:07:00', '2024-12-09 04:07:00'),
(158, '', 62, 10, '2024-12-09 04:07:00', '2024-12-09 04:07:00'),
(159, '', 62, 10, '2024-12-09 04:07:00', '2024-12-09 04:07:00'),
(160, '', 62, 10, '2024-12-09 04:07:00', '2024-12-09 04:07:00'),
(161, '', 63, 10, '2024-12-09 04:07:00', '2024-12-09 04:07:00'),
(162, '', 63, 10, '2024-12-09 04:07:00', '2024-12-09 04:07:00'),
(163, '', 63, 10, '2024-12-09 04:07:00', '2024-12-09 04:07:00'),
(164, '', 63, 10, '2024-12-09 04:07:00', '2024-12-09 04:07:00'),
(165, '', 64, 10, '2024-12-09 04:07:00', '2024-12-09 04:07:00'),
(166, '', 64, 10, '2024-12-09 04:07:00', '2024-12-09 04:07:00'),
(167, '', 64, 10, '2024-12-09 04:07:00', '2024-12-09 04:07:00'),
(168, '', 65, 10, '2024-12-09 04:07:00', '2024-12-09 04:07:00'),
(169, '', 66, 10, '2024-12-09 04:07:00', '2024-12-09 04:07:00'),
(170, '', 66, 10, '2024-12-09 04:07:00', '2024-12-09 04:07:00'),
(171, '', 66, 10, '2024-12-09 04:07:00', '2024-12-09 04:07:00'),
(172, '', 66, 10, '2024-12-09 04:07:00', '2024-12-09 04:07:00'),
(173, '', 67, 10, '2024-12-09 04:07:00', '2024-12-09 04:07:00'),
(174, '', 67, 10, '2024-12-09 04:07:00', '2024-12-09 04:07:00'),
(175, '', 67, 10, '2024-12-09 04:07:00', '2024-12-09 04:07:00'),
(176, '', 68, 10, '2024-12-09 04:07:00', '2024-12-09 04:07:00'),
(177, '', 68, 10, '2024-12-09 04:07:00', '2024-12-09 04:07:00'),
(178, '', 69, 11, '2024-12-09 04:07:00', '2024-12-09 04:07:00'),
(179, '', 69, 11, '2024-12-09 04:07:00', '2024-12-09 04:07:00'),
(180, '', 69, 11, '2024-12-09 04:07:00', '2024-12-09 04:07:00'),
(181, '', 69, 11, '2024-12-09 04:07:00', '2024-12-09 04:07:00'),
(182, '', 69, 11, '2024-12-09 04:07:00', '2024-12-09 04:07:00'),
(183, '', 70, 11, '2024-12-09 04:07:00', '2024-12-09 04:07:00'),
(184, '', 71, 11, '2024-12-09 04:07:00', '2024-12-09 04:07:00'),
(185, '', 71, 11, '2024-12-09 04:07:00', '2024-12-09 04:07:00'),
(186, '', 72, 11, '2024-12-09 04:07:00', '2024-12-09 04:07:00'),
(187, '', 72, 11, '2024-12-09 04:07:00', '2024-12-09 04:07:00'),
(188, '', 73, 12, '2024-12-09 04:07:00', '2024-12-09 04:07:00'),
(189, '', 73, 12, '2024-12-09 04:07:00', '2024-12-09 04:07:00'),
(190, '', 74, 12, '2024-12-09 04:07:00', '2024-12-09 04:07:00'),
(191, '', 75, 12, '2024-12-09 04:07:00', '2024-12-09 04:07:00'),
(192, '', 75, 12, '2024-12-09 04:07:00', '2024-12-09 04:07:00'),
(193, '', 75, 12, '2024-12-09 04:07:00', '2024-12-09 04:07:00'),
(194, '', 75, 12, '2024-12-09 04:07:00', '2024-12-09 04:07:00'),
(195, '', 76, 12, '2024-12-09 04:07:00', '2024-12-09 04:07:00'),
(196, '', 76, 12, '2024-12-09 04:07:00', '2024-12-09 04:07:00'),
(197, '', 77, 12, '2024-12-09 04:07:00', '2024-12-09 04:07:00'),
(198, '', 77, 12, '2024-12-09 04:07:00', '2024-12-09 04:07:00'),
(199, '', 77, 12, '2024-12-09 04:07:00', '2024-12-09 04:07:00'),
(200, '', 77, 12, '2024-12-09 04:07:00', '2024-12-09 04:07:00'),
(201, '', 78, 12, '2024-12-09 04:07:00', '2024-12-09 04:07:00'),
(202, '', 78, 12, '2024-12-09 04:07:00', '2024-12-09 04:07:00'),
(203, '', 79, 12, '2024-12-09 04:07:00', '2024-12-09 04:07:00'),
(204, '', 79, 12, '2024-12-09 04:07:00', '2024-12-09 04:07:00'),
(205, '', 80, 13, '2024-12-09 04:07:00', '2024-12-09 04:07:00'),
(206, '', 81, 13, '2024-12-09 04:07:00', '2024-12-09 04:07:00'),
(207, '', 82, 13, '2024-12-09 04:07:01', '2024-12-09 04:07:01'),
(208, '', 82, 13, '2024-12-09 04:07:01', '2024-12-09 04:07:01'),
(209, '', 83, 13, '2024-12-09 04:07:01', '2024-12-09 04:07:01'),
(210, '', 83, 13, '2024-12-09 04:07:01', '2024-12-09 04:07:01'),
(211, '', 84, 13, '2024-12-09 04:07:01', '2024-12-09 04:07:01'),
(212, '()', 84, 13, '2024-12-09 04:07:01', '2024-12-09 04:07:01'),
(213, '()', 84, 13, '2024-12-09 04:07:01', '2024-12-09 04:07:01'),
(214, '', 85, 13, '2024-12-09 04:07:01', '2024-12-09 04:07:01'),
(215, '', 85, 13, '2024-12-09 04:07:01', '2024-12-09 04:07:01'),
(216, '', 85, 13, '2024-12-09 04:07:01', '2024-12-09 04:07:01'),
(217, '', 85, 13, '2024-12-09 04:07:01', '2024-12-09 04:07:01'),
(218, '', 86, 13, '2024-12-09 04:07:01', '2024-12-09 04:07:01'),
(219, '', 86, 13, '2024-12-09 04:07:01', '2024-12-09 04:07:01'),
(220, '', 86, 13, '2024-12-09 04:07:01', '2024-12-09 04:07:01'),
(221, '', 86, 13, '2024-12-09 04:07:01', '2024-12-09 04:07:01'),
(222, '', 86, 13, '2024-12-09 04:07:01', '2024-12-09 04:07:01'),
(223, '()', 87, 13, '2024-12-09 04:07:01', '2024-12-09 04:07:01'),
(224, '()', 87, 13, '2024-12-09 04:07:01', '2024-12-09 04:07:01'),
(225, '()', 87, 13, '2024-12-09 04:07:01', '2024-12-09 04:07:01'),
(226, '()', 87, 13, '2024-12-09 04:07:01', '2024-12-09 04:07:01'),
(227, '', 88, 13, '2024-12-09 04:07:01', '2024-12-09 04:07:01'),
(228, '', 88, 13, '2024-12-09 04:07:01', '2024-12-09 04:07:01'),
(229, '', 88, 13, '2024-12-09 04:07:01', '2024-12-09 04:07:01'),
(230, '', 88, 13, '2024-12-09 04:07:01', '2024-12-09 04:07:01'),
(231, '', 88, 13, '2024-12-09 04:07:01', '2024-12-09 04:07:01'),
(232, '', 89, 13, '2024-12-09 04:07:01', '2024-12-09 04:07:01'),
(233, '/', 89, 13, '2024-12-09 04:07:01', '2024-12-09 04:07:01'),
(234, '', 89, 13, '2024-12-09 04:07:01', '2024-12-09 04:07:01'),
(235, '', 89, 13, '2024-12-09 04:07:01', '2024-12-09 04:07:01'),
(236, '', 89, 13, '2024-12-09 04:07:01', '2024-12-09 04:07:01'),
(237, '', 90, 13, '2024-12-09 04:07:01', '2024-12-09 04:07:01'),
(238, '', 90, 13, '2024-12-09 04:07:01', '2024-12-09 04:07:01'),
(239, '', 90, 13, '2024-12-09 04:07:01', '2024-12-09 04:07:01'),
(240, '', 90, 13, '2024-12-09 04:07:01', '2024-12-09 04:07:01'),
(241, '', 90, 13, '2024-12-09 04:07:01', '2024-12-09 04:07:01'),
(242, '', 91, 13, '2024-12-09 04:07:01', '2024-12-09 04:07:01'),
(243, '', 91, 13, '2024-12-09 04:07:01', '2024-12-09 04:07:01'),
(244, '', 91, 13, '2024-12-09 04:07:01', '2024-12-09 04:07:01'),
(245, '', 92, 13, '2024-12-09 04:07:01', '2024-12-09 04:07:01'),
(246, '', 92, 13, '2024-12-09 04:07:01', '2024-12-09 04:07:01'),
(247, '', 92, 13, '2024-12-09 04:07:01', '2024-12-09 04:07:01'),
(248, '', 93, 13, '2024-12-09 04:07:01', '2024-12-09 04:07:01'),
(249, '', 93, 13, '2024-12-09 04:07:01', '2024-12-09 04:07:01'),
(250, '', 94, 14, '2024-12-09 04:07:01', '2024-12-09 04:07:01'),
(251, '()', 94, 14, '2024-12-09 04:07:01', '2024-12-09 04:07:01'),
(252, '', 94, 14, '2024-12-09 04:07:01', '2024-12-09 04:07:01'),
(253, '', 95, 14, '2024-12-09 04:07:01', '2024-12-09 04:07:01'),
(254, '', 95, 14, '2024-12-09 04:07:01', '2024-12-09 04:07:01'),
(255, '', 95, 14, '2024-12-09 04:07:01', '2024-12-09 04:07:01'),
(256, '', 96, 14, '2024-12-09 04:07:01', '2024-12-09 04:07:01'),
(257, '', 96, 14, '2024-12-09 04:07:01', '2024-12-09 04:07:01'),
(258, '', 97, 14, '2024-12-09 04:07:01', '2024-12-09 04:07:01'),
(259, '', 97, 14, '2024-12-09 04:07:01', '2024-12-09 04:07:01'),
(260, '', 97, 14, '2024-12-09 04:07:01', '2024-12-09 04:07:01'),
(261, '', 98, 14, '2024-12-09 04:07:01', '2024-12-09 04:07:01'),
(262, '', 98, 14, '2024-12-09 04:07:01', '2024-12-09 04:07:01'),
(263, '', 99, 14, '2024-12-09 04:07:01', '2024-12-09 04:07:01'),
(264, '', 99, 14, '2024-12-09 04:07:01', '2024-12-09 04:07:01'),
(265, '', 100, 14, '2024-12-09 04:07:01', '2024-12-09 04:07:01'),
(266, '', 100, 14, '2024-12-09 04:07:01', '2024-12-09 04:07:01'),
(267, '', 100, 14, '2024-12-09 04:07:01', '2024-12-09 04:07:01'),
(268, '', 100, 14, '2024-12-09 04:07:01', '2024-12-09 04:07:01'),
(269, '', 101, 14, '2024-12-09 04:07:01', '2024-12-09 04:07:01'),
(270, '', 101, 14, '2024-12-09 04:07:01', '2024-12-09 04:07:01'),
(271, '', 101, 14, '2024-12-09 04:07:01', '2024-12-09 04:07:01'),
(272, '', 102, 14, '2024-12-09 04:07:01', '2024-12-09 04:07:01'),
(273, '', 103, 14, '2024-12-09 04:07:01', '2024-12-09 04:07:01'),
(274, '', 104, 14, '2024-12-09 04:07:01', '2024-12-09 04:07:01'),
(275, '', 104, 14, '2024-12-09 04:07:01', '2024-12-09 04:07:01'),
(276, '', 105, 14, '2024-12-09 04:07:01', '2024-12-09 04:07:01'),
(277, '''', 106, 14, '2024-12-09 04:07:01', '2024-12-09 04:07:01'),
(278, '', 106, 14, '2024-12-09 04:07:01', '2024-12-09 04:07:01'),
(279, '', 107, 14, '2024-12-09 04:07:01', '2024-12-09 04:07:01'),
(280, '', 107, 14, '2024-12-09 04:07:01', '2024-12-09 04:07:01'),
(281, '', 107, 14, '2024-12-09 04:07:01', '2024-12-09 04:07:01'),
(282, '', 108, 14, '2024-12-09 04:07:01', '2024-12-09 04:07:01'),
(283, '', 108, 14, '2024-12-09 04:07:01', '2024-12-09 04:07:01'),
(284, '', 109, 14, '2024-12-09 04:07:01', '2024-12-09 04:07:01'),
(285, '', 110, 14, '2024-12-09 04:07:01', '2024-12-09 04:07:01'),
(286, '', 110, 14, '2024-12-09 04:07:01', '2024-12-09 04:07:01'),
(287, '', 111, 14, '2024-12-09 04:07:01', '2024-12-09 04:07:01'),
(288, '', 112, 14, '2024-12-09 04:07:01', '2024-12-09 04:07:01'),
(289, '', 113, 14, '2024-12-09 04:07:01', '2024-12-09 04:07:01'),
(290, '', 113, 14, '2024-12-09 04:07:01', '2024-12-09 04:07:01'),
(291, '', 113, 14, '2024-12-09 04:07:01', '2024-12-09 04:07:01'),
(292, '', 114, 14, '2024-12-09 04:07:01', '2024-12-09 04:07:01'),
(293, '', 114, 14, '2024-12-09 04:07:01', '2024-12-09 04:07:01'),
(294, '', 115, 14, '2024-12-09 04:07:01', '2024-12-09 04:07:01'),
(295, '', 115, 14, '2024-12-09 04:07:01', '2024-12-09 04:07:01'),
(296, '', 115, 14, '2024-12-09 04:07:01', '2024-12-09 04:07:01'),
(297, '', 116, 14, '2024-12-09 04:07:01', '2024-12-09 04:07:01'),
(298, '', 116, 14, '2024-12-09 04:07:01', '2024-12-09 04:07:01'),
(299, '', 116, 14, '2024-12-09 04:07:01', '2024-12-09 04:07:01'),
(300, '', 117, 14, '2024-12-09 04:07:01', '2024-12-09 04:07:01'),
(301, '', 117, 14, '2024-12-09 04:07:01', '2024-12-09 04:07:01'),
(302, '', 117, 14, '2024-12-09 04:07:01', '2024-12-09 04:07:01'),
(303, '', 118, 14, '2024-12-09 04:07:01', '2024-12-09 04:07:01'),
(304, '', 118, 14, '2024-12-09 04:07:01', '2024-12-09 04:07:01'),
(305, '', 119, 15, '2024-12-09 04:07:01', '2024-12-09 04:07:01'),
(306, '', 119, 15, '2024-12-09 04:07:01', '2024-12-09 04:07:01'),
(307, '', 119, 15, '2024-12-09 04:07:01', '2024-12-09 04:07:01'),
(308, '', 119, 15, '2024-12-09 04:07:01', '2024-12-09 04:07:01'),
(309, ' ', 120, 15, '2024-12-09 04:07:01', '2024-12-09 04:07:01'),
(310, '', 120, 15, '2024-12-09 04:07:01', '2024-12-09 04:07:01'),
(311, '', 120, 15, '2024-12-09 04:07:01', '2024-12-09 04:07:01'),
(312, '', 121, 15, '2024-12-09 04:07:01', '2024-12-09 04:07:01'),
(313, '', 121, 15, '2024-12-09 04:07:01', '2024-12-09 04:07:01'),
(314, '', 121, 15, '2024-12-09 04:07:01', '2024-12-09 04:07:01'),
(315, '', 121, 15, '2024-12-09 04:07:01', '2024-12-09 04:07:01'),
(316, '', 122, 15, '2024-12-09 04:07:01', '2024-12-09 04:07:01'),
(317, '', 122, 15, '2024-12-09 04:07:01', '2024-12-09 04:07:01'),
(318, '', 122, 15, '2024-12-09 04:07:01', '2024-12-09 04:07:01'),
(319, '', 122, 15, '2024-12-09 04:07:01', '2024-12-09 04:07:01'),
(320, '', 123, 15, '2024-12-09 04:07:01', '2024-12-09 04:07:01'),
(321, '', 123, 15, '2024-12-09 04:07:01', '2024-12-09 04:07:01'),
(322, '', 123, 15, '2024-12-09 04:07:01', '2024-12-09 04:07:01'),
(323, '', 124, 15, '2024-12-09 04:07:01', '2024-12-09 04:07:01'),
(324, '', 124, 15, '2024-12-09 04:07:01', '2024-12-09 04:07:01'),
(325, '', 125, 15, '2024-12-09 04:07:01', '2024-12-09 04:07:01'),
(326, '', 125, 15, '2024-12-09 04:07:01', '2024-12-09 04:07:01'),
(327, '', 125, 15, '2024-12-09 04:07:01', '2024-12-09 04:07:01'),
(328, '', 126, 15, '2024-12-09 04:07:01', '2024-12-09 04:07:01'),
(329, '', 126, 15, '2024-12-09 04:07:01', '2024-12-09 04:07:01'),
(330, '', 126, 15, '2024-12-09 04:07:01', '2024-12-09 04:07:01');

INSERT INTO `hrmsNew`.`training_locations` (`id`, `name`, `created_at`, `updated_at`) VALUES 
(1, '', NULL, NULL),
(2, '', NULL, NULL);

INSERT INTO `hrmsNew`.`training_types` (`id`, `name`, `created_at`, `updated_at`) VALUES 
(1, '', '2024-12-09 04:07:05', '2024-12-09 04:07:05'),
(2, '', '2024-12-09 04:07:05', '2024-12-09 04:07:05'),
(3, '', '2024-12-09 04:07:05', '2024-12-09 04:07:05'),
(4, '()', '2024-12-09 04:07:05', '2024-12-09 04:07:05'),
(5, '', '2024-12-09 04:07:05', '2024-12-09 04:07:05'),
(6, '', '2024-12-09 04:07:05', '2024-12-09 04:07:05'),
(7, '', '2024-12-09 04:07:05', '2024-12-09 04:07:05'),
(8, '', '2024-12-09 04:07:05', '2024-12-09 04:07:05'),
(9, '', '2024-12-09 04:07:05', '2024-12-09 04:07:05'),
(10, '', '2024-12-09 04:07:05', '2024-12-09 04:07:05'),
(11, '', '2024-12-09 04:07:05', '2024-12-09 04:07:05'),
(12, '', '2024-12-09 04:07:05', '2024-12-09 04:07:05'),
(13, '', '2024-12-09 04:07:05', '2024-12-09 04:07:05'),
(14, ' ', '2024-12-09 04:07:05', '2024-12-09 04:07:05'),
(15, '', '2024-12-09 04:07:05', '2024-12-09 04:07:05'),
(16, '', '2024-12-09 04:07:05', '2024-12-09 04:07:05'),
(17, ' ', '2024-12-09 04:07:05', '2024-12-09 04:07:05'),
(18, '', '2024-12-09 04:07:05', '2024-12-09 04:07:05'),
(19, '()', '2024-12-09 04:07:05', '2024-12-09 04:07:05'),
(20, '', '2024-12-09 04:07:05', '2024-12-09 04:07:05'),
(21, '()', '2024-12-09 04:07:05', '2024-12-09 04:07:05'),
(22, '', '2024-12-09 04:07:05', '2024-12-09 04:07:05'),
(23, '()', '2024-12-09 04:07:05', '2024-12-09 04:07:05'),
(24, '()', '2024-12-09 04:07:05', '2024-12-09 04:07:05'),
(25, '', '2024-12-09 04:07:05', '2024-12-09 04:07:05'),
(26, '', '2024-12-09 04:07:05', '2024-12-09 04:07:05'),
(27, '', '2024-12-09 04:07:05', '2024-12-09 04:07:05'),
(28, '', '2024-12-09 04:07:05', '2024-12-09 04:07:05'),
(29, '', '2024-12-09 04:07:05', '2024-12-09 04:07:05'),
(30, '', '2024-12-09 04:07:05', '2024-12-09 04:07:05'),
(31, '', '2024-12-09 04:07:05', '2024-12-09 04:07:05'),
(32, '', '2024-12-09 04:07:05', '2024-12-09 04:07:05');

INSERT INTO `hrmsNew`.`trainings` (`id`, `staff_id`, `training_type_id`, `diploma_name`, `fees`, `from_date`, `to_date`, `location`, `country_id`, `training_location_id`, `remark`, `created_at`, `updated_at`, `batch`) VALUES 
(1, 6, 28, '', '1', '2019-10-07', '2019-11-01', ' ()', 28, 1, '-', '2024-12-02 08:54:58', '2024-12-02 08:54:58', NULL),
(2, 6, 22, '', '1', '2022-08-08', '2022-12-02', ' ()', 28, 1, '-', '2024-12-02 08:54:58', '2024-12-02 08:54:58', NULL),
(3, 6, 30, '', '1', '2023-10-05', '2023-11-23', 'Online', 28, 1, '-', '2024-12-02 08:54:58', '2024-12-02 08:54:58', NULL),
(88, 8, 32, '   ', '', '2007-07-09', '2007-07-12', '', 173, 2, NULL, '2024-12-09 09:11:48', '2024-12-09 09:11:48', ''),
(89, 8, 32, 'Note-Taking Level 2 -', '', '2007-07-23', '2007-07-27', '', 28, 1, NULL, '2024-12-09 09:11:48', '2024-12-09 09:11:48', ''),
(90, 8, 32, ' ', '', '2008-08-01', '2008-08-07', '', 153, 2, NULL, '2024-12-09 09:11:48', '2024-12-09 09:11:48', ''),
(91, 8, 32, '    ', '', '2010-07-16', '2010-07-22', '', 37, 2, NULL, '2024-12-09 09:11:48', '2024-12-09 09:11:48', ''),
(92, 8, 3, '', '', '2014-02-10', '2014-03-07', '  ()', 28, 1, '', '2024-12-09 09:11:48', '2024-12-09 09:11:48', ''),
(93, 8, 32, '  ', '', '2014-06-26', '2015-07-26', '', 153, 2, NULL, '2024-12-09 09:11:48', '2024-12-09 09:11:48', ''),
(94, 8, 12, NULL, '', '2016-09-12', '2016-11-04', '  ()', 28, 1, NULL, '2024-12-09 09:11:48', '2024-12-09 09:11:48', ''),
(95, 8, 32, '', '', '2017-06-01', '2018-04-06', '', 28, 1, '', '2024-12-09 09:11:48', '2024-12-09 09:11:48', '');

INSERT INTO `hrmsNew`.`users` (`id`, `avatar`, `name`, `password`, `division_id`, `status`, `role_id`, `email`, `email_verified_at`, `remember_token`, `created_at`, `updated_at`) VALUES 
(1, NULL, 'admin', '$2y$12$v26vajYyl6MvpEMMNIlti.e9KXrgsx9d2NcavHgpvdEpNarVVsgE6', 1, 0, 2, 'admin@gmail.com', NULL, NULL, '2024-12-09 04:07:08', '2024-12-09 04:26:29'),
(2, NULL, 'User', '$2y$12$WEQbNl78kgVrkCkpjE6ZFu2uJsN74OTuMQ54FE5h.G7RcC8/bRTOO', 11, 0, 4, 'users@gmail.com', NULL, '', '2024-12-09 04:07:09', '2024-12-09 04:07:09');

SET FOREIGN_KEY_CHECKS = 1;
