-- MySQL dump 10.13  Distrib 8.0.40, for Linux (x86_64)
--
-- Host: localhost    Database: hrmsNew
-- ------------------------------------------------------
-- Server version	8.0.40-0ubuntu0.24.04.1

/*!40101 SET @OLD_CHARACTER_SET_CLIENT=@@CHARACTER_SET_CLIENT */;
/*!40101 SET @OLD_CHARACTER_SET_RESULTS=@@CHARACTER_SET_RESULTS */;
/*!40101 SET @OLD_COLLATION_CONNECTION=@@COLLATION_CONNECTION */;
/*!50503 SET NAMES utf8mb4 */;
/*!40103 SET @OLD_TIME_ZONE=@@TIME_ZONE */;
/*!40103 SET TIME_ZONE='+00:00' */;
/*!40014 SET @OLD_UNIQUE_CHECKS=@@UNIQUE_CHECKS, UNIQUE_CHECKS=0 */;
/*!40014 SET @OLD_FOREIGN_KEY_CHECKS=@@FOREIGN_KEY_CHECKS, FOREIGN_KEY_CHECKS=0 */;
/*!40101 SET @OLD_SQL_MODE=@@SQL_MODE, SQL_MODE='NO_AUTO_VALUE_ON_ZERO' */;
/*!40111 SET @OLD_SQL_NOTES=@@SQL_NOTES, SQL_NOTES=0 */;

--
-- Table structure for table `abroad_countries`
--

DROP TABLE IF EXISTS `abroad_countries`;
/*!40101 SET @saved_cs_client     = @@character_set_client */;
/*!50503 SET character_set_client = utf8mb4 */;
CREATE TABLE `abroad_countries` (
  `id` bigint unsigned NOT NULL AUTO_INCREMENT,
  `abroad_id` bigint unsigned NOT NULL,
  `country_id` bigint unsigned DEFAULT NULL,
  `created_at` timestamp NULL DEFAULT NULL,
  `updated_at` timestamp NULL DEFAULT NULL,
  PRIMARY KEY (`id`),
  KEY `abroad_countries_abroad_id_foreign` (`abroad_id`),
  KEY `abroad_countries_country_id_foreign` (`country_id`),
  CONSTRAINT `abroad_countries_abroad_id_foreign` FOREIGN KEY (`abroad_id`) REFERENCES `abroads` (`id`) ON DELETE CASCADE,
  CONSTRAINT `abroad_countries_country_id_foreign` FOREIGN KEY (`country_id`) REFERENCES `countries` (`id`) ON DELETE SET NULL
) ENGINE=InnoDB AUTO_INCREMENT=147632 DEFAULT CHARSET=utf8mb4 COLLATE=utf8mb4_unicode_ci;
/*!40101 SET character_set_client = @saved_cs_client */;

--
-- Dumping data for table `abroad_countries`
--

LOCK TABLES `abroad_countries` WRITE;
/*!40000 ALTER TABLE `abroad_countries` DISABLE KEYS */;
INSERT INTO `abroad_countries` VALUES (147507,500,170,NULL,NULL),(147508,501,175,NULL,NULL),(147509,502,175,NULL,NULL),(147510,502,193,NULL,NULL),(147511,502,197,NULL,NULL),(147512,503,197,NULL,NULL),(147513,504,30,NULL,NULL),(147514,505,NULL,NULL,NULL),(147515,506,197,NULL,NULL),(147516,507,25,NULL,NULL),(147517,508,60,NULL,NULL),(147518,508,170,NULL,NULL),(147519,509,NULL,NULL,NULL),(147520,510,187,NULL,NULL),(147521,511,NULL,NULL,NULL),(147522,511,199,NULL,NULL),(147523,512,198,NULL,NULL),(147524,513,202,NULL,NULL),(147525,514,175,NULL,NULL),(147526,515,198,NULL,NULL),(147527,516,86,NULL,NULL),(147528,517,198,NULL,NULL),(147529,518,198,NULL,NULL),(147530,519,198,NULL,NULL),(147531,520,198,NULL,NULL),(147532,521,175,NULL,NULL),(147533,522,193,NULL,NULL),(147534,523,204,NULL,NULL),(147535,477,175,NULL,NULL),(147536,478,154,NULL,NULL),(147537,479,75,NULL,NULL),(147538,480,168,NULL,NULL),(147539,481,154,NULL,NULL),(147540,482,154,NULL,NULL),(147541,483,193,NULL,NULL),(147542,484,163,NULL,NULL),(147543,485,175,NULL,NULL),(147544,486,104,NULL,NULL),(147545,487,NULL,NULL,NULL),(147546,488,NULL,NULL,NULL),(147547,489,193,NULL,NULL),(147548,490,168,NULL,NULL),(147549,491,NULL,NULL,NULL),(147550,492,86,NULL,NULL),(147551,493,199,NULL,NULL),(147552,494,154,NULL,NULL),(147553,495,60,NULL,NULL),(147554,496,175,NULL,NULL),(147555,497,203,NULL,NULL),(147556,498,NULL,NULL,NULL),(147557,546,86,NULL,NULL),(147558,547,199,NULL,NULL),(147559,548,86,NULL,NULL),(147560,549,136,NULL,NULL),(147561,550,175,NULL,NULL),(147562,551,154,NULL,NULL),(147563,552,78,NULL,NULL),(147564,553,199,NULL,NULL),(147565,554,175,NULL,NULL),(147566,555,NULL,NULL,NULL),(147567,556,86,NULL,NULL),(147568,558,104,NULL,NULL),(147569,559,154,NULL,NULL),(147570,560,104,NULL,NULL),(147571,561,104,NULL,NULL),(147572,557,NULL,NULL,NULL),(147573,562,78,NULL,NULL),(147574,563,78,NULL,NULL),(147575,564,136,NULL,NULL),(147576,565,193,NULL,NULL),(147577,566,77,NULL,NULL),(147578,567,154,NULL,NULL),(147579,568,25,NULL,NULL),(147580,569,78,NULL,NULL),(147581,570,77,NULL,NULL),(147582,571,154,NULL,NULL),(147583,572,136,NULL,NULL),(147584,573,78,NULL,NULL),(147585,574,78,NULL,NULL),(147586,575,123,NULL,NULL),(147587,576,175,NULL,NULL),(147588,577,199,NULL,NULL),(147589,578,78,NULL,NULL),(147590,579,30,NULL,NULL),(147591,580,136,NULL,NULL),(147592,581,30,NULL,NULL),(147593,582,78,NULL,NULL),(147594,583,136,NULL,NULL),(147595,584,86,NULL,NULL),(147596,585,30,NULL,NULL),(147597,586,9,NULL,NULL),(147598,587,175,NULL,NULL),(147599,588,25,NULL,NULL),(147600,589,78,NULL,NULL),(147601,590,25,NULL,NULL),(147602,591,25,NULL,NULL),(147603,592,175,NULL,NULL),(147604,593,25,NULL,NULL),(147605,594,86,NULL,NULL),(147606,595,170,NULL,NULL),(147607,596,64,NULL,NULL),(147608,597,154,NULL,NULL),(147609,598,175,NULL,NULL),(147610,599,64,NULL,NULL),(147611,600,9,NULL,NULL),(147612,601,78,NULL,NULL),(147613,602,104,NULL,NULL),(147614,603,193,NULL,NULL),(147615,604,86,NULL,NULL),(147616,605,199,NULL,NULL),(147617,606,199,NULL,NULL),(147618,607,25,NULL,NULL),(147619,608,9,NULL,NULL),(147620,609,123,NULL,NULL),(147621,610,78,NULL,NULL),(147622,611,NULL,NULL,NULL),(147623,612,193,NULL,NULL),(147624,613,NULL,NULL,NULL),(147625,614,198,NULL,NULL),(147626,615,175,NULL,NULL),(147627,616,86,NULL,NULL),(147628,617,198,NULL,NULL),(147629,618,198,NULL,NULL),(147630,619,30,NULL,NULL),(147631,619,175,NULL,NULL);
/*!40000 ALTER TABLE `abroad_countries` ENABLE KEYS */;
UNLOCK TABLES;

--
-- Table structure for table `abroads`
--

DROP TABLE IF EXISTS `abroads`;
/*!40101 SET @saved_cs_client     = @@character_set_client */;
/*!50503 SET character_set_client = utf8mb4 */;
CREATE TABLE `abroads` (
  `id` bigint unsigned NOT NULL AUTO_INCREMENT,
  `staff_id` bigint unsigned DEFAULT NULL,
  `particular` varchar(255) CHARACTER SET utf8mb4 COLLATE utf8mb4_unicode_ci NOT NULL,
  `training_success_fail` tinyint(1) DEFAULT '0',
  `training_success_count` text CHARACTER SET utf8mb4 COLLATE utf8mb4_unicode_ci,
  `sponser` varchar(255) CHARACTER SET utf8mb4 COLLATE utf8mb4_unicode_ci DEFAULT NULL,
  `meet_with` varchar(255) CHARACTER SET utf8mb4 COLLATE utf8mb4_unicode_ci DEFAULT NULL,
  `from_date` date DEFAULT NULL,
  `to_date` date DEFAULT NULL,
  `actual_abroad_date` date DEFAULT NULL,
  `position` varchar(255) CHARACTER SET utf8mb4 COLLATE utf8mb4_unicode_ci DEFAULT NULL,
  `created_at` timestamp NULL DEFAULT NULL,
  `updated_at` timestamp NULL DEFAULT NULL,
  `towns` longtext COLLATE utf8mb4_unicode_ci,
  `is_training` tinyint(1) DEFAULT NULL,
  PRIMARY KEY (`id`),
  KEY `abroads_staff_id_foreign` (`staff_id`),
  CONSTRAINT `abroads_staff_id_foreign` FOREIGN KEY (`staff_id`) REFERENCES `staff` (`id`) ON DELETE CASCADE
) ENGINE=InnoDB AUTO_INCREMENT=620 DEFAULT CHARSET=utf8mb4 COLLATE=utf8mb4_unicode_ci;
/*!40101 SET character_set_client = @saved_cs_client */;

--
-- Dumping data for table `abroads`
--

LOCK TABLES `abroads` WRITE;
/*!40000 ALTER TABLE `abroads` DISABLE KEYS */;
INSERT INTO `abroads` VALUES (477,8,'ကမ္ဘာ့ကုန်သွယ်ရေးအဖွဲ့၊ ကုန်သွယ် ရေးကုစားမှု လုပ်ထုံးလုပ်နည်း သင်တန်း',0,'','','ITD Thailand','2007-07-09','2007-07-12','2024-12-09','-','2024-12-16 01:17:02','2025-01-30 02:57:09',NULL,NULL),(478,8,'အာဆီယံကုန်သွယ်မှုနှင့် ရင်းနှီးမြှုပ် နှံမှုသင်တန်း',0,'','','IE Singapore','2008-08-01','2008-08-07','2024-12-09','-','2024-12-16 01:17:02','2025-01-30 02:57:09',NULL,NULL),(479,8,'အဆင့်မြင့် ကုန်သွယ်မှုစေ့စပ် ညှိနှိုင်းမှုစွမ်းရည်မြှင့်တင်ရေး သင်တန်း',0,'','','WTO','2010-07-16','2010-07-22','2024-12-09','-','2024-12-16 01:17:02','2025-01-30 02:57:09',NULL,NULL),(480,8,'ကမ္ဘာ့ကုန်သွယ်ရေးအဖွဲ့ဆိုင်ရာ မြန်မာကိုယ်စားလှယ် သံမှူးတာဝန် ထမ်းဆောင်ခြင်း',0,'','','WTO','2010-10-24','2013-02-02','2024-12-09','-','2024-12-16 01:17:02','2025-01-30 02:57:09',NULL,NULL),(481,8,'အာဆီယံ ခေါင်းဆောင်မှုမူဝါဒဖိုရမ် အလုပ်ရုံဆွေးနွေးပွဲ',0,'','','LKYSPP, NUS','2013-10-17','2013-10-18','2024-12-09','','2024-12-16 01:17:02','2025-01-30 02:57:09',NULL,NULL),(482,8,'ပြည်သူ့ရေးရာအုပ်ချုပ်မှုမဟာဘွဲ့ သင်တန်း',0,'','','LKYSPP, NUS','2014-06-26','2015-07-26','2024-12-09','','2024-12-16 01:17:02','2025-01-30 02:57:09',NULL,NULL),(483,8,'အာဆီယံ စီးပွားရေးစတင်လုပ်ကိုင် ခြင်းဆိုင်ရာ အလုပ်ရုံဆွေးနွေးပွဲ',0,'','','ASEAN, Secretariat, OECD','2016-06-12','2016-06-15','2024-12-09','','2024-12-16 01:17:02','2025-01-30 02:57:09',NULL,NULL),(484,8,'(၁၀) ကြိမ်မြောက် ရင်းနှီးမြှုပ်နှံမှု ဆိုင်ရာ စေ့စပ်ညှိနှိုင်းသူများဖိုရမ်',0,'','','Investment Board of Srilanka','2016-11-07','2016-11-10','2024-12-09','','2024-12-16 01:17:02','2025-01-30 02:57:09',NULL,NULL),(485,8,'ထိုင်းနိုင်ငံရှိ ရင်းနှီးမြှုပ်နှံမှုဆိုင်ရာ စီးပွားရေးလုပ်ငန်းများကို လေ့လာ ရန်',0,'','','Thai Chinese Promotion of Investment and Trade Association','2017-07-24','2017-07-28','2024-12-09','','2024-12-16 01:17:02','2025-01-30 02:57:09',NULL,NULL),(486,8,'မလေးရှားနိုင်ငံ Doing Business လေ့လာရေးခရီးစဉ်',0,'','','PEMUDAH, MIDA','2017-09-04','2017-09-08','2024-12-09','','2024-12-16 01:17:02','2025-01-30 02:57:09',NULL,NULL),(487,8,'(၁၆) ကြိမ်မြောက် မြန်မာ-တရုတ်  နှစ်နိုင်ငံ နယ်စပ်ကုန်သွယ်ရေး ကုန်စည်ပြပွဲနှင့် (၁၂) ကြိမ်မြောက် မြန်မာ-တရုတ် နှစ်နိုင်ငံ နယ်စပ် ကုန်သွယ်မှုအစည်းအဝေး',0,'','','JBTCCC','2017-12-26','2017-12-30','2024-12-09','','2024-12-16 01:17:02','2025-01-30 02:57:09',NULL,NULL),(488,8,'(၁၅)ကြိမ်မြောက် တရုတ်-အာဆီယံ ကုန်စည်ပြပွဲ Senior Official Meeting (SOM) အကြီးတန်း အရာရှိများအစည်းအဝေး',0,'','','CA-Expo','2018-03-12','2018-03-17','2024-12-09','','2024-12-16 01:17:02','2025-01-30 02:57:09',NULL,NULL),(489,8,'မြန်မာနိုင်ငံ၏ နိုင်ငံခြားရင်းနှီးမြှုပ် နှံမှုဝန်းကျင်နှင့် ပုသိမ်စက်မှု မြို့တော်အလားအလာဆွေးနွေးပွဲ',0,'','','Biz Well Business Centre','2018-04-23','2018-04-23','2024-12-09','','2024-12-16 01:17:02','2025-01-30 02:57:09',NULL,NULL),(490,8,'နိုင်ငံတကာရင်းနှီးမြှုပ်နှံမှုဥပဒေနှင့် မူဝါဒမြှင့်တင်ရေး အကာအကွယ် ပေးရေးနှင့်လွယ်ကူချောမွေ့စေရေး ဆွေးနွေးပွဲ',0,'','','World Trade Institute- WTI','2018-07-16','2018-07-20','2024-12-09','','2024-12-16 01:17:02','2025-01-30 02:57:09',NULL,NULL),(491,8,'မြန်မာနိုင်ငံရင်းနှီးမြှုပ်နှံမှုထိပ်သီး ဆွေးနွေးပွဲ ၂၀၁၉ လှည့်လည်  မိတ်ဆက်ခြင်းခရီးစဉ်   ',0,'','','China Council for the Promotion of International Trade (CCPIT)','2018-11-05','2018-11-10','2024-12-09','','2024-12-16 01:17:02','2025-01-30 02:57:09',NULL,NULL),(492,8,'ဂျပန်နိုင်ငံတွင် ကျင်းပပြုလုပ်မည့် 6th Myanmar Investment Forum and Industrial Familiarization Program သို့ တက်ရောက်ခြင်း',0,'','','ASEAN-Japan Centre','2019-02-11','2019-02-15','2024-12-09','','2024-12-16 01:17:02','2025-01-30 02:57:09',NULL,NULL),(493,8,'Myanmar Investment Seminar for Korean SMEs နှင့် Korean Fintech Week 2019 ဖွင့်ပွဲအခမ်း အနားသို့ တက်ရောက်ခြင်း',0,'','','Financial Services Commission- FSC','2019-05-22','2019-05-24','2024-12-09','','2024-12-16 01:17:02','2025-01-30 02:57:09',NULL,NULL),(494,8,'စင်ကာပူသမ္မတနိုင်ငံ ထိပ်သီး အစည်းအဝေး ၂၀၁၉ သို့ တက်ရောက်ခြင်း',0,'','','Temasek Foundation','2019-09-20','2019-09-21','2024-12-09','','2024-12-16 01:17:02','2025-01-30 02:57:09',NULL,NULL),(495,8,'ပြင်သစ် ကုမ္ပဏီများနှင့် စကားဝိုင်း ဆွေးနွေးပွဲ၊ တတိယအကြိမ် Belt and Road Summit',0,'','','French Develop- ment Agency (AFD)','2019-11-17','2019-11-22','2024-12-09','','2024-12-16 01:17:02','2025-01-30 02:57:09',NULL,NULL),(496,8,'မော်တော်ယာဉ် အစိတ်အပိုင်းနှင့် အပိုပစ္စည်းထုတ်လုပ်သူများ ဆိုင် ရာ ဆွေးနွေးပွဲ',0,'','','Amata Industrial Estate','2019-12-11','2019-12-14','2024-12-09','','2024-12-16 01:17:02','2025-01-30 02:57:09',NULL,NULL),(497,8,'ဗီယက်နမ်နိုင်ငံ၊ ဟနွိုင်မြို့သို့ ညွှန်ကြားရေးမှူးချုပ် Mr.Pham Hung Tam ၏ ဖိတ်ကြားချက်အရ သွားရောက်ခြင်း',0,'','','Mr.Pham Hung Tam','2023-08-14','2023-08-16','2024-12-09','','2024-12-16 01:17:02','2025-01-30 02:57:09',NULL,NULL),(498,8,'တရုတ်ပြည်သူ့သမ္မတနိုင်ငံ၊ ချန်ဒူမြို့၌ကျင်းပသည့် မြန်မာ မီးရထားလုပ်ငန်းစီမံကိန်းရေးဆွဲ ခြင်းနှင့်ဆောက်လုပ်ရေးဆိုင်ရာ အလုပ်ရုံဆွေးနွေးပွဲသို့တက်ရောက်ခြင်း ',0,'','','ဒုတိယ အင်ဂျင်နီယာချုပ် China Railway Eryuan Engineering Group Co., Ltd.','2024-10-23','2024-11-05','2024-12-09','','2024-12-16 01:17:02','2025-01-30 02:57:09',NULL,NULL),(500,33,'ဖွံ့ဖြိုးတိုးတက်မှု အနည်းဆုံးနိုင်ငံများ အတွက် ကမ္ဘာ့ကုန်သွယ်ရေး မိတ်ဆက် သင်တန်းတက်ရောက်ရန်',1,'','','သင်တန်းတာဝန်ရှိ ပုဂ္ဂိုလ်များ၊ ဆရာမများနှင့် Secretary General Pscal Lamy','2009-07-13','2009-07-31','2024-12-09','','2025-01-13 21:49:31','2025-01-15 22:10:23',NULL,NULL),(501,35,'ASEAN-WIPO Workshop on the Madrid Protocol',0,'','','Intellectual Property Organization','2008-08-27','2008-08-30','2024-12-09','ရင်းနှီးမြှုပ်နှံမှုနှင့်ကုမ္ပဏီများညွှန်ကြားမှုဦးစီးဌာန၊ ညွှန်ကြားရေးမှူး','2025-01-16 02:50:58','2025-01-16 03:14:27',NULL,NULL),(502,7,'မဲခေါင်ဒေသတွင်း အဆင့်မြင့် စီမံ ခန့်ခွဲသူများဖွံ့ဖြိုး တိုးတက်မှု အစီအစဉ်',0,'','','အစည်းအဝေးနှင့် သက်ဆိုင်သည့်ပုဂ္ဂိုလ်များနှင့်တွေ့ဆုံခဲ့ပါ သည်။','2010-07-11','2010-07-24','2024-12-09','','2025-01-24 03:02:46','2025-02-26 02:19:36',NULL,NULL),(503,7,'မဲခေါင်ဒေသခွဲပို့ဆောင်ရေးဖိုရမ် အစည်းအ‌ဝေး',0,'','','အစည်းအဝေးနှင့် သက်ဆိုင်သည့်ပုဂ္ဂိုလ်များနှင့်တွေ့ဆုံခဲ့ပါ သည်။','2011-09-14','2011-09-15','2024-12-09','','2025-01-24 03:02:46','2025-02-23 22:43:49',NULL,NULL),(504,7,'(၂၁)ကြိမ်မြောက်အာဆီယံထိပ်သီးအစည်းအဝေးနှင့် ဆက်စပ် အစည်း အဝေးများ',0,'','','အစည်းအဝေး နှင့် သက်ဆိုင်သည့်ပုဂ္ဂိုလ်များနှင့်တွေ့ဆုံခဲ့ ပါသည်။','2012-11-13','2012-11-20','2024-12-09','','2025-01-24 03:02:46','2025-02-23 22:43:49',NULL,NULL),(505,7,'Saemaul Undong ကျေးရွာသစ် လှုပ်ရှားမှု ရှေ့ ပြေး စီမံကိန်း ဆွေးနွေးပွဲများ',0,'','','ဆွေးနွေးပွဲနှင့် သက်ဆိုင်သည့် ပုဂ္ဂိုလ်များနှင့်တွေ့ဆုံခဲ့ပါသည်။','2012-12-13','2012-12-22','2024-12-09','','2025-01-24 03:02:46','2025-02-23 22:43:49',NULL,NULL),(506,7,'2nd Vice Foreign Ministers’ Meeting on East-West Economic Corridor Development',0,'','','ဆွေးနွေးပွဲနှင့် သက်ဆိုင်သည့် ပုဂ္ဂိုလ်များနှင့်တွေ့ဆုံခဲ့ပါသည်။','2013-05-15','2013-05-16','2024-12-09','','2025-01-30 01:09:28','2025-02-23 22:43:50',NULL,NULL),(507,7,'(၂၃)ကြိမ်မြောက်အာဆီယံထိပ်သီးအစည်းအဝေးနှင့် ဆက်စပ် အစည်းအဝေးများ အတွက် ADVANCE VISIT',0,'','','အစည်းအဝေး နှင့် သက်ဆိုင်သည့် ပုဂ္ဂိုလ်များနှင့်တွေ့ဆုံခဲ့ပါသည်။','2013-09-09','2013-09-10','2024-12-09','','2025-01-30 01:09:28','2025-02-23 22:43:50',NULL,NULL),(508,7,'ဒုတိယအကြိမ် မြန်မာ -ဆွစ်ဇာလန် စီးပွားရေး ရင်းနှီးမြှုပ်နှံမှု၊ အလုပ် သမားရေးရာနှင့်ကုန်သွယ်မှုကိစ္စများနှင့် ပတ်သက်သည့် ဆွေးနွေးပွဲ နှင့် OECD Ministerial Council Meeting',0,'','','အစည်းအဝေးနှင့် သက်ဆိုင်သည့် ပုဂ္ဂိုလ်များနှင့်တွေ့ဆုံခဲ့ပါသည်။','2015-06-01','2015-06-04','2024-12-09','','2025-01-30 01:09:28','2025-02-23 22:43:50',NULL,NULL),(509,7,'ဘီစီအိုင်အမ်ဒေသတွင်း အစိုးရများ ပူးပေါင်း ဆောင်ရွက်မှုဖိုရမ်',0,'','','အစည်းအဝေး နှင့် သက်ဆိုင်သည့် ပုဂ္ဂိုလ်များနှင့်တွေ့ဆုံခဲ့ပါသည်။','2015-12-07','2015-12-09','2024-12-09','','2025-01-30 01:09:28','2025-02-23 22:43:50',NULL,NULL),(510,7,'အာဆီယံစီးပွားရေးဝန်ကြီးများ၏ အမေရိကန် ပြည်ထောင်စုခရီးစဉ်',0,'','','အစည်းအဝေးနှင့် သက်ဆိုင်သည့် ပုဂ္ဂိုလ်များနှင့်တွေ့ဆုံခဲ့ပါသည်။','2016-02-17','2016-02-24','2024-12-09','','2025-01-30 01:09:28','2025-02-23 22:43:50',NULL,NULL),(511,7,'Capacity Building Workshop for Myanmar MOPF Officials',0,'','','အစည်းအဝေးနှင့် သက်ဆိုင်သည့် ပုဂ္ဂိုလ်များနှင့်တွေ့ဆုံခဲ့ပါသည်။','2016-07-10','2016-07-15','2024-12-09','','2025-01-30 01:09:28','2025-02-23 22:43:50',NULL,NULL),(512,7,'တရုတ်ပြည်သူ့သမ္မတနိုင်ငံ၊နန်နင်းမြို့တွင်(၁၃)ကြိမ် မြောက် တရုတ်-အာဆီယံ ကုန်စည်ပြပွဲနှင့် ဆွေးနွေး ပွဲများသို့တက်ရောက်နိုင်ပါ ရန်ဖိတ်ကြားလာခြင်းကိစ္စ',0,'','','ဆွေးနွေးပွဲနှင့် သက်ဆိုင်သည့် ပုဂ္ဂိုလ်များနှင့်တွေ့ဆုံခဲ့ပါသည်။','2016-09-11','2016-09-14','2024-12-09','','2025-01-30 01:30:30','2025-02-23 22:43:50',NULL,NULL),(513,7,'အင်ဒိုနီးရှားနိုင်ငံ၊ ဂျာကာတာမြို့တွင် ကျင်းပ ပြုလုပ်မည့် အင်ဒိုနီးရှား ရင်းနှီး မြှုပ်နှံမှုဘုတ်အဖွဲ့၏ တစ်နေရာတည်းတွင် ဝန်ဆောင်မှုပေးသည့်ဌာန သို့ လေ့လာရေးခရီးသွား ရောက်ခြင်း',0,'','','ခရီးစဉ်နှင့် သက်ဆိုင်သည့် ပုဂ္ဂိုလ်များနှင့်တွေ့ဆုံခဲ့ပါသည်။','2016-12-07','2016-12-08','2024-12-09','','2025-01-30 01:30:30','2025-02-23 22:43:50',NULL,NULL),(514,7,'ထိုင်းနိုင်ငံတွင်ကျင်းပပြုလုပ်မည့် မဲခေါင်နိုင်ငံများအတွက် အေအီးစီဆီသို့နှင့်အေအီးစီ အလွန်ရင်းနှီးမြှုပ်နှံမှုမြှင့် တင် ရေးအလုပ်ရုံဆွေးနွေးပွဲသို့ တက်ရောက်ခြင်း',0,'','','ဆွေးနွေးပွဲနှင့် သက်ဆိုင်သည့် ပုဂ္ဂိုလ်များနှင့် တွေ့ဆုံခဲ့ပါသည်။','2017-01-16','2017-01-26','2024-12-09','','2025-01-30 01:30:30','2025-02-23 22:43:50',NULL,NULL),(515,7,'(၁၄)ကြိမ်မြောက် တရုတ်-အာဆီယံ ကုန်စည် ပြပွဲအကြီးတန်း အရာရှိ အစည်းအဝေး(Senior Official Meeting-SOM)သို့ တက်ရောက်ခြင်း',0,'','','အစည်းအဝေးနှင့် သက်ဆိုင်သည့် ပုဂ္ဂိုလ်များနှင့် တွေ့ဆုံခဲ့ပါသည်။','2017-03-12','2017-03-17','2024-12-09','','2025-01-30 02:04:50','2025-02-23 22:43:50',NULL,NULL),(516,7,'ဂျပန်နိုင်ငံတွင်ပြုလုပ်မည့် ဒေသဆိုင်ရာစက်မှုကဏ္ဍ မြှင့်တင်နိုင်ရေးနှင့်စက်မှု ဖွံ့ဖြိုးရေးလုပ်ငန်းစီမံကိန်း ဆိုင်ရာအလုပ်ရုံဆွေးနွေးပွဲ သို့တက်ရောက်ခြင်း',0,'','','ဆွေးနွေးပွဲနှင့် သက်ဆိုင်သည့် ပုဂ္ဂိုလ်များနှင့်တွေ့ဆုံခဲ့ပါသည်။','2017-07-05','2017-07-06','2024-12-09','','2025-01-30 02:04:50','2025-02-23 22:43:50',NULL,NULL),(517,7,'တရုတ်ပြည်သူ့သမ္မတနိုင်ငံ၊ နန်နင်း မြို့၌ကျင်းပပြုလုပ် မည့် (၁၄) ကြိမ်မြောက် တရုတ်-အာဆီယံကုန်စည် ပြပွဲ ၂၀၁၇နှင့် ရင်းနှီးမြှုပ်နှံမှု ပူးပေါင်းဆောင်ရွက်ရေး ဆိုင်ရာအစည်းအဝေးသို့ တက်ရောက်ခြင်း',0,'','','အစည်းအဝေးနှင့် သက်ဆိုင်သည့် ပုဂ္ဂိုလ်များနှင့်တွေ့ဆုံခဲ့ပါသည်။','2017-09-12','2017-09-15','2024-12-09','','2025-01-30 02:04:50','2025-02-23 22:43:50',NULL,NULL),(518,7,'တရုတ်ပြည်သူ့သမ္မတနိုင်ငံ၊ချန်ဒူးမြို့တွင် ကျင်းပပြုလုပ် မည့် ၂၀၁၇ ခုနှစ် တောင် အာရှဒေသ၏ ထုတ်လုပ်မှု စွမ်းရည်ဆိုင်ရာပူးပေါင်း ဆောင်ရွက်မှု (ချန်ဒူး) ဆွေးနွေးပွဲသို့တက်ရောက်ခြင်း',0,'','','ဆွေးနွေးပွဲနှင့် သက်ဆိုင်သည့် ပုဂ္ဂိုလ်များနှင့်တွေ့ဆုံခဲ့ပါသည်။','2017-11-02','2017-11-03','2024-12-09','','2025-01-30 02:04:50','2025-02-23 22:43:50',NULL,NULL),(519,7,'ဒုတိယအကြိမ်အာဆီယံ-တရုတ် စွန့်ဦးတီထွင် စီးပွားရေးစွမ်းဆောင်ရှင်များ ဖိုရမ်သို့တက်ရောက်ခြင်း',0,'','','ဖိုရမ်နှင့်သက်ဆိုင် သည့်ပုဂ္ဂိုလ်များနှင့် တွေ့ဆုံခဲ့ပါသည်။','2017-12-07','2017-12-10','2024-12-09','','2025-01-30 02:04:50','2025-02-23 22:43:50',NULL,NULL),(520,7,'(၁၆)ကြိမ်မြောက်တရုတ်-မြန်မာနယ်စပ်ကုန်သွယ်ရေး ကုန်စည်ပြပွဲသို့တက်ရောက်ခြင်း',0,'','','ကုန်စည်ပြပွဲနှင့်သက်ဆိုင်သည့် ပုဂ္ဂိုလ်များနှင့်တွေ့ဆုံခဲ့ပါသည်။','2017-12-26','2017-12-30','2024-12-09','','2025-01-30 02:04:50','2025-02-23 22:43:50',NULL,NULL),(521,7,'ထိုင်းနိုင်ငံတွင် ပြုလုပ်မည့် ထိုင်းနိုင်ငံ ရင်းနှီးမြှုပ်နှံမှုအဖွဲ့ အစည်း၏ ရင်းနှီးမြှုပ်နှံမှု မြှင့်တင်ရေးဆိုင်ရာ ဆောင်ရွက်ချက်များနှင့် အတွေ့အကြုံများကို သွားရောက်လေ့လာရန်နှင့် ရင်းနှီးမြှုပ်နှံမှုမြှင့်တင်ရေးဆွေးနွေးပွဲသို့ တက်ရောက်ခြင်း',0,'','','ဆွေးနွေးပွဲနှင့်သက်ဆိုင်သည့် ပုဂ္ဂိုလ်များနှင့်တွေ့ဆုံခဲ့ပါသည်။','2018-03-04','2018-03-09','2024-12-09','','2025-01-30 02:04:50','2025-02-23 22:43:50',NULL,NULL),(522,7,'ဗီယက်နမ်နိုင်ငံ၊ဟိုချီမင်းမြို့ရှိ Pou Chen Groupစက်ရုံသို့   ကုန်ချောတစ်ဝက်တစ်ပျက် သယ်ယူသည့် စနစ်နှင့် စပ်လျဉ်းသည့်လုပ်ထုံး လုပ်နည်းများနှင့်နည်းစနစ်များကို လေ့လာရန် သွားရောက်ခြင်း',0,'','','စက်ရုံမှ တာဝန်ရှိ သည့်ပုဂ္ဂိုလ်များ နှင့်တွေ့ဆုံခဲ့ပါ သည်။','2018-06-12','2018-06-15','2024-12-09','','2025-01-30 02:04:50','2025-02-23 22:43:50',NULL,NULL),(523,7,'ချက်သမ္မတနိုင်ငံ၊ Prague မြို့သို့ လေ့လာရေးခရီးသွား ရောက်ခြင်း',0,'','','ခရီးစဉ်နှင့်သက်ဆိုင်သည့်ပုဂ္ဂိုလ်များနှင့်တွေ့ဆုံခဲ့ပါသည်။','2018-06-18','2018-06-22','2024-12-09','','2025-01-30 02:04:50','2025-02-23 22:43:50',NULL,NULL),(546,39,'The Ministry’s Youth Exchange Program',0,'','','လူငယ်တွေ့ဆုံပွဲ ','1997-11-19','1997-11-27','2024-12-09','','2025-01-30 03:19:38','2025-01-30 23:00:53',NULL,NULL),(547,39,'Master’s Program on Korea Economy for ASEAN',0,'','','KDI School','2000-12-28','2002-02-28','2024-12-09','','2025-01-30 03:19:38','2025-01-30 23:00:53',NULL,NULL),(548,39,'Int’l Seminar on Civil &    Commercial Law',0,'','','ကူးသန်းရောင်းဝယ်ရေး ဥပဒေဆိုင်ရာဆွေးနွေးပွဲတက်ရောက်ခြင်း','2006-01-30','2006-03-11','2024-12-09','','2025-01-30 03:19:38','2025-01-30 23:00:53',NULL,NULL),(549,39,'Workshop on Two Annex Approach',0,'','','အလုပ်ရုံဆွေးနွေးပွဲ တက်ရောက်ခြင်း','2006-10-11','2006-10-19','2024-12-09','','2025-01-30 03:19:38','2025-01-30 23:00:53',NULL,NULL),(550,39,'ရင်းနှီးမြှုပ်နှံမှုဆိုင်ရာမူဝါဒနှင့် နိုင်ငံခြားရင်းနှီးမြှုပ်နှံမှုမြှင့်တင်ရေး သင်တန်း',0,'','','TICA Trading Center','2007-01-07','2007-01-17','2024-12-09','','2025-01-30 03:19:38','2025-01-30 23:00:53',NULL,NULL),(551,39,'36th CCI Meeting',0,'','','အာစီယံရင်းနှီးမြှုပ်နှံမှု ဆိုင်ရာအစည်းအဝေး တက်ရောက်ခြင်း','2007-07-31','2007-07-05','2024-12-09','','2025-01-30 03:19:38','2025-01-30 23:00:53',NULL,NULL),(552,39,'37th CCI Meeting',0,'','','အာစီယံရင်းနှီးမြှုပ်နှံမှု  ဆိုင်ရာ အစည်းအဝေး တက်ရောက်ခြင်း','2007-11-13','2007-11-16','2024-12-09','','2025-01-30 03:19:38','2025-01-30 23:00:53',NULL,NULL),(553,39,'လွတ်လပ်သော ကုန်သွယ်မှု ဒေသဖော် ဆောင်ရေးညှိနှိုင်းရေး မှူးများ အတွက် ဘဏ္ဍာရေး ဝန်ဆောင်မှုနှင့် ရင်းနှီးမြှုပ်နှံမှု စွမ်းဆောင်ရည် မြှင့်တင်ရေး ဆိုင်ရာ အစီအစဉ်သို့ တက်ရောက်ရန်',0,'','','ရင်းနှီးမြှုပ်နှံမှု စွမ်းဆောင်ရည် မြှင့်တင်ရေး သင်တန်း တက်ရောက်ခြင်း','2008-01-17','2008-02-02','2024-12-09','','2025-01-30 03:19:38','2025-01-30 23:00:53',NULL,NULL),(554,39,'3rd ACIA & 38th CCI Meeting',0,'','','အာစီယံရင်းနှီးမြှုပ်နှံမှု ဆိုင်ရာ အစည်းအဝေး တက်ရောက်ခြင်း','2008-02-25','2008-02-29','2024-12-09','','2025-01-30 03:19:38','2025-01-30 23:00:53',NULL,NULL),(555,39,'30th ACTNC and  related Meeting',0,'','','အာဆီယံတရုတ် ကုန်သွယ်ရေး ပူးပေါင်း ဆောင်ရွက်မှုကော်မတီနှင့်ဆက်စပ် အစည်း အဝေးတက်ရောက်ခြင်း','2008-07-27','2008-07-30','2024-12-09','','2025-01-30 03:19:38','2025-01-30 23:00:53',NULL,NULL),(556,39,'Workshop on establishment of effective competition agency and priority measures',0,'','','Workshop on establishment of effective competition agency and priority measures','2008-12-02','2008-12-04','2024-12-09','','2025-01-30 03:19:38','2025-01-30 23:00:53',NULL,NULL),(557,39,'ASEAN-EU FTA  Services  &  Investment',0,'','','ASEAN-EU ရင်းနှီး မြှုပ်နှံမှု အစည်းအဝေး တက်ရောက်ခြင်း','2009-01-19','2009-01-20','2024-12-09','','2025-01-30 03:19:38','2025-01-30 23:00:54',NULL,NULL),(558,39,'3rd AEGC Meeting &  1st GTZ Meeting',0,'','','ယှဥ်ပြိုင်ခြင်း ဆိုင်ရာအစည်းအဝေး တက်ရောက်ခြင်း','2009-03-25','2009-03-27','2024-12-09','','2025-01-30 03:19:38','2025-01-30 23:00:54',NULL,NULL),(559,39,'Special CCI Meeting',0,'','','အာစီယံရင်းနှီးမြှုပ်နှံမှု အထူးအစည်း အဝေး တက်ရောက်ခြင်း','2009-04-17','2009-04-16','2024-12-09','','2025-01-30 03:19:38','2025-01-30 23:00:54',NULL,NULL),(560,39,'Workshop on cost & benefit of Competition Policy  and Law',0,'','','ယှဥ်ပြိုင်မှုမူဝါဒဆိုင်ရာ အလုပ်ရုံဆွေးနွေးပွဲ တက်ရောက်ခြင်း','2009-05-18','2009-05-19','2024-12-09','','2025-01-30 03:19:38','2025-01-30 23:00:54',NULL,NULL),(561,39,'4th AEGC Training Workshop on Approaches, Methodologies and Techniques of Competition Law',0,'','','ယှဥ်ပြိုင်မှုမူဝါဒဆိုင်ရာ အလုပ်ရုံဆွေးနွေးပွဲ တက်ရောက်ခြင်း','2009-08-10','2009-08-12','2024-12-09','','2025-01-30 03:19:38','2025-01-30 23:00:54',NULL,NULL),(562,39,'1st Workshop Regional Handbook on CPL',0,'','','အလုပ်ရုံဆွေးနွေးပွဲ တက်ရောက်ခြင်း','2009-08-18','2009-08-19','2024-12-09','','2025-01-30 22:37:59','2025-01-30 23:00:54',NULL,NULL),(563,39,'44th CCI Meeting',0,'','','အာစီယံရင်းနှီးမြှုပ်နှံမှု ဆိုင်ရာအစည်းအဝေး တက်ရောက်ခြင်း','2009-09-01','2009-09-04','2024-12-09','','2025-01-30 22:37:59','2025-01-30 23:00:54',NULL,NULL),(564,39,'45th CCI Meeting',0,'','','အာစီယံရင်းနှီးမြှုပ်နှံမှု ပူးပေါင်းဆောင်ရွက်ရေး ကော်မတီအစည်းအဝေး','2009-10-06','2009-10-08','2024-12-09','','2025-01-30 22:37:59','2025-01-30 23:00:54',NULL,NULL),(565,39,'46th CCI Meeting',0,'','','အာစီယံရင်းနှီးမြှုပ်နှံမှု ပူးပေါင်းဆောင်ရွက်ရေး ကော်မတီအစည်းအဝေး','2010-01-16','2010-01-18','2024-12-09','','2025-01-30 22:37:59','2025-01-30 23:00:54',NULL,NULL),(566,39,'46th CCI Meeting 6th AITNG-WGI & 5th  AITNC-WGI Meeting',0,'','','အာဆီယံ-အိန္ဒိယရင်းနှီး မြှုပ်နှံမှုအစည်းအဝေး တက်ရောက်ခြင်း','2010-03-16','2010-03-19','2024-12-09','','2025-01-30 22:37:59','2025-01-30 23:00:54',NULL,NULL),(567,39,'8th AITNG-WGI & 7th AITNC-WGI Meeting',0,'','','အာဆီယံ-အိန္ဒိယ ယှဥ်ပြိုင်မှု မူဝါဒဆိုင်ရာ အစည်းအဝေး တက်ရောက်ခြင်း','2010-05-20','2010-05-22','2024-12-09','','2025-01-30 22:37:59','2025-01-30 23:00:54',NULL,NULL),(568,39,'7th AEGC Workshop “Best Approaches for establishing competition policy  and law in Small & Developing Economies”',0,'','','အလုပ်ရုံဆွေးနွေးပွဲ တက်ရောက်ခြင်း','2010-07-05','2010-07-07','2024-12-09','','2025-01-30 22:37:59','2025-01-30 23:00:54',NULL,NULL),(569,39,'Special CCI Meeting',0,'','','အာဆီယံ ရင်းနှီးမြှုပ်နှံမှု ဆိုင်ရာ အထူးအစည်း အဝေးတက်ရောက်ခြင်း','2010-08-09','2010-08-10','2024-12-09','','2025-01-30 22:37:59','2025-01-30 23:00:54',NULL,NULL),(570,39,'10th AITNC & 9th   AITNG Meeting',0,'','','အာဆီယံ-အိန္ဒိယ ရင်းနှီးမြှုပ်နှံမှု အစည်းအဝေး တက်ရောက်ခြင်း','2010-08-31','2010-09-02','2024-12-09','','2025-01-30 22:37:59','2025-01-30 23:00:54',NULL,NULL),(571,39,'2nd special meeting',0,'','','အာဆီယံ ရင်းနှီး မြှုပ်နှံမှု ဆိုင်ရာ အထူး အစည်းအဝေး တက်ရောက်ခြင်း','2010-09-20','2010-09-22','2024-12-09','','2025-01-30 22:37:59','2025-01-30 23:00:54',NULL,NULL),(572,39,'Workshop on ASEAN Agreements',0,'','','အာဆီယံ သဘောတူ စာချုပ်များဆိုင်ရာအလုပ်ရုံဆွေးနွေးပွဲတက် ရောက်ခြင်း','2010-11-12','2010-11-13','2024-12-09','','2025-01-30 22:37:59','2025-01-30 23:00:54',NULL,NULL),(573,39,'51st CCI Meeting',0,'','','အာဆီယံ ရင်းနှီးမြှုပ်နှံမှု ဆိုင်ရာ အစည်းအဝေး တက်ရောက်ခြင်း','2010-12-12','2010-12-03','2024-12-09','','2025-01-30 22:37:59','2025-01-30 23:00:54',NULL,NULL),(574,39,'52st CCI Meeting',0,'','','အာဆီယံ ရင်းနှီးမြှုပ်နှံမှု ဆိုင်ရာ အစည်းအဝေး တက်ရောက်ခြင်း','2011-02-08','2011-02-10','2024-12-09','','2025-01-30 22:37:59','2025-01-30 23:00:54',NULL,NULL),(575,39,'3rd JC AANZFTA & related Meetings ',0,'','','အာဆီယံ-သြစတြေးလျ နယူးဆီလန် ရင်းနှီးမြှုပ်နှံမှုဆိုင်ရာ အစည်းအဝေး တက်ရောက်ခြင်း','2011-05-30','2011-06-02','2024-12-09','','2025-01-30 22:37:59','2025-01-30 23:00:54',NULL,NULL),(576,39,'54th CCI Meeting',0,'','','အာဆီယံ ရင်းနှီးမြှုပ်နှံမှု ဆိုင်ရာအစည်းအဝေး တက်ရောက်ခြင်း','2011-07-04','2011-07-06','2024-12-09','','2025-01-30 22:37:59','2025-01-30 23:00:54',NULL,NULL),(577,39,'2011 Investment Seminar ',0,'','','ရင်းနှီးမြှုပ်မှုဆိုင်ရာဆွေးနွေး ပွဲတက် ရောက်ခြင်း','2011-12-21','2011-12-21','2024-12-09','','2025-01-30 22:37:59','2025-01-30 23:00:54',NULL,NULL),(578,39,'55th CCI Meeting',0,'','','အာဆီယံ ရင်းနှီး မြှုပ်နှံမှု ဆိုင်ရာ အစည်းအဝေး တက်ရောက်ခြင်း','2012-01-11','2012-01-13','2024-12-09','','2025-01-30 22:37:59','2025-01-30 23:00:54',NULL,NULL),(579,39,'Outbound Investment Mission & Seminar on OECD Greater Mekong Investment Policy',0,'','','OECD ရင်းနှီးမြှုပ်နှံမှု မူဝါဒဆိုင်ရာဆွေးနွေးပွဲ တက်ရောက်ခြင်း','2012-03-27','2012-03-29','2024-12-09','','2025-01-30 22:37:59','2025-01-30 23:00:54',NULL,NULL),(580,39,'Workshop on Investment Approval & Licencing Procedures in AANZFTA & 56th CCI Meeting ',0,'','','ရင်းနှီးမြှုပ်နှံမှု ခွင့်ပြုခြင်း နှင့် လိုင်စင်ထုတ်ပေး ခြင်းဆိုင်ရာ အလုပ်ရုံ ဆွေးနွေးပွဲနှင့် အာဆီယံ ရင်းနှီးမြှုပ်နှံမှု အစည်း အဝေးတက်ရောက်ခြင်း','2012-04-23','2012-04-27','2024-12-09','','2025-01-30 22:37:59','2025-01-30 23:00:54',NULL,NULL),(581,39,'44th AEM and related Meetings',0,'','','အာဆီယံ စီးပွားရေးဝန်ကြီးများ ဆက်စပ်အစည်းအဝေး တက်ရောက်ခြင်း','2012-08-24','2012-09-01','2024-12-09','','2025-01-30 22:37:59','2025-01-30 23:00:54',NULL,NULL),(582,39,'1st RCEP Meeting',0,'','','RCEP အစည်းအဝေး တက်ရောက်ခြင်း','2012-10-10','2012-10-12','2024-12-09','','2025-01-30 22:37:59','2025-01-30 23:00:54',NULL,NULL),(583,39,'AANZFTA WGI Meeting And Workshop',0,'','','အာဆီယံ-နယူးဇီလန် ရင်းနှီးမြှုပ်နှံမှုဆိုင်ရာ အလုပ်ရုံဆွေးနွေးပွဲ တက်ရောက်ခြင်း','2012-10-23','2012-10-25','2024-12-09','','2025-01-30 22:37:59','2025-01-30 23:00:54',NULL,NULL),(584,39,'မြန်မာနိုင်ငံ၏ရင်းနှီးမြှုပ်နှံမှု သတင်းအချက်အလက်များဆိုင်ရာ ဆွေးနွေးပွဲသို့ တက်ရောက်ရန်',0,'','','မြန်မာနိုင်ငံ၏ရင်းနှီး မြှုပ်နှံမှု သတင်းအချက် အလက်များဆိုင်ရာ ဆွေးနွေးပွဲ တက်ရောက်ခြင်း','2012-11-05','2012-11-05','2024-12-09','','2025-01-30 22:37:59','2025-01-30 23:00:54',NULL,NULL),(585,39,' 21st ASEAN Summit & related Meetings',0,'','','အာဆီယံထိပ်သီး အစည်းအဝေး နှင့် ဆက်စပ်သည့် အစည်း အဝေးတက်ရောက်ခြင်း','2012-11-15','2012-11-20','2024-12-09','','2025-01-30 22:37:59','2025-01-30 23:00:54',NULL,NULL),(586,39,'ASEAN-ANZ JC  Meeting and related Meeting',0,'','','အာဆီယံ-သြစတျေးလျ- နယူးဇီလန်ပူးတွဲကော်မတီ အစည်းအဝေး တက်ရောက်ခြင်း','2012-12-01','2012-12-07','2024-12-09','','2025-01-30 22:37:59','2025-01-30 23:00:54',NULL,NULL),(587,39,'Study Visit to BOI, Thailand',0,'','','လေ့လာရေးခရီး သွားရောက်ခြင်း','2012-12-17','2012-12-21','2024-12-09','','2025-01-30 22:37:59','2025-01-30 23:00:54',NULL,NULL),(588,39,'59th  CCI Meeting',0,'','','အာဆီယံ ရင်းနှီးမြှုပ်နှံမှု ဆိုင်ရာ အစည်း အဝေးတက်ရောက်ခြင်း','2013-01-17','2013-01-19','2024-12-09','','2025-01-30 22:37:59','2025-01-30 23:00:54',NULL,NULL),(589,39,'RCEP-SEOM and  RCEP -WGI Meeting',0,'','','RCEPရင်းနှီးမြှုပ်နှံမှုဆိုင်ရာအစည်းအဝေးတက် ရောက်ခြင်း','2013-02-26','2013-02-28','2024-12-09','','2025-01-30 22:43:07','2025-01-30 23:00:54',NULL,NULL),(590,39,' Workshop on Int’l Trade and Investment in PTA Agreement 2/44 SEOM, DP and RCEP-WGI 60th CCI Meeting',0,'','','အလုပ်ရုံဆွေးနွေးပွဲ တက်ရောက်ခြင်း','2013-05-01','2013-05-13','2024-12-09','','2025-01-30 22:43:07','2025-01-30 23:00:54',NULL,NULL),(591,39,'61th CCI Meeting',0,'','','အာဆီယံရင်းနှီးမြှုပ်နှံမှု ဆိုင်ရာ အစည်းအဝေး တက်ရောက်ခြင်း','2013-07-01','2013-07-05','2024-12-09','','2025-01-30 22:43:07','2025-01-30 23:00:54',NULL,NULL),(592,39,'RCEP Intersessional ASEAN Meeting',0,'','','RCEP အစည်းအဝေး တက်ရောက်ခြင်း','2013-07-31','2013-08-01','2024-12-09','','2025-01-30 22:43:07','2025-01-30 23:00:54',NULL,NULL),(593,39,' AEM and related Meetings',0,'','','AEM နှင့် ဆက်စပ် အစည်းအဝေး တက်ရောက်ခြင်း','2013-08-19','2013-08-23','2024-12-09','','2025-01-30 22:43:07','2025-01-30 23:00:54',NULL,NULL),(594,39,'မြန်မာ့ရင်းနှီးမြှုပ်နှံမှု ဆွေးနွေးပွဲသို့ တက်ရောက်ရန်',0,'','','မြန်မာ့ရင်းနှီးမြှုပ်နှံမှု ဆွေးနွေးပွဲ','2014-01-20','2014-01-22','2024-12-09','','2025-01-30 22:47:06','2025-01-30 23:00:54',NULL,NULL),(595,39,'ပထမအကြိမ် မြန်မာနိုင်ငံ၏ ကုန်သွယ်မှု မူဝါဒ ဆန်းစစ်ခြင်းလုပ်ငန်းနှင့် ပတ်သက်သည့် အစည်းအဝေး',0,'','','မြန်မာနိုင်ငံကုန်သွယ်မှု မူဝါဒဆန်းစစ်ခြင်း လုပ်ငန်းနှင့်ပတ်သက် သည့် အစည်းအဝေး တက်ရောက်ခြင်း','2014-03-11','2014-03-13','2024-12-09','','2025-01-30 22:47:06','2025-01-30 23:00:54',NULL,NULL),(596,39,'အထည်ချုပ်လုပ်ငန်းများ လေ့လာရေး အစီအစဉ်',0,'','','အထည်ချုပ်လုပ်ငန်းများ လေ့လာရေး သွားရောက်ခြင်း','2014-03-23','2014-03-29','2024-12-09','','2025-01-30 22:47:06','2025-01-30 23:00:54',NULL,NULL),(597,39,'နိုင်ငံခြား တိုက်ရိုက်ရင်းနှီးမြှုပ်နှံမှု ဆွေးနွေးပွဲ',0,'','','နိုင်ငံခြားတိုက်ရိုက် ရင်းနှီးမြှုပ်နှံမှုဆွေးနွေး ပွဲတက်ရောက်ခြင်း','2014-04-29','2014-04-29','2024-12-09','','2025-01-30 22:47:06','2025-01-30 23:00:54',NULL,NULL),(598,39,'မြန်မာနိုင်ငံ၏ ရင်းနှီးမြှုပ်နှံမှုနှင့် အခွန်ကောက်ခံခြင်းဆိုင်ရာ ဆွေးနွေးပွဲ',0,'','','မြန်မာနိုင်ငံ၏ ရင်းနှီး မြှုပ်နှံမှုနှင့်အခွန်ကောက် ခံခြင်းဆိုင်ရာ ဆွေးနွေးပွဲ တက်ရောက်ခြင်း','2014-06-26','2014-06-27','2024-12-09','','2025-01-30 22:47:06','2025-01-30 23:00:54',NULL,NULL),(599,39,'Dialogic Facilitation Program',0,'','','မြန်မာနိုင်ငံ၏ ရင်းနှီး မြှုပ်နှံမှုနှင့်အခွန်ကောက် ခံခြင်းဆိုင်ရာ ဆွေးနွေးပွဲ တက်ရောက်ခြင်း','2014-07-08','2014-07-11','2024-12-09','','2025-01-30 22:50:46','2025-01-30 23:00:54',NULL,NULL),(600,39,'RCEP WGI Meeting',0,'','','RCEPရင်းနှီးမြှုပ်နှံမှု  ဆိုင်ရာ အစည်းအဝေး တက်ရောက်ခြင်း','2014-10-27','2014-10-31','2024-12-09','','2025-01-30 22:50:46','2025-01-30 23:00:54',NULL,NULL),(601,39,'2nd ASEAN-OECD Investment and Policy Conference',0,'','','2ndASEAN-OECD ရင်းနှီး မြှုပ်နှံမှု မူဝါဒ ရှင်းလင်း ပွဲတက်ရောက်ခြင်း','2014-12-10','2014-12-11','2024-12-09','','2025-01-30 22:50:46','2025-01-30 23:00:54',NULL,NULL),(602,39,'Consultative workshops on best practices on investment  promotion and facilitation in ASEAN and Study on outsourcing , 65th CCI Meeting',0,'','','ရင်းနှီးမြှုပ်နှံမှု မြှင့်တင်ခြင်းဆိုင်ရာ အလုပ်ရုံဆွေးနွေးပွဲနှင့်  အာဆီယံ ရင်းနှီး မြှုပ်နှံမှု ဆိုင်ရာ အစည်းအဝေး တက်ရောက်ခြင်း','2014-01-17','2014-01-21','2024-12-09','','2025-01-30 22:50:46','2025-01-30 23:00:54',NULL,NULL),(603,39,'66th CCI meeting ',0,'','','အာဆီယံ ရင်းနှီးမြှုပ်နှံမှု ဆိုင်ရာအစည်း အဝေး တက်ရောက်ခြင်း','2015-06-01','2015-06-03','2024-12-09','','2025-01-30 22:50:46','2025-01-30 23:00:54',NULL,NULL),(604,39,'8th RCEP and related Meetings ',0,'','','၈ ကြိမ်မြောက် RCEP ဆက်စပ်အစည်းအဝေး','2015-06-07','2015-06-14','2024-12-09','','2025-01-30 22:55:07','2025-01-30 23:00:54',NULL,NULL),(605,39,'10th RCEP and related Meetings',0,'','','၁၀ ကြိမ်မြောက် RCEP ဆက်စပ်အစည်းအဝေး','2015-10-10','2015-10-16','2024-12-09','','2025-01-30 22:55:07','2025-01-30 23:00:54',NULL,NULL),(606,39,'5th AKFTA and reservation List Meetings',0,'','','အာဆီယံ ကိုရီးယား ရင်းနှီးမြှုပ်နှံမှုဆိုင်ရာ အစည်းအဝေး တက်ရောက်ခြင်း','2016-02-01','2016-02-04','2024-12-09','','2025-01-30 22:55:07','2025-01-30 23:00:54',NULL,NULL),(607,39,'10th RCEP and related Meetings',0,'','','၁၀ ကြိမ်မြောက် RCEP ဆက်စပ်အစည်းအဝေး','2016-02-14','2016-02-20','2024-12-09','','2025-01-30 22:55:07','2025-01-30 23:00:54',NULL,NULL),(608,39,'12th RCEP and related Meetings',0,'','','၁၂ ကြိမ်မြောက် RCEP ဆက်စပ်အစည်းအဝေး','2016-02-22','2016-02-29','2024-12-09','','2025-01-30 22:55:07','2025-01-30 23:00:54',NULL,NULL),(609,39,'13th RCEP and related Meetings',0,'','','၁၃ ကြိမ်မြောက် RCEP ဆက်စပ်အစည်းအဝေး','2016-06-12','2016-06-18','2024-12-09','','2025-01-30 22:59:50','2025-01-30 23:00:54',NULL,NULL),(610,39,'7th Intersessional  RCEP and related Meetings',0,'','','၇ ကြိမ်မြောက် RCEP ဆက်စပ်အစည်းအဝေး','2016-07-15','2016-07-19','2024-12-09','','2025-01-30 22:59:50','2025-01-30 23:00:54',NULL,NULL),(611,39,'48th AEM and other related Meetings',0,'','','၄၈ ကြိမ်မြောက် AEM နှင့် ဆက်စပ်အစည်း အဝေး','2016-08-01','2016-08-07','2024-12-09','','2025-01-30 22:59:50','2025-01-30 23:00:54',NULL,NULL),(612,39,'14th RCEP and related Meetings',0,'','','၁၄ ကြိမ်မြောက် RCEP ဆက်စပ်အစည်းအဝေး','2016-08-14','2016-08-19','2024-12-09','','2025-01-30 22:59:50','2025-01-30 23:00:54',NULL,NULL),(613,39,'15th RCEP and related Meetings',0,'','','၁၅ ကြိမ်မြောက် RCEP ဆက်စပ်အစည်းအဝေး','2016-10-12','2016-10-22','2024-12-09','','2025-01-30 22:59:50','2025-01-30 23:00:54',NULL,NULL),(614,30,'(၇) ကြိမ်မြောက် အာဆီယံ- တရုတ်လွတ်လပ်သော ကုန်သွယ်မှုဒေသ ပူးတွဲ ကော်မတီ အစည်းအဝေး',0,'','','အာဆီယံ- တရုတ် လွတ်လပ်သော ကုန်သွယ်မှုဒေသ ပူးတွဲ ကော်မတီအဖွဲ့','2015-02-03','2015-02-06','2024-12-09','ရင်းနှီးမြှုပ်နှံမှုနှင့်ကုမ္ပဏီများညွှန်ကြားမှုဦးစီးဌာန၊ ဦးစီးအရာရှိ','2025-02-26 02:47:52','2025-02-26 02:48:15',NULL,NULL),(615,30,'အာဆီယံအဖွဲ့ဝင်နိုင်ငံများဖြစ်သောကမ္ဘောဒီးယား၊ လာအို၊ မြန်မာ၊ ဗီယက်နမ် နှင့် အင်ဒိုနီးရှားနိုင်ငံများတွင် စီး ပွားရေးလုပ်ငန်း မြှင့်တင်ခြင်း ဆိုင်ရာ ဆွေးနွေးပွဲ',0,'','','BOI','2015-09-01','2015-09-01','2024-12-09','ရင်းနှီးမြှုပ်နှံမှုနှင့်ကုမ္ပဏီများညွှန်ကြားမှုဦးစီးဌာန၊ ဦးစီးအရာရှိ','2025-02-26 02:47:52','2025-02-26 02:48:15',NULL,NULL),(616,30,'ရင်းနှီးမြှုပ်နှံမှုမြှင့်တင်ရေးခရီးစဉ်',0,'','','JICA','2017-05-28','2017-06-03','2024-12-09','ရင်းနှီးမြှုပ်နှံမှုနှင့်ကုမ္ပဏီများညွှန်ကြားမှုဦးစီးဌာန၊ လက်ထောက်ညွှန်ကြားရေးမှူး','2025-02-26 02:47:52','2025-02-26 02:48:15',NULL,NULL),(617,55,'ကမ္ဘာလုံးဆိုင်ရာ ဖွံ့ဖြိုးတိုးတက်ရေးအတွက် တရုတ်ပြည်သူ့သမ္မတနိုင်ငံ၏ ဆင်းရဲနွမ်းပါးမှုလျှော့ချရေး အလေ့အကျင့်များနှီးနှော ဖလှယ်ပွဲဆိုင်ရာဆွေးနွေးပွဲ',0,'','CHINA AID (MOFCOM)','','2023-02-21','2023-03-07','2024-12-09','ပြည်ထောင်စုဝန်ကြီးရုံး(ရင်းနှီး/စီးပွား)ဦးစီးအရာရှိ','2025-02-27 22:27:03','2025-02-28 01:10:44',NULL,NULL),(618,57,'Seminar on Capacity Building of China-Myanmar Border Economic Cooperation Zone ',1,'','MOFCOM','ယူနန်တက္ကသိုလ်မှပါမောက္ခများ','2024-10-31','2024-11-15','2024-12-09','လက်ထောက်ညွှန်ကြားရေးမှူး၊ရင်းနှီးမြှုပ်နှံမှုနှင့်ကုမ္ပဏီများညွှန်ကြားမှုဦးစီးဌာန','2025-02-27 23:19:29','2025-02-28 00:39:46',NULL,NULL),(619,62,'စာတမ်းဖတ်ပွဲ “Duplicate Detection System from Distributed Database Using Java Technology”',0,'','','EDIC 2008','2008-05-12','2008-05-15','2024-12-09','','2025-03-03 01:47:53','2025-03-03 01:47:53','',0);
/*!40000 ALTER TABLE `abroads` ENABLE KEYS */;
UNLOCK TABLES;

--
-- Table structure for table `award_types`
--

DROP TABLE IF EXISTS `award_types`;
/*!40101 SET @saved_cs_client     = @@character_set_client */;
/*!50503 SET character_set_client = utf8mb4 */;
CREATE TABLE `award_types` (
  `id` bigint unsigned NOT NULL AUTO_INCREMENT,
  `name` varchar(255) CHARACTER SET utf8mb4 COLLATE utf8mb4_unicode_ci NOT NULL,
  `created_at` timestamp NULL DEFAULT NULL,
  `updated_at` timestamp NULL DEFAULT NULL,
  PRIMARY KEY (`id`)
) ENGINE=InnoDB AUTO_INCREMENT=9 DEFAULT CHARSET=utf8mb4 COLLATE=utf8mb4_unicode_ci;
/*!40101 SET character_set_client = @saved_cs_client */;

--
-- Dumping data for table `award_types`
--

LOCK TABLES `award_types` WRITE;
/*!40000 ALTER TABLE `award_types` DISABLE KEYS */;
INSERT INTO `award_types` VALUES (1,'သုဓမ္မသင်္ဂဟဘွဲ့များ','2024-12-12 22:33:25','2024-12-12 22:33:25'),(2,'ပြည်ထောင်စုစည်သူသင်္ဂဟဘွဲ့များ','2024-12-12 22:33:25','2024-12-12 22:33:25'),(3,'တပ်မတော်ဆိုင်ရာစွမ်းရည်သတ္တိနှင့် စွမ်းဆောင်မှုဆိုင်ရာ ဂုဏ်ထူးဆောင်တံဆိပ်များ','2024-12-12 22:33:25','2024-12-12 22:33:25'),(4,'မြန်မာနိုင်ငံရဲတပ်ဖွဲ့ဆိုင်ရာ စွမ်းရည်သတ္တိနှင့် စွမ်းဆောင်မှုဆိုင်ရာ ဂုဏ်ထူးဆောင်တံဆိပ်များ','2024-12-12 22:33:25','2024-12-12 22:33:25'),(5,'ပြည်သူ့ဝန်ထမ်းဆိုင်ရာစွမ်းဆောင်မှုတံဆိပ်များ','2024-12-12 22:33:25','2024-12-12 22:33:25'),(6,'စီးပွားထူးချွန်တံဆိပ်များ','2024-12-12 22:33:25','2024-12-12 22:33:25'),(7,'ပညာရပ်ဆိုင်ရာထူးချွန်တံဆိပ်များ','2024-12-12 22:33:25','2024-12-12 22:33:25'),(8,'အခြားဘွဲ့ထူး/ဂုဏ်ထူး/တံဆိပ်များ','2024-12-12 22:33:25','2024-12-12 22:33:25');
/*!40000 ALTER TABLE `award_types` ENABLE KEYS */;
UNLOCK TABLES;

--
-- Table structure for table `awardings`
--

DROP TABLE IF EXISTS `awardings`;
/*!40101 SET @saved_cs_client     = @@character_set_client */;
/*!50503 SET character_set_client = utf8mb4 */;
CREATE TABLE `awardings` (
  `id` bigint unsigned NOT NULL AUTO_INCREMENT,
  `staff_id` bigint unsigned DEFAULT NULL,
  `award_type_id` bigint unsigned DEFAULT NULL,
  `award_id` bigint unsigned DEFAULT NULL,
  `order_no` varchar(255) COLLATE utf8mb4_unicode_ci DEFAULT NULL,
  `remark` text CHARACTER SET utf8mb4 COLLATE utf8mb4_unicode_ci,
  `created_at` timestamp NULL DEFAULT NULL,
  `updated_at` timestamp NULL DEFAULT NULL,
  PRIMARY KEY (`id`),
  KEY `awardings_staff_id_foreign` (`staff_id`),
  KEY `awardings_award_type_id_foreign` (`award_type_id`),
  KEY `awardings_award_id_foreign` (`award_id`),
  CONSTRAINT `awardings_award_id_foreign` FOREIGN KEY (`award_id`) REFERENCES `awards` (`id`) ON DELETE SET NULL,
  CONSTRAINT `awardings_award_type_id_foreign` FOREIGN KEY (`award_type_id`) REFERENCES `award_types` (`id`) ON DELETE SET NULL,
  CONSTRAINT `awardings_staff_id_foreign` FOREIGN KEY (`staff_id`) REFERENCES `staff` (`id`) ON DELETE CASCADE
) ENGINE=InnoDB AUTO_INCREMENT=107 DEFAULT CHARSET=utf8mb4 COLLATE=utf8mb4_unicode_ci;
/*!40101 SET character_set_client = @saved_cs_client */;

--
-- Dumping data for table `awardings`
--

LOCK TABLES `awardings` WRITE;
/*!40000 ALTER TABLE `awardings` DISABLE KEYS */;
INSERT INTO `awardings` VALUES (57,21,5,28,'အမိန့်ကြော်ငြာစာအမှတ်(၈/၁၉၉၉)','-','2024-12-12 23:10:47','2025-02-19 01:14:29'),(58,21,5,27,'အမိန့်ကြော်ငြာစာအမှတ်(၈/၂၀၁၁)','-','2024-12-12 23:10:47','2025-02-19 01:14:29'),(59,21,5,26,'အမိန့်ကြော်ငြာစာအမှတ်(၉/၂၀၂၂)','-','2024-12-12 23:10:47','2025-02-19 01:14:29'),(76,8,5,27,'၃၀-၁-၂၀၁၅ နိုင်ငံတော်သမ္မတရုံး၊ အမိန့်ကြော်ငြာစာအမှတ် (၈/၂၀၁၅)',NULL,'2024-12-16 01:17:03','2024-12-16 01:17:03'),(77,8,5,28,'နိုင်ငံတော်သမ္မတရုံး၏ ၄-၁-၂၀၂၀ ရက်စွဲပါ အမိန့်ကြော်ငြာစာအမှတ် (၈/၂၀၂၀)၊ ဂုဏ်ထူးဆောင်တံဆိပ်အမှတ်စဉ်(၆၅၂၈၆)',NULL,'2024-12-16 01:17:03','2024-12-16 01:17:03'),(78,35,5,28,'၈/၂၀၁၁',NULL,'2025-01-16 02:50:58','2025-01-16 02:50:58'),(79,35,5,27,'၅/၂၀၁၄',NULL,'2025-01-16 02:50:58','2025-01-16 02:50:58'),(80,35,5,26,'၈/၂၀၂၅',NULL,'2025-01-16 02:50:58','2025-01-16 02:50:58'),(81,50,3,15,'၂၅/၂၀၀၇',NULL,'2025-01-22 01:33:29','2025-01-22 01:33:29'),(82,50,3,17,'၂၅/၂၀၀၇',NULL,'2025-01-22 01:33:29','2025-01-22 01:33:29'),(83,50,3,13,'၁၇၀/၂၀၂၂/ရပခ',NULL,'2025-01-22 01:33:29','2025-01-22 01:33:29'),(84,7,3,15,'၁၉၈၈-၁၉၉၀',NULL,'2025-01-24 02:36:34','2025-01-24 02:36:34'),(85,7,3,17,'၁၉၈၈-၁၉၉၀',NULL,'2025-01-24 02:36:34','2025-01-24 02:36:34'),(86,7,3,67,'၁၉၈၈-၁၉၉၀',NULL,'2025-01-24 02:36:34','2025-01-24 02:36:34'),(87,7,5,29,'၁၉၉၆-၁၉၉၇',NULL,'2025-01-24 02:36:34','2025-01-24 02:36:34'),(88,7,3,69,'၁၉၉၆-၁၉၉၇',NULL,'2025-01-24 02:40:01','2025-01-24 02:40:01'),(89,7,3,68,'၁၉၈၇-၂၀၀၇','စစ်မှုထမ်း သက်(၂၀) နှစ်တံဆိပ် ','2025-01-24 02:40:01','2025-01-24 02:40:01'),(90,7,3,70,'၁၉၉၅-၁၉၉၆',NULL,'2025-01-24 02:44:34','2025-01-24 02:44:34'),(91,7,3,66,'၁၉၉၅-၁၉၉၆',NULL,'2025-01-24 02:44:34','2025-01-24 02:44:34'),(92,7,3,71,'၁၉၉၆-၁၉၉၇',NULL,'2025-01-24 02:44:34','2025-01-24 02:44:34'),(93,7,3,72,'၁၉၉၈-၁၉၉၈',NULL,'2025-01-24 02:44:34','2025-01-24 02:44:34'),(94,7,6,31,'၂၇-၃-၂၀၂၂',NULL,'2025-01-24 02:44:34','2025-01-24 02:44:34'),(95,53,5,28,'၈/၂၀၁၄',NULL,'2025-01-28 03:00:12','2025-01-28 03:00:12'),(96,54,5,28,'၁၁/၂၀၂၁ (၄-၁-၂၀၂၁)',NULL,'2025-01-30 02:32:50','2025-01-30 03:13:02'),(97,56,5,28,'အမိန့်ကြော်ငြာစာအမှတ် ၃/၂၀၁၇ (၅၉၅၃၈)',NULL,'2025-02-14 02:25:16','2025-02-14 02:25:16'),(98,55,5,28,'၈/၂၀၁၄',NULL,'2025-02-26 02:16:50','2025-02-26 02:16:50'),(100,30,5,28,'၃/၂၀၁၇ (၅-၁-၂၀၁၇)',NULL,'2025-02-26 02:32:00','2025-02-26 02:32:00'),(101,60,5,28,'၁၁/၂၀၂၃(၄.၁.၂၀၂၃)',NULL,'2025-02-27 02:55:41','2025-02-27 02:55:41'),(102,57,5,28,'(၈/၂၀၁၃)၄-၁-၂၀၁၃',NULL,'2025-02-27 23:19:30','2025-02-27 23:19:30'),(103,57,5,27,'(၁၁/၂၀၂၅) ၄-၁-၂၀၂၅',NULL,'2025-02-27 23:19:30','2025-02-27 23:19:30'),(104,62,5,28,'၈/၂၀၁၇(၄-၁-၂၀၁၇)',NULL,'2025-03-03 01:06:57','2025-03-03 01:06:57'),(105,62,5,27,'၈/၂၀၁၈(၄-၁-၂၀၁၈)',NULL,'2025-03-03 01:06:57','2025-03-03 01:06:57'),(106,62,8,73,'၁၆-၁၂-၂၀၂၂','ကယားပြည်နယ်အစိုးရအဖွဲ့၏အစည်းအဝေးအမှတ်စဉ်(၃၉/၂၀၂၂) ဆုံးဖြတ်ချက်အပိုဒ် (၄၃)အရ','2025-03-03 01:12:04','2025-03-03 01:12:04');
/*!40000 ALTER TABLE `awardings` ENABLE KEYS */;
UNLOCK TABLES;

--
-- Table structure for table `awards`
--

DROP TABLE IF EXISTS `awards`;
/*!40101 SET @saved_cs_client     = @@character_set_client */;
/*!50503 SET character_set_client = utf8mb4 */;
CREATE TABLE `awards` (
  `id` bigint unsigned NOT NULL AUTO_INCREMENT,
  `name` varchar(255) CHARACTER SET utf8mb4 COLLATE utf8mb4_unicode_ci NOT NULL,
  `staff_id` bigint unsigned DEFAULT NULL,
  `award_type_id` bigint unsigned DEFAULT NULL,
  `order_no` varchar(255) CHARACTER SET utf8mb4 COLLATE utf8mb4_unicode_ci DEFAULT NULL,
  `created_at` timestamp NULL DEFAULT NULL,
  `updated_at` timestamp NULL DEFAULT NULL,
  PRIMARY KEY (`id`),
  KEY `awards_staff_id_foreign` (`staff_id`),
  KEY `awards_award_type_id_foreign` (`award_type_id`),
  CONSTRAINT `awards_award_type_id_foreign` FOREIGN KEY (`award_type_id`) REFERENCES `award_types` (`id`) ON DELETE SET NULL,
  CONSTRAINT `awards_staff_id_foreign` FOREIGN KEY (`staff_id`) REFERENCES `staff` (`id`) ON DELETE SET NULL
) ENGINE=InnoDB AUTO_INCREMENT=74 DEFAULT CHARSET=utf8mb4 COLLATE=utf8mb4_unicode_ci;
/*!40101 SET character_set_client = @saved_cs_client */;

--
-- Dumping data for table `awards`
--

LOCK TABLES `awards` WRITE;
/*!40000 ALTER TABLE `awards` DISABLE KEYS */;
INSERT INTO `awards` VALUES (1,'အဂ္ဂမဟာသီရိသုဓမ္မဘွဲ့',NULL,1,NULL,'2024-12-12 22:33:25','2024-12-12 22:33:25'),(2,'သတိုးသီရိသုဓမ္မဘွဲ့',NULL,1,NULL,'2024-12-12 22:33:25','2024-12-12 22:33:25'),(3,'မဟာသီရိသုဓမ္မဘွဲ့',NULL,1,NULL,'2024-12-12 22:33:25','2024-12-12 22:33:25'),(4,'အဂ္ဂမဟာသရေစည်သူဘွဲ့',NULL,2,NULL,'2024-12-12 22:33:25','2024-12-12 22:33:25'),(5,'သတိုးမဟာသရေစည်သူဘွဲ့',NULL,2,NULL,'2024-12-12 22:33:25','2024-12-12 22:33:25'),(6,'မဟာသရေစည်သူဘွဲ့',NULL,2,NULL,'2024-12-12 22:33:25','2024-12-12 22:33:25'),(7,'သရေစည်သူဘွဲ့',NULL,2,NULL,'2024-12-12 22:33:25','2024-12-12 22:33:25'),(8,'စည်သူဘွဲ့',NULL,2,NULL,'2024-12-12 22:33:25','2024-12-12 22:33:25'),(9,'အောင်ဆန်းတံဆိပ်',NULL,3,NULL,'2024-12-12 22:33:25','2024-12-12 22:33:25'),(10,'သီဟဗလတံဆိပ်',NULL,3,NULL,'2024-12-12 22:33:25','2024-12-12 22:33:25'),(11,'သူရဲကောင်းမှတ်တမ်းဝင်တံဆိပ်',NULL,3,NULL,'2024-12-12 22:33:25','2024-12-12 22:33:25'),(12,'မြန်မာနိုင်ငံစစ်မှုထမ်းသင်္ဂတံဆိပ်',NULL,3,NULL,'2024-12-12 22:33:25','2024-12-12 22:33:25'),(13,'စစ်မှုထမ်းကောင်းတံဆိပ်',NULL,3,NULL,'2024-12-12 22:33:25','2024-12-12 22:33:25'),(14,'ပြည်သူ့သားကောင်းတံဆိပ်',NULL,3,NULL,'2024-12-12 22:33:25','2024-12-12 22:33:25'),(15,'နိုင်ငံတော်စစ်မှုထမ်းတံဆိပ်',NULL,3,NULL,'2024-12-12 22:33:25','2024-12-12 22:33:25'),(16,'ပြည်ပရန်နှိမ်တံဆိပ်',NULL,3,NULL,'2024-12-12 22:33:25','2024-12-12 22:33:25'),(17,'ပြည်သူ့စစ်တိုက်ပွဲဝင်တံဆိပ်',NULL,3,NULL,'2024-12-12 22:33:25','2024-12-12 22:33:25'),(18,'ရဲသီဟတံဆိပ်',NULL,4,NULL,'2024-12-12 22:33:25','2024-12-12 22:33:25'),(19,'ရဲသူရတံဆိပ်',NULL,4,NULL,'2024-12-12 22:33:25','2024-12-12 22:33:25'),(20,'ရဲဗလတံဆိပ်',NULL,4,NULL,'2024-12-12 22:33:25','2024-12-12 22:33:25'),(21,'ရဲသူရိန်တံဆိပ်',NULL,4,NULL,'2024-12-12 22:33:25','2024-12-12 22:33:25'),(22,'ရဲကျော်စွာတံဆိပ်',NULL,4,NULL,'2024-12-12 22:33:25','2024-12-12 22:33:25'),(23,'ရဲကျော်သူတံဆိပ်',NULL,4,NULL,'2024-12-12 22:33:25','2024-12-12 22:33:25'),(24,'ရဲမှုထမ်းကောင်းတံဆိပ်',NULL,4,NULL,'2024-12-12 22:33:25','2024-12-12 22:33:25'),(25,'မြန်မာနိုင်ငံရဲပူးတွဲတိုက်ပွဲဝင်တံဆိပ်',NULL,4,NULL,'2024-12-12 22:33:25','2024-12-12 22:33:25'),(26,'ပြည်သူ့ဝန်ထမ်းကောင်းတံဆိပ်',NULL,5,NULL,'2024-12-12 22:33:25','2024-12-12 22:33:25'),(27,'ပြည်သူ့ဝန်ထမ်းတံဆိပ်',NULL,5,NULL,'2024-12-12 22:33:25','2024-12-12 22:33:25'),(28,'ငြိမ်ဝပ်ပိပြားရေးနှင့် တရားဥပဒေစိုးမိုးရေးတံဆိပ်',NULL,5,NULL,'2024-12-12 22:33:25','2024-12-12 22:33:25'),(29,'နိုင်ငံတော်အေးချမ်းသာယာရေးတံဆိပ်',NULL,5,NULL,'2024-12-12 22:33:25','2024-12-12 22:33:25'),(30,'စီမံထူးချွန်တံဆိပ်(ပထမဆင့်)',NULL,5,NULL,'2024-12-12 22:33:25','2024-12-12 22:33:25'),(31,'စီမံထူးချွန်တံဆိပ်(ဒုတိယဆင့်)',NULL,5,NULL,'2024-12-12 22:33:25','2024-12-12 22:33:25'),(32,'စီမံထူးချွန်တံဆိပ်(တတိယဆင့်)',NULL,5,NULL,'2024-12-12 22:33:25','2024-12-12 22:33:25'),(33,'လူမှုထူးချွန်တံဆိပ်(ပထမဆင့်)',NULL,5,NULL,'2024-12-12 22:33:25','2024-12-12 22:33:25'),(34,'လူမှုထူးချွန်တံဆိပ်(ဒုတိယဆင့်)',NULL,5,NULL,'2024-12-12 22:33:25','2024-12-12 22:33:25'),(35,'လူမှုထူးချွန်တံဆိပ်(တတိယဆင့်)',NULL,5,NULL,'2024-12-12 22:33:25','2024-12-12 22:33:25'),(36,'လယ်ယာစီးပွားထူးချွန်တံဆိပ်(ပထမဆင့်)',NULL,6,NULL,'2024-12-12 22:33:25','2024-12-12 22:33:25'),(37,'လယ်ယာစီးပွားထူးချွန်တံဆိပ်(ဒုတိယဆင့်)',NULL,6,NULL,'2024-12-12 22:33:25','2024-12-12 22:33:25'),(38,'လယ်ယာစီးပွားထူးချွန်တံဆိပ်(တတိယဆင့်)',NULL,6,NULL,'2024-12-12 22:33:25','2024-12-12 22:33:25'),(39,'စက်မှုစီးပွားထူးချွန်တံဆိပ်(ပထမဆင့်)',NULL,6,NULL,'2024-12-12 22:33:25','2024-12-12 22:33:25'),(40,'စက်မှုစီးပွားထူးချွန်တံဆိပ်(ဒုတိယဆင့်)',NULL,6,NULL,'2024-12-12 22:33:25','2024-12-12 22:33:25'),(41,'စက်မှုစီးပွားထူးချွန်တံဆိပ်(တတိယဆင့်)',NULL,6,NULL,'2024-12-12 22:33:25','2024-12-12 22:33:25'),(42,'ကုန်သွယ်စီးပွားထူးချွန်တံဆိပ်(ပထမဆင့်)',NULL,6,NULL,'2024-12-12 22:33:25','2024-12-12 22:33:25'),(43,'ကုန်သွယ်စီးပွားထူးချွန်တံဆိပ်(ဒုတိယဆင့်)',NULL,6,NULL,'2024-12-12 22:33:25','2024-12-12 22:33:25'),(44,'ကုန်သွယ်စီးပွားထူးချွန်တံဆိပ်(တတိယဆင့်)',NULL,6,NULL,'2024-12-12 22:33:25','2024-12-12 22:33:25'),(45,'ဝန်ဆောင်စီးပွားထူးချွန်တံဆိပ်(ပထမဆင့်)',NULL,6,NULL,'2024-12-12 22:33:25','2024-12-12 22:33:25'),(46,'ဝန်ဆောင်စီးပွားထူးချွန်တံဆိပ်(ဒုတိယဆင့်)',NULL,6,NULL,'2024-12-12 22:33:25','2024-12-12 22:33:25'),(47,'ဝန်ဆောင်စီးပွားထူးချွန်တံဆိပ်(တတိယဆင့်)',NULL,6,NULL,'2024-12-12 22:33:25','2024-12-12 22:33:25'),(48,'သိပ္ပံပညာထူးချွန်တံဆိပ်(ပထမဆင့်)',NULL,7,NULL,'2024-12-12 22:33:25','2024-12-12 22:33:25'),(49,'သိပ္ပံပညာထူးချွန်တံဆိပ်(ဒုတိယဆင့်)',NULL,7,NULL,'2024-12-12 22:33:25','2024-12-12 22:33:25'),(50,'သိပ္ပံပညာထူးချွန်တံဆိပ်(တတိယဆင့်)',NULL,7,NULL,'2024-12-12 22:33:25','2024-12-12 22:33:25'),(51,'ဝိဇ္ဇာပညာထူးချွန်တံဆိပ်(ပထမဆင့်)',NULL,7,NULL,'2024-12-12 22:33:25','2024-12-12 22:33:25'),(52,'ဝိဇ္ဇာပညာထူးချွန်တံဆိပ်(ဒုတိယဆင့်)',NULL,7,NULL,'2024-12-12 22:33:25','2024-12-12 22:33:25'),(53,'ဝိဇ္ဇာပညာထူးချွန်တံဆိပ်(တတိယဆင့်)',NULL,7,NULL,'2024-12-12 22:33:25','2024-12-12 22:33:25'),(54,'ဆေးပညာထူးချွန်တံဆိပ်(ပထမဆင့်)',NULL,7,NULL,'2024-12-12 22:33:26','2024-12-12 22:33:26'),(55,'ဆေးပညာထူးချွန်တံဆိပ်(ဒုတိယဆင့်)',NULL,7,NULL,'2024-12-12 22:33:26','2024-12-12 22:33:26'),(56,'ဆေးပညာထူးချွန်တံဆိပ်(တတိယဆင့်)',NULL,7,NULL,'2024-12-12 22:33:26','2024-12-12 22:33:26'),(57,'နည်းပညာထူးချွန်တံဆိပ်(ပထမဆင့်)',NULL,7,NULL,'2024-12-12 22:33:26','2024-12-12 22:33:26'),(58,'နည်းပညာထူးချွန်တံဆိပ်(ဒုတိယဆင့်)',NULL,7,NULL,'2024-12-12 22:33:26','2024-12-12 22:33:26'),(59,'နည်းပညာထူးချွန်တံဆိပ်(တတိယဆင့်)',NULL,7,NULL,'2024-12-12 22:33:26','2024-12-12 22:33:26'),(60,'အနုပညာထူးချွန်တံဆိပ်(ပထမဆင့်)',NULL,7,NULL,'2024-12-12 22:33:26','2024-12-12 22:33:26'),(61,'အနုပညာထူးချွန်တံဆိပ်(ဒုတိယဆင့်)',NULL,7,NULL,'2024-12-12 22:33:26','2024-12-12 22:33:26'),(62,'အနုပညာထူးချွန်တံဆိပ်(တတိယဆင့်)',NULL,7,NULL,'2024-12-12 22:33:26','2024-12-12 22:33:26'),(63,'စာပေပညာထူးချွန်တံဆိပ်(ပထမဆင့်)',NULL,7,NULL,'2024-12-12 22:33:26','2024-12-12 22:33:26'),(64,'စာပေပညာထူးချွန်တံဆိပ်(ဒုတိယဆင့်)',NULL,7,NULL,'2024-12-12 22:33:26','2024-12-12 22:33:26'),(65,'စာပေပညာထူးချွန်တံဆိပ်(တတိယဆင့်)',NULL,7,NULL,'2024-12-12 22:33:26','2024-12-12 22:33:26'),(66,'စစ်ပွဲတံဆိပ်',NULL,3,NULL,'2024-12-15 22:15:02','2024-12-15 22:15:02'),(67,'မိုင်းယန်း-မဲသဝေါအောင်ပွဲတံဆိပ်',NULL,3,NULL,'2024-12-15 22:15:20','2024-12-15 22:15:20'),(68,'စစ်မှုထမ်းသက်တံဆိပ်',NULL,3,NULL,'2024-12-15 22:16:25','2024-12-15 22:16:25'),(69,'ရန်ငြိမ်းအေးတံဆိပ် ',NULL,3,NULL,'2025-01-24 02:37:32','2025-01-24 02:37:32'),(70,'နိုင်ငံတော်အကျိုးဆောင်တံဆိပ်',NULL,3,NULL,'2025-01-24 02:40:42','2025-01-24 02:40:42'),(71,'ခြေလျင်တပ်ခွဲမှူး သင်တန်းတံဆိပ်',NULL,3,NULL,'2025-01-24 02:41:20','2025-01-24 02:41:20'),(72,'ခြေလျင်တပ်ရင်းမှူး သင်တန်းတံဆိပ်',NULL,3,NULL,'2025-01-24 02:41:33','2025-01-24 02:41:33'),(73,'စီမံခံခန့်ခွဲရေးဆိုင်ရာထူးချွန်ဆု(ဒုတိယအဆင့်)',NULL,8,NULL,'2025-03-03 01:10:08','2025-03-03 01:10:08');
/*!40000 ALTER TABLE `awards` ENABLE KEYS */;
UNLOCK TABLES;

--
-- Table structure for table `blood_types`
--

DROP TABLE IF EXISTS `blood_types`;
/*!40101 SET @saved_cs_client     = @@character_set_client */;
/*!50503 SET character_set_client = utf8mb4 */;
CREATE TABLE `blood_types` (
  `id` bigint unsigned NOT NULL AUTO_INCREMENT,
  `name` varchar(255) CHARACTER SET utf8mb4 COLLATE utf8mb4_unicode_ci NOT NULL,
  `created_at` timestamp NULL DEFAULT NULL,
  `updated_at` timestamp NULL DEFAULT NULL,
  PRIMARY KEY (`id`)
) ENGINE=InnoDB AUTO_INCREMENT=13 DEFAULT CHARSET=utf8mb4 COLLATE=utf8mb4_unicode_ci;
/*!40101 SET character_set_client = @saved_cs_client */;

--
-- Dumping data for table `blood_types`
--

LOCK TABLES `blood_types` WRITE;
/*!40000 ALTER TABLE `blood_types` DISABLE KEYS */;
INSERT INTO `blood_types` VALUES (1,'A','2024-12-12 22:33:27','2024-12-12 22:33:27'),(2,'A+','2024-12-12 22:33:27','2024-12-12 22:33:27'),(3,'A-','2024-12-12 22:33:27','2024-12-12 22:33:27'),(4,'B','2024-12-12 22:33:27','2024-12-12 22:33:27'),(5,'B+','2024-12-12 22:33:27','2024-12-12 22:33:27'),(6,'B-','2024-12-12 22:33:27','2024-12-12 22:33:27'),(7,'O','2024-12-12 22:33:27','2024-12-12 22:33:27'),(8,'O+','2024-12-12 22:33:27','2024-12-12 22:33:27'),(9,'O-','2024-12-12 22:33:27','2024-12-12 22:33:27'),(10,'AB','2024-12-12 22:33:28','2024-12-12 22:33:28'),(11,'AB+','2024-12-12 22:33:28','2024-12-12 22:33:28'),(12,'AB-','2024-12-12 22:33:28','2024-12-12 22:33:28');
/*!40000 ALTER TABLE `blood_types` ENABLE KEYS */;
UNLOCK TABLES;

--
-- Table structure for table `cache`
--

DROP TABLE IF EXISTS `cache`;
/*!40101 SET @saved_cs_client     = @@character_set_client */;
/*!50503 SET character_set_client = utf8mb4 */;
CREATE TABLE `cache` (
  `key` varchar(255) CHARACTER SET utf8mb4 COLLATE utf8mb4_unicode_ci NOT NULL,
  `value` mediumtext CHARACTER SET utf8mb4 COLLATE utf8mb4_unicode_ci NOT NULL,
  `expiration` int NOT NULL,
  PRIMARY KEY (`key`)
) ENGINE=InnoDB DEFAULT CHARSET=utf8mb4 COLLATE=utf8mb4_unicode_ci;
/*!40101 SET character_set_client = @saved_cs_client */;

--
-- Dumping data for table `cache`
--

LOCK TABLES `cache` WRITE;
/*!40000 ALTER TABLE `cache` DISABLE KEYS */;
INSERT INTO `cache` VALUES ('356a192b7913b04c54574d18c28d46e6395428ab','i:2;',1740732663),('356a192b7913b04c54574d18c28d46e6395428ab:timer','i:1740732663;',1740732663),('da4b9237bacccdf19c0760cab7aec4a8359010b0','i:1;',1740648913),('da4b9237bacccdf19c0760cab7aec4a8359010b0:timer','i:1740648912;',1740648913),('user@gmail.com|172.16.11.102','i:1;',1740645861),('user@gmail.com|172.16.11.102:timer','i:1740645861;',1740645861),('users@gmial.com|172.16.11.102','i:4;',1740717063),('users@gmial.com|172.16.11.102:timer','i:1740717063;',1740717063);
/*!40000 ALTER TABLE `cache` ENABLE KEYS */;
UNLOCK TABLES;

--
-- Table structure for table `cache_locks`
--

DROP TABLE IF EXISTS `cache_locks`;
/*!40101 SET @saved_cs_client     = @@character_set_client */;
/*!50503 SET character_set_client = utf8mb4 */;
CREATE TABLE `cache_locks` (
  `key` varchar(255) CHARACTER SET utf8mb4 COLLATE utf8mb4_unicode_ci NOT NULL,
  `owner` varchar(255) CHARACTER SET utf8mb4 COLLATE utf8mb4_unicode_ci NOT NULL,
  `expiration` int NOT NULL,
  PRIMARY KEY (`key`)
) ENGINE=InnoDB DEFAULT CHARSET=utf8mb4 COLLATE=utf8mb4_unicode_ci;
/*!40101 SET character_set_client = @saved_cs_client */;

--
-- Dumping data for table `cache_locks`
--

LOCK TABLES `cache_locks` WRITE;
/*!40000 ALTER TABLE `cache_locks` DISABLE KEYS */;
/*!40000 ALTER TABLE `cache_locks` ENABLE KEYS */;
UNLOCK TABLES;

--
-- Table structure for table `childrens`
--

DROP TABLE IF EXISTS `childrens`;
/*!40101 SET @saved_cs_client     = @@character_set_client */;
/*!50503 SET character_set_client = utf8mb4 */;
CREATE TABLE `childrens` (
  `id` bigint unsigned NOT NULL AUTO_INCREMENT,
  `staff_id` bigint unsigned DEFAULT NULL,
  `name` varchar(255) CHARACTER SET utf8mb4 COLLATE utf8mb4_unicode_ci NOT NULL,
  `ethnic_id` bigint unsigned DEFAULT NULL,
  `religion_id` bigint unsigned DEFAULT NULL,
  `gender_id` bigint unsigned DEFAULT NULL,
  `place_of_birth` varchar(255) CHARACTER SET utf8mb4 COLLATE utf8mb4_unicode_ci NOT NULL,
  `occupation` varchar(255) CHARACTER SET utf8mb4 COLLATE utf8mb4_unicode_ci NOT NULL,
  `address` varchar(255) CHARACTER SET utf8mb4 COLLATE utf8mb4_unicode_ci NOT NULL,
  `relation_id` bigint unsigned DEFAULT NULL,
  `created_at` timestamp NULL DEFAULT NULL,
  `updated_at` timestamp NULL DEFAULT NULL,
  PRIMARY KEY (`id`),
  KEY `childrens_staff_id_foreign` (`staff_id`),
  KEY `childrens_ethnic_id_foreign` (`ethnic_id`),
  KEY `childrens_religion_id_foreign` (`religion_id`),
  KEY `childrens_gender_id_foreign` (`gender_id`),
  KEY `childrens_relation_id_foreign` (`relation_id`),
  CONSTRAINT `childrens_ethnic_id_foreign` FOREIGN KEY (`ethnic_id`) REFERENCES `ethnics` (`id`) ON DELETE SET NULL,
  CONSTRAINT `childrens_gender_id_foreign` FOREIGN KEY (`gender_id`) REFERENCES `genders` (`id`) ON DELETE SET NULL,
  CONSTRAINT `childrens_relation_id_foreign` FOREIGN KEY (`relation_id`) REFERENCES `relations` (`id`) ON DELETE SET NULL,
  CONSTRAINT `childrens_religion_id_foreign` FOREIGN KEY (`religion_id`) REFERENCES `religions` (`id`) ON DELETE SET NULL,
  CONSTRAINT `childrens_staff_id_foreign` FOREIGN KEY (`staff_id`) REFERENCES `staff` (`id`) ON DELETE CASCADE
) ENGINE=InnoDB AUTO_INCREMENT=61 DEFAULT CHARSET=utf8mb4 COLLATE=utf8mb4_unicode_ci;
/*!40101 SET character_set_client = @saved_cs_client */;

--
-- Dumping data for table `childrens`
--

LOCK TABLES `childrens` WRITE;
/*!40000 ALTER TABLE `childrens` DISABLE KEYS */;
INSERT INTO `childrens` VALUES (7,8,'မောင်လင်းခန့် အောင်',136,1,1,'မန္တလေး','','အခန်း(၂၀၆)၊ စိမ်းလဲ့မေလမ်းသွယ်၊ DICA၊ ရန်ကုန်တိုင်း ဝန်ထမ်းအိမ်ရာ၊ ရန်ကင်းမြို့နယ်',3,'2024-12-08 22:37:55','2024-12-08 22:37:55'),(34,7,'မပိုးဥသန့်စင်',86,1,2,'ရန်ကုန်မြို့','ဆရာဝန်','၆၃၅ A (A-2) ရိုးမ ရိပ်သာ၊ ပြည်လမ်း၊ ကမာရွတ်မြို့နယ်၊ ရန်ကုန်။၊ရန်ကုန်။',4,'2024-12-10 22:14:38','2025-02-24 01:57:06'),(35,7,'မောင်ထက်မြက်သန့်စင်',86,1,1,'ရန်ကုန်မြို့','ကျောင်းသား (Hongkong University)','၆၃၅ A (A-2) ရိုးမ ရိပ်သာ၊ ပြည်လမ်း၊ ကမာရွတ်မြို့နယ်၊ ရန်ကုန်။ပ်သာ၊ ပြည်လမ်း၊ ကမာရွတ်၊ရန်ကုန်။',3,'2024-12-10 22:14:38','2025-02-24 01:57:06'),(36,7,'မောင်တိုးတက်သန့်စင်',86,1,1,'ရန်ကုန်မြို့','ကျောင်းသား (Hongkong University)','၆၃၅ A (A-2) ရိုးမ ရိပ်သာ၊ ပြည်လမ်း၊ ကမာရွတ်မြို့နယ်၊ ရန်ကုန်။',3,'2024-12-10 22:14:38','2025-02-24 01:57:06'),(38,25,'မောင်ကိုကိုသက်ကြည်နိုင်',139,1,1,'ရန်ကုန်	 	','အငယ်တန်းအင်ဂျင် နီယာ ဂျင်တိုခါနာကုမ္ပဏီ','တိုက်(၂)၊ အခန်း (၀၀၃)၊ ဝါဝါဝင်းအိမ်ရာ၊(၅)ရပ် ကွက်၊ရန်ကင်းမြို့နယ်၊ ရန်ကုန်တိုင်းဒေသကြီး။',3,'2024-12-13 03:24:02','2024-12-13 03:24:02'),(39,36,'မထက်အိန္ဒြာရွှေရည်',86,1,2,'ရန်ကုန်မြို့','ကျောင်းသူ','အမှတ်(၁)၊ သစ္စာလမ်း၊ ရန်ကင်းမြို့နယ်၊  ရန်ကုန်မြို့။  ',4,'2025-01-16 02:38:49','2025-01-16 02:38:49'),(40,36,'မခင်ဆုလာဘ်ထွန်း',86,1,2,'ရန်ကုန်မြို့','မူကြို','အမှတ်(၁)၊ သစ္စာလမ်း၊ ရန်ကင်းမြို့နယ်၊  ရန်ကုန်မြို့။  ',4,'2025-01-16 02:38:49','2025-01-16 02:38:49'),(56,50,'မောင်ဖြိုးခိုင်ဝင်း',86,1,1,'မကွေး','ကျောင်းသား','အမှတ်(၄၂)၊သစ်ခွလမ်း၊ကျောင်းကြီးစုရပ် ကွက်၊ တောင်ကြီးမြို့၊ ရှမ်းပြည်နယ်နယ်',3,'2025-01-22 01:21:20','2025-01-22 01:21:20'),(57,50,'မဝင်းနန္ဒီအောင်',86,1,2,'လွိုင်ကော်','မှီခို','အမှတ်(၄၂)၊သစ်ခွလမ်း၊ကျောင်းကြီးစုရပ် ကွက်၊ တောင်ကြီးမြို့၊ ရှမ်းပြည်နယ်',4,'2025-01-22 01:21:20','2025-01-22 01:21:20'),(58,50,'မနန်းယဉ်ထွေး',86,1,2,'တောင်ကြီး','မှီခို','အမှတ်(၄၂)၊သစ်ခွလမ်း၊ကျောင်းကြီးစုရပ် ကွက်၊ တောင်ကြီးမြို့၊ ရှမ်းပြည်နယ်',4,'2025-01-22 01:21:20','2025-01-22 01:21:20'),(59,30,'မောင်ကျော်ကောင်းထက်',86,1,1,'ရန်ကုန်','မူကြို','တိုက် B ၊ အခန်း ၂၀၄၊ သဇင်ရုံလမ်း၊ DICA အိမ်ယာ၊ မရမ်းကုန်း ၅ ရပ်ကွက်၊ မရမ်းကုန်းမြို့နယ်၊ ရန်ကုန်မြို့',3,'2025-02-26 01:51:58','2025-02-26 01:51:58'),(60,62,'မောင်ဇေယျာထွန်းလင်း',86,1,1,'ကျောက်ဆည်မြို့နယ်','ကျောင်းသား','အခန်း(၄၀၅)၊ စိမ်းလဲ့မေလမ်းသွယ်၊ DICA၊ရန်ကုန်တိုင်းဝန်ထမ်းအိမ်ရာ၊ ရန်ကင်းမြို့နယ်၊ ရန်ကုန်တိုင်းဒေသကြီး။',3,'2025-02-28 03:33:47','2025-02-28 03:33:47');
/*!40000 ALTER TABLE `childrens` ENABLE KEYS */;
UNLOCK TABLES;

--
-- Table structure for table `countries`
--

DROP TABLE IF EXISTS `countries`;
/*!40101 SET @saved_cs_client     = @@character_set_client */;
/*!50503 SET character_set_client = utf8mb4 */;
CREATE TABLE `countries` (
  `id` bigint unsigned NOT NULL AUTO_INCREMENT,
  `name` varchar(255) CHARACTER SET utf8mb4 COLLATE utf8mb4_unicode_ci NOT NULL,
  `created_at` timestamp NULL DEFAULT NULL,
  `updated_at` timestamp NULL DEFAULT NULL,
  PRIMARY KEY (`id`)
) ENGINE=InnoDB AUTO_INCREMENT=212 DEFAULT CHARSET=utf8mb4 COLLATE=utf8mb4_unicode_ci;
/*!40101 SET character_set_client = @saved_cs_client */;

--
-- Dumping data for table `countries`
--

LOCK TABLES `countries` WRITE;
/*!40000 ALTER TABLE `countries` DISABLE KEYS */;
INSERT INTO `countries` VALUES (1,'အာဖဂန်နစ္စတန်နိုင်ငံ','2024-12-12 22:33:17','2024-12-12 22:33:17'),(2,'အယ်လ်ဘေးနီးယားနိုင်ငံ','2024-12-12 22:33:17','2024-12-12 22:33:17'),(3,'အယ်လ်ဂျီးရီးယားနိုင်ငံ','2024-12-12 22:33:17','2024-12-12 22:33:17'),(4,'အန်ဒိုရာနိုင်ငံ','2024-12-12 22:33:17','2024-12-12 22:33:17'),(5,'အန်ဂိုလာနိုင်ငံ','2024-12-12 22:33:17','2024-12-12 22:33:17'),(6,'အန်တီဂွါနှင့်ဘာဘူဒါနိုင်ငံ','2024-12-12 22:33:17','2024-12-12 22:33:17'),(7,'အာဂျင်တီးနားနိုင်ငံ','2024-12-12 22:33:17','2024-12-12 22:33:17'),(8,'အာမေးနီးယားနိုင်ငံ','2024-12-12 22:33:17','2024-12-12 22:33:17'),(9,'ဩစတြေးလျနိုင်ငံ','2024-12-12 22:33:17','2024-12-12 22:33:17'),(10,'ဩစတြီးယားနိုင်ငံ','2024-12-12 22:33:17','2024-12-12 22:33:17'),(11,'အာဇာဘိုင်ဂျန်နိုင်ငံ','2024-12-12 22:33:17','2024-12-12 22:33:17'),(12,'ဘဟားမားနိုင်ငံ','2024-12-12 22:33:17','2024-12-12 22:33:17'),(13,'ဘဟရိန်းနိုင်ငံ','2024-12-12 22:33:17','2024-12-12 22:33:17'),(14,'ဘင်္ဂလားဒေ့ရှ်နိုင်ငံ','2024-12-12 22:33:17','2024-12-12 22:33:17'),(15,'ဘာဘေးဒိုးစ်နိုင်ငံ','2024-12-12 22:33:17','2024-12-12 22:33:17'),(16,'ဘီလာရုစ်နိုင်ငံ','2024-12-12 22:33:17','2024-12-12 22:33:17'),(17,'ဘယ်လ်ဂျီယမ်နိုင်ငံ','2024-12-12 22:33:17','2024-12-12 22:33:17'),(18,'ဘေလီဇ်နိုင်ငံ','2024-12-12 22:33:17','2024-12-12 22:33:17'),(19,'ဘီနင်နိုင်ငံ','2024-12-12 22:33:17','2024-12-12 22:33:17'),(20,'ဘူတန်နိုင်ငံ','2024-12-12 22:33:17','2024-12-12 22:33:17'),(21,'ဘိုလီးဘီယားနိုင်ငံ','2024-12-12 22:33:17','2024-12-12 22:33:17'),(22,'ဘော့စ်နီးယားနှင့်ဟာဇီဂိုဗီးနီးယားနိုင်ငံ','2024-12-12 22:33:17','2024-12-12 22:33:17'),(23,'ဘော့စ်ဝါနာနိုင်ငံ','2024-12-12 22:33:17','2024-12-12 22:33:17'),(24,'ဘရာဇီးနိုင်ငံ','2024-12-12 22:33:17','2024-12-12 22:33:17'),(25,'ဘရူနိုင်းနိုင်ငံ','2024-12-12 22:33:17','2024-12-12 22:33:17'),(26,'ဘူဂေးရီးယားနိုင်ငံ','2024-12-12 22:33:17','2024-12-12 22:33:17'),(27,'ဘာကီနာဖာဆိုနိုင်ငံ','2024-12-12 22:33:17','2024-12-12 22:33:17'),(28,'မြန်မာနိုင်ငံ','2024-12-12 22:33:17','2024-12-12 22:33:17'),(29,'ဘူရွန်ဒီနိုင်ငံ','2024-12-12 22:33:17','2024-12-12 22:33:17'),(30,'ကမ္ဘောဒီးယားနိုင်ငံ','2024-12-12 22:33:17','2024-12-12 22:33:17'),(31,'ကင်မရွန်းနိုင်ငံ','2024-12-12 22:33:17','2024-12-12 22:33:17'),(32,'ကနေဒါနိုင်ငံ','2024-12-12 22:33:17','2024-12-12 22:33:17'),(33,'ကိတ်ဗာဒေးနိုင်ငံ','2024-12-12 22:33:17','2024-12-12 22:33:17'),(34,'အလယ်ပိုင်းအာဖရိကသမ္မတနိုင်ငံ','2024-12-12 22:33:17','2025-02-26 02:38:24'),(35,'ချဒ်နိုင်ငံ','2024-12-12 22:33:17','2024-12-12 22:33:17'),(36,'ချီလီနိုင်ငံ','2024-12-12 22:33:17','2024-12-12 22:33:17'),(38,'ကိုလံဘီယာနိုင်ငံ','2024-12-12 22:33:17','2024-12-12 22:33:17'),(39,'ကိုမိုရိုစ်နိုင်ငံ','2024-12-12 22:33:17','2024-12-12 22:33:17'),(40,'ကိုစတာရီကာနိုင်ငံ','2024-12-12 22:33:17','2024-12-12 22:33:17'),(41,'ခရိုအေးရှားနိုင်ငံ','2024-12-12 22:33:17','2024-12-12 22:33:17'),(42,'ကျူးဗားနိုင်ငံ','2024-12-12 22:33:17','2024-12-12 22:33:17'),(43,'ဆိုက်ပရပ်စ်နိုင်ငံ','2024-12-12 22:33:17','2024-12-12 22:33:17'),(44,'ချက် သမ္မတနိုင်ငံ','2024-12-12 22:33:17','2025-02-26 02:38:29'),(45,'ဒီမိုကရက်တစ် ကွန်ဂို သမ္မတနိုင်ငံ','2024-12-12 22:33:17','2025-02-26 02:38:33'),(46,'ဒိန်းမတ်နိုင်ငံ','2024-12-12 22:33:17','2024-12-12 22:33:17'),(47,'ဂျီဘူတီနိုင်ငံ','2024-12-12 22:33:17','2024-12-12 22:33:17'),(48,'ဒိုမီနီကာနိုင်ငံ','2024-12-12 22:33:17','2024-12-12 22:33:17'),(49,'ဒိုမီနီကန်သမ္မတနိုင်ငံ','2024-12-12 22:33:17','2025-02-26 02:38:38'),(50,'အရှေ့တီမောနိုင်ငံ','2024-12-12 22:33:17','2024-12-12 22:33:17'),(51,'အီကွေဒေါနိုင်ငံ','2024-12-12 22:33:17','2024-12-12 22:33:17'),(52,'အီဂျစ်နိုင်ငံ','2024-12-12 22:33:17','2024-12-12 22:33:17'),(53,'အယ်လ်ဆာဗေးဒေါနိုင်ငံ','2024-12-12 22:33:17','2024-12-12 22:33:17'),(54,'အီကွေတာ ဂီနီနိုင်ငံ','2024-12-12 22:33:17','2024-12-12 22:33:17'),(55,'အီရီထရီးယားနိုင်ငံ','2024-12-12 22:33:17','2024-12-12 22:33:17'),(56,'အက်စတိုးနီးယားနိုင်ငံ','2024-12-12 22:33:17','2024-12-12 22:33:17'),(57,'အီသီယိုးပီးယားနိုင်ငံ','2024-12-12 22:33:17','2024-12-12 22:33:17'),(58,'ဖီဂျီနိုင်ငံ','2024-12-12 22:33:17','2024-12-12 22:33:17'),(59,'ဖင်လန်နိုင်ငံ','2024-12-12 22:33:17','2024-12-12 22:33:17'),(60,'ပြင်သစ်နိုင်ငံ','2024-12-12 22:33:17','2024-12-12 22:33:17'),(61,'ဂါဘွန်နိုင်ငံ','2024-12-12 22:33:17','2024-12-12 22:33:17'),(62,'ဂမ်ဘီယာနိုင်ငံ','2024-12-12 22:33:17','2024-12-12 22:33:17'),(63,'ဂျော်ဂျီယာနိုင်ငံ','2024-12-12 22:33:17','2024-12-12 22:33:17'),(64,'ဂျာမနီနိုင်ငံ','2024-12-12 22:33:17','2024-12-12 22:33:17'),(65,'ဂါနာနိုင်ငံ','2024-12-12 22:33:17','2024-12-12 22:33:17'),(66,'ဂရိနိုင်ငံ','2024-12-12 22:33:17','2024-12-12 22:33:17'),(67,'ဂရီနေဒါနိုင်ငံ','2024-12-12 22:33:17','2024-12-12 22:33:17'),(68,'ဂွါတီမာလာနိုင်ငံ','2024-12-12 22:33:17','2024-12-12 22:33:17'),(69,'ဂီနီနိုင်ငံ','2024-12-12 22:33:17','2024-12-12 22:33:17'),(70,'ဂီနီ-ဘီစော်နိုင်ငံ','2024-12-12 22:33:17','2024-12-12 22:33:17'),(71,'ဂိုင်ယာနာနိုင်ငံ','2024-12-12 22:33:17','2024-12-12 22:33:17'),(72,'ဟေတီနိုင်ငံ','2024-12-12 22:33:17','2024-12-12 22:33:17'),(73,'ဟွန်ဒူးရပ်စ်နိုင်ငံ','2024-12-12 22:33:17','2024-12-12 22:33:17'),(74,'ဟန်ဂေရီနိုင်ငံ','2024-12-12 22:33:17','2024-12-12 22:33:17'),(75,'ဟောင်ကောင်နိုင်ငံ','2024-12-12 22:33:17','2024-12-12 22:33:17'),(76,'အိုက်စလန်နိုင်ငံ','2024-12-12 22:33:17','2024-12-12 22:33:17'),(77,'အိန္ဒိယနိုင်ငံ','2024-12-12 22:33:17','2024-12-12 22:33:17'),(78,'အင်ဒိုနီးရှားနိုင်ငံ','2024-12-12 22:33:17','2024-12-12 22:33:17'),(79,'အီရန်နိုင်ငံ','2024-12-12 22:33:17','2024-12-12 22:33:17'),(80,'အီရပ်နိုင်ငံ','2024-12-12 22:33:17','2024-12-12 22:33:17'),(81,'အိုင်းယာလန်နိုင်ငံ','2024-12-12 22:33:17','2024-12-12 22:33:17'),(82,'အစ္စရေးနိုင်ငံ','2024-12-12 22:33:17','2024-12-12 22:33:17'),(83,'အီတလီနိုင်ငံ','2024-12-12 22:33:17','2024-12-12 22:33:17'),(84,'အိုင်ဗရီကိုတ်နိုင်ငံ','2024-12-12 22:33:17','2024-12-12 22:33:17'),(85,'ဂျမေကာနိုင်ငံ','2024-12-12 22:33:17','2024-12-12 22:33:17'),(86,'ဂျပန်နိုင်ငံ','2024-12-12 22:33:17','2024-12-12 22:33:17'),(87,'ဂျော်ဒန်နိုင်ငံ','2024-12-12 22:33:17','2024-12-12 22:33:17'),(88,'ကာဇတ်စတန်နိုင်ငံ','2024-12-12 22:33:17','2024-12-12 22:33:17'),(89,'ကင်ညာနိုင်ငံ','2024-12-12 22:33:17','2024-12-12 22:33:17'),(90,'ကီရီဘတ်နိုင်ငံ','2024-12-12 22:33:17','2024-12-12 22:33:17'),(91,'ကူဝိတ်နိုင်ငံ','2024-12-12 22:33:17','2024-12-12 22:33:17'),(92,'ကာဂျစ်စတန်နိုင်ငံ','2024-12-12 22:33:17','2024-12-12 22:33:17'),(94,'လတ်ဗီးယားနိုင်ငံ','2024-12-12 22:33:17','2024-12-12 22:33:17'),(95,'လက်ဘနွန်နိုင်ငံ','2024-12-12 22:33:17','2024-12-12 22:33:17'),(96,'လီဆိုသိုနိုင်ငံ','2024-12-12 22:33:17','2024-12-12 22:33:17'),(97,'လိုက်ဘေးရီးယားနိုင်ငံ','2024-12-12 22:33:17','2024-12-12 22:33:17'),(98,'လီဗျားနိုင်ငံ','2024-12-12 22:33:17','2024-12-12 22:33:17'),(99,'လစ်ချတင်စတိန်းနိုင်ငံ','2024-12-12 22:33:17','2024-12-12 22:33:17'),(100,'လစ်သူအေနီးယားနိုင်ငံ','2024-12-12 22:33:17','2024-12-12 22:33:17'),(101,'လူဇင်ဘတ်နိုင်ငံ','2024-12-12 22:33:17','2024-12-12 22:33:17'),(102,'မဒဂတ်စကားနိုင်ငံ','2024-12-12 22:33:17','2024-12-12 22:33:17'),(103,'မာလာဝီနိုင်ငံ','2024-12-12 22:33:17','2024-12-12 22:33:17'),(104,'မလေးရှားနိုင်ငံ','2024-12-12 22:33:17','2024-12-12 22:33:17'),(105,'မော်လဒိုက်နိုင်ငံ','2024-12-12 22:33:17','2024-12-12 22:33:17'),(106,'မာလီနိုင်ငံ','2024-12-12 22:33:17','2024-12-12 22:33:17'),(107,'မာလ်တာနိုင်ငံ','2024-12-12 22:33:17','2024-12-12 22:33:17'),(108,'မာရှယ်ကျွန်းစုနိုင်ငံ','2024-12-12 22:33:17','2024-12-12 22:33:17'),(109,'မော်ရီရှီယိုနိုင်ငံ','2024-12-12 22:33:17','2024-12-12 22:33:17'),(110,'မော်ရီတေးနီးယားနိုင်ငံ','2024-12-12 22:33:17','2024-12-12 22:33:17'),(111,'မက္ကဆီကိုနိုင်ငံ','2024-12-12 22:33:17','2024-12-12 22:33:17'),(112,'မိုက်ခရိုနီးရှားနိုင်ငံ','2024-12-12 22:33:17','2024-12-12 22:33:17'),(113,'မိုလ်ဒိုဗာနိုင်ငံ','2024-12-12 22:33:17','2024-12-12 22:33:17'),(114,'မိုနာကိုနိုင်ငံ','2024-12-12 22:33:17','2024-12-12 22:33:17'),(115,'မွန်ဂိုးလီးယားနိုင်ငံ','2024-12-12 22:33:17','2024-12-12 22:33:17'),(116,'မောင်တီနီဂရိုးနိုင်ငံ','2024-12-12 22:33:17','2024-12-12 22:33:17'),(117,'မော်ရိုကိုနိုင်ငံ','2024-12-12 22:33:17','2024-12-12 22:33:17'),(118,'မိုဇန်ဘစ်နိုင်ငံ','2024-12-12 22:33:17','2024-12-12 22:33:17'),(119,'နမ်မာဘီးယားနိုင်ငံ','2024-12-12 22:33:17','2024-12-12 22:33:17'),(120,'နာဦးနိုင်ငံ','2024-12-12 22:33:17','2024-12-12 22:33:17'),(121,'နီပေါနိုင်ငံ','2024-12-12 22:33:17','2024-12-12 22:33:17'),(122,'နယ်သ်တာလန်နိုင်ငံ','2024-12-12 22:33:17','2024-12-12 22:33:17'),(123,'နယူးဇီလန်နိုင်ငံ','2024-12-12 22:33:17','2024-12-12 22:33:17'),(124,'နီကာရာဂွာနိုင်ငံ','2024-12-12 22:33:17','2024-12-12 22:33:17'),(125,'နီဂျာနိုင်ငံ','2024-12-12 22:33:17','2024-12-12 22:33:17'),(126,'နိုင်ဂျီးရီးယားနိုင်ငံ','2024-12-12 22:33:17','2024-12-12 22:33:17'),(127,'မြောက်ကိုးရီးယားနိုင်ငံ','2024-12-12 22:33:17','2024-12-12 22:33:17'),(128,'နော်ဝေနိုင်ငံ','2024-12-12 22:33:17','2024-12-12 22:33:17'),(129,'အိုမန်နိုင်ငံ','2024-12-12 22:33:17','2024-12-12 22:33:17'),(130,'ပါကစ္စတန်နိုင်ငံ','2024-12-12 22:33:17','2024-12-12 22:33:17'),(131,'ပလောင်နိုင်ငံ','2024-12-12 22:33:17','2024-12-12 22:33:17'),(132,'ပနားမားနိုင်ငံ','2024-12-12 22:33:17','2024-12-12 22:33:17'),(133,'ပပူရာနယူးဂီးနီနိုင်ငံ','2024-12-12 22:33:17','2024-12-12 22:33:17'),(134,'ပါရာဂွေးနိုင်ငံ','2024-12-12 22:33:17','2024-12-12 22:33:17'),(135,'ပီရူးနိုင်ငံ','2024-12-12 22:33:17','2024-12-12 22:33:17'),(136,'ဖိလစ်ပိုင်နိုင်ငံ','2024-12-12 22:33:17','2024-12-12 22:33:17'),(137,'ပိုလန်နိုင်ငံ','2024-12-12 22:33:17','2024-12-12 22:33:17'),(138,'ပေါ်တူဂီနိုင်ငံ','2024-12-12 22:33:17','2024-12-12 22:33:17'),(139,'ကာတာနိုင်ငံ','2024-12-12 22:33:17','2024-12-12 22:33:17'),(140,'မာစီဒိုနီယာနိုင်ငံ','2024-12-12 22:33:17','2024-12-12 22:33:17'),(141,'ကွန်ဂိုသမ္မတနိုင်ငံ','2024-12-12 22:33:17','2025-02-26 02:38:54'),(142,'ရိုမေးနီးယားနိုင်ငံ','2024-12-12 22:33:17','2024-12-12 22:33:17'),(143,'ရုရှားနိုင်ငံ','2024-12-12 22:33:17','2024-12-12 22:33:17'),(144,'ရုဝန်ဒါနိုင်ငံ','2024-12-12 22:33:17','2024-12-12 22:33:17'),(145,'စိန့်ကစ်နှင့်နီဗစ်စ်နိုင်ငံ','2024-12-12 22:33:17','2024-12-12 22:33:17'),(146,'ဆာမိုအာနိုင်ငံ','2024-12-12 22:33:17','2024-12-12 22:33:17'),(147,'ဆန်မာရီနိုနိုင်ငံ','2024-12-12 22:33:17','2024-12-12 22:33:17'),(148,'ဆောင်တိုမေးနှင့်ပရင်စီပေးနိုင်ငံ','2024-12-12 22:33:17','2024-12-12 22:33:17'),(149,'ဆော်ဒီအာရေးဗျားနိုင်ငံ','2024-12-12 22:33:17','2024-12-12 22:33:17'),(150,'ဆီနီဂါးနိုင်ငံ','2024-12-12 22:33:17','2024-12-12 22:33:17'),(151,'ဆားဘီးယားနိုင်ငံ','2024-12-12 22:33:17','2024-12-12 22:33:17'),(152,'ဆေးရှဲနိုင်ငံ','2024-12-12 22:33:17','2024-12-12 22:33:17'),(153,'ဆီရာလီယွန်းနိုင်ငံ','2024-12-12 22:33:17','2024-12-12 22:33:17'),(154,'စင်ကာပူနိုင်ငံ','2024-12-12 22:33:17','2024-12-12 22:33:17'),(155,'ဆလိုဗက်ကီးယားနိုင်ငံ','2024-12-12 22:33:17','2024-12-12 22:33:17'),(156,'ဆလိုဗေးနီးယားနိုင်ငံ','2024-12-12 22:33:17','2024-12-12 22:33:17'),(157,'ဆောလိုမွန်ကျွန်းစုနိုင်ငံ','2024-12-12 22:33:17','2024-12-12 22:33:17'),(158,'ဆိုမာလီယာနိုင်ငံ','2024-12-12 22:33:17','2024-12-12 22:33:17'),(159,'တောင်အာဖရိကနိုင်ငံ','2024-12-12 22:33:17','2024-12-12 22:33:17'),(161,'တောင်ဆူဒန်နိုင်ငံ','2024-12-12 22:33:17','2024-12-12 22:33:17'),(162,'စပိန်နိုင်ငံ','2024-12-12 22:33:17','2024-12-12 22:33:17'),(163,'သီရိလင်္ကာနိုင်ငံ','2024-12-12 22:33:17','2024-12-12 22:33:17'),(164,'စိန့်လူးစီယာနိုင်ငံ','2024-12-12 22:33:17','2024-12-12 22:33:17'),(165,'စိန့်ဗင်စင့်နှင့်ဂရီနေဒီန်းစ်နိုင်ငံ','2024-12-12 22:33:17','2024-12-12 22:33:17'),(166,'ဆူဒန်နိုင်ငံ','2024-12-12 22:33:17','2024-12-12 22:33:17'),(167,'ဆူရီနိမ်းနိုင်ငံ','2024-12-12 22:33:17','2024-12-12 22:33:17'),(168,'ဆွာဇီလန်နိုင်ငံ','2024-12-12 22:33:17','2024-12-12 22:33:17'),(169,'ဆွီဒင်နိုင်ငံ','2024-12-12 22:33:17','2024-12-12 22:33:17'),(170,'ဆွစ်ဇာလန်နိုင်ငံ','2024-12-12 22:33:17','2024-12-12 22:33:17'),(171,'ဆီးရီးယားနိုင်ငံ','2024-12-12 22:33:17','2024-12-12 22:33:17'),(172,'ထိုင်ဝမ်နိုင်ငံ','2024-12-12 22:33:17','2024-12-12 22:33:17'),(173,'တာဂျစ်ကစ္စတန်နိုင်ငံ','2024-12-12 22:33:17','2024-12-12 22:33:17'),(174,'တန်ဇန်းနီးယားနိုင်ငံ','2024-12-12 22:33:17','2024-12-12 22:33:17'),(175,'ထိုင်းနိုင်ငံ','2024-12-12 22:33:17','2024-12-12 22:33:17'),(176,'တိုဂိုနိုင်ငံ','2024-12-12 22:33:17','2024-12-12 22:33:17'),(177,'တောင်ဂါနိုင်ငံ','2024-12-12 22:33:17','2024-12-12 22:33:17'),(178,'ထရီနီဒက်နှင့်တိုဘာဂိုနိုင်ငံ','2024-12-12 22:33:17','2024-12-12 22:33:17'),(179,'တူနီးရှားနိုင်ငံ','2024-12-12 22:33:17','2024-12-12 22:33:17'),(180,'တူရကီနိုင်ငံ','2024-12-12 22:33:17','2024-12-12 22:33:17'),(181,'တူရက်မင်နစ္စတန်နိုင်ငံ','2024-12-12 22:33:18','2024-12-12 22:33:18'),(182,'တူဗာလူနိုင်ငံ','2024-12-12 22:33:18','2024-12-12 22:33:18'),(183,'ယူဂန်ဒါနိုင်ငံ','2024-12-12 22:33:18','2024-12-12 22:33:18'),(184,'ယူကရိန်းနိုင်ငံ','2024-12-12 22:33:18','2024-12-12 22:33:18'),(185,'ယူနိုက်တက်အာရပ်အီမီရိတ်နိုင်ငံ','2024-12-12 22:33:18','2024-12-12 22:33:18'),(186,'ယူနိုက်တက်ကင်းဒမ်းနိုင်ငံ','2024-12-12 22:33:18','2024-12-12 22:33:18'),(187,'အမေရိကန်ပြည်ထောင်စုနိုင်ငံ','2024-12-12 22:33:18','2024-12-12 22:33:18'),(188,'ဥရုဂွေးနိုင်ငံ','2024-12-12 22:33:18','2024-12-12 22:33:18'),(189,'ဥဇဘက်ကစ္စတန်နိုင်ငံ','2024-12-12 22:33:18','2024-12-12 22:33:18'),(190,'ဗနွာတူနိုင်ငံ','2024-12-12 22:33:18','2024-12-12 22:33:18'),(191,'ဗာတီကန်မြို့တော်နိုင်ငံ','2024-12-12 22:33:18','2024-12-12 22:33:18'),(192,'ဗင်နီဇွဲလားနိုင်ငံ','2024-12-12 22:33:18','2024-12-12 22:33:18'),(193,'ဗီယက်နမ်နိုင်ငံ','2024-12-12 22:33:18','2024-12-12 22:33:18'),(194,'ယီမင်နိုင်ငံ','2024-12-12 22:33:18','2024-12-12 22:33:18'),(195,'ဇင်ဘာဘွေနိုင်ငံ','2024-12-12 22:33:18','2024-12-12 22:33:18'),(196,'ဇမ်ဘီယာနိုင်ငံ','2024-12-12 22:33:18','2024-12-12 22:33:18'),(197,'လာအိုပြည်သူ့ဒီမိုကရက်တစ်သမ္မတနိုင်ငံ','2025-01-24 02:50:04','2025-02-26 02:39:02'),(198,'တရုတ်ပြည်သူ့သမ္မတနိုင်ငံ','2025-01-30 01:16:30','2025-02-26 02:39:08'),(199,'ကိုရီးယားသမ္မတနိုင်ငံ','2025-01-30 01:16:42','2025-02-26 02:39:14'),(200,'အမေရိကန်နိုင်ငံ','2025-01-30 01:16:52','2025-02-26 02:39:19'),(201,'ဘရူနိုင်းနိုင်ငံ၊ ဘန်ဒါဆရီဘီဂါဝန်နိုင်ငံ','2025-01-30 01:17:05','2025-01-30 01:17:05'),(202,'အင်ဒိုနီးရှားနိုင်ငံ','2025-01-30 01:17:19','2025-02-26 02:39:24'),(203,'ဗီယက်နမ်နိုင်ငံ','2025-01-30 01:18:54','2025-02-26 02:39:29'),(204,'ချက်သမ္မတနိုင်ငံ','2025-01-30 01:19:03','2025-02-26 02:39:33'),(205,'ဗြိတိန်နိုင်ငံ','2025-01-30 01:19:32','2025-02-26 02:39:39'),(206,'ပါပူဝါနယူးဂီနီနိုင်ငံ','2025-01-30 01:19:42','2025-02-26 02:39:44'),(207,'တရုတ်ပြည်သူ့သမ္မတ နိုင်ငံ(ဟောင်ကောင်)နိုင်ငံ','2025-01-30 01:19:53','2025-01-30 01:19:53'),(208,'ဩစတြေးလျနိုင်ငံ','2025-01-30 01:20:04','2025-02-26 02:39:50'),(209,'ရုရှားဖက်ဒရေးရှင်းနိုင်ငံ','2025-01-30 01:20:27','2025-02-26 02:39:54'),(210,'ဆော်ဒီအာရေဗျနိုင်ငံ','2025-01-30 01:20:35','2025-02-26 02:39:59'),(211,'တရုတ်ပြည်သူ့သမ္မတ နိုင်ငံ၊ ယူနန်ပြည်နယ်၊ ကူမင်းမြို့နိုင်ငံ','2025-01-30 01:20:52','2025-01-30 01:20:52');
/*!40000 ALTER TABLE `countries` ENABLE KEYS */;
UNLOCK TABLES;

--
-- Table structure for table `day_or_months`
--

DROP TABLE IF EXISTS `day_or_months`;
/*!40101 SET @saved_cs_client     = @@character_set_client */;
/*!50503 SET character_set_client = utf8mb4 */;
CREATE TABLE `day_or_months` (
  `id` bigint unsigned NOT NULL AUTO_INCREMENT,
  `name` varchar(255) CHARACTER SET utf8mb4 COLLATE utf8mb4_unicode_ci NOT NULL,
  `created_at` timestamp NULL DEFAULT NULL,
  `updated_at` timestamp NULL DEFAULT NULL,
  PRIMARY KEY (`id`)
) ENGINE=InnoDB AUTO_INCREMENT=3 DEFAULT CHARSET=utf8mb4 COLLATE=utf8mb4_unicode_ci;
/*!40101 SET character_set_client = @saved_cs_client */;

--
-- Dumping data for table `day_or_months`
--

LOCK TABLES `day_or_months` WRITE;
/*!40000 ALTER TABLE `day_or_months` DISABLE KEYS */;
INSERT INTO `day_or_months` VALUES (1,'ရက်','2024-12-12 22:33:20','2024-12-12 22:33:20'),(2,'လ','2024-12-12 22:33:20','2024-12-12 22:33:20');
/*!40000 ALTER TABLE `day_or_months` ENABLE KEYS */;
UNLOCK TABLES;

--
-- Table structure for table `departments`
--

DROP TABLE IF EXISTS `departments`;
/*!40101 SET @saved_cs_client     = @@character_set_client */;
/*!50503 SET character_set_client = utf8mb4 */;
CREATE TABLE `departments` (
  `id` bigint unsigned NOT NULL AUTO_INCREMENT,
  `name` longtext CHARACTER SET utf8mb4 COLLATE utf8mb4_unicode_ci NOT NULL,
  `ministry_id` bigint unsigned DEFAULT NULL,
  `created_at` timestamp NULL DEFAULT NULL,
  `updated_at` timestamp NULL DEFAULT NULL,
  PRIMARY KEY (`id`)
) ENGINE=InnoDB AUTO_INCREMENT=7268 DEFAULT CHARSET=utf8mb4 COLLATE=utf8mb4_unicode_ci;
/*!40101 SET character_set_client = @saved_cs_client */;

--
-- Dumping data for table `departments`
--

LOCK TABLES `departments` WRITE;
/*!40000 ALTER TABLE `departments` DISABLE KEYS */;
INSERT INTO `departments` VALUES (1,'ရုံးအဖွဲ့',1,NULL,NULL),(2,'သမ္မတဦးစီးရုံး',1,NULL,NULL),(3,'ဒုတိယသမ္မတ (၁) ဦးစီးရုံး',1,NULL,NULL),(4,'ဒုတိယသမ္မတ (၂) ဦးစီးရုံး',1,NULL,NULL),(5,'နိုင်ငံရေးနှင့်လုံခြုံရေးဌာနကြီး',1,NULL,NULL),(6,'စီးပွားရေးရာဌာနကြီး',1,NULL,NULL),(7,'လူမှုရေးနှင့်ယဉ်ကျေးမှုဌာနကြီး',1,NULL,NULL),(8,'စီမံရေးနှင့်ဘဏ္ဍာရေးဌာနကြီး',1,NULL,NULL),(9,'အိမ်တော်များဌာနကြီး',1,NULL,NULL),(10,'သတင်းနှင့်လုံခြုံရေးဆိုင်ရာဌာနကြီး',1,NULL,NULL),(11,'ဥပဒေရေးရာနှင့်တိုင်ကြားစာများဌာနကြီး',1,NULL,NULL),(12,'ပြည်ထောင်စုအစိုးရအဖွဲ့ရုံး',2,NULL,NULL),(13,'ဦးစီးရုံး',3,NULL,NULL),(14,'နိုင်ငံတကာဆက်ဆံရေး၊ လူ့စွမ်းအားအရင်းအမြစ်နှင့်နည်းပညာဌာနကြီး',3,NULL,NULL),(15,'ဥပဒေပြုဌာနကြီး',3,NULL,NULL),(16,'စီမံရေးရာဌာနကြီး',3,NULL,NULL),(17,'ကချင်ပြည်နယ်လွှတ်တော်ရုံး',3,NULL,NULL),(18,'ကယားပြည်နယ်လွှတ်တော်ရုံး',3,NULL,NULL),(19,'ကရင်ပြည်နယ်လွှတ်တော်ရုံး',3,NULL,NULL),(20,'ချင်းပြည်နယ်လွှတ်တော်ရုံး',3,NULL,NULL),(21,'စစ်ကိုင်းတိုင်းဒေသကြီးလွှတ်တော်ရုံး',3,NULL,NULL),(22,'တနင်္သာရီတိုင်းဒေသကြီးလွှတ်တော်ရုံး',3,NULL,NULL),(23,'ပဲခူးတိုင်းဒေသကြီးလွှတ်တော်ရုံး',3,NULL,NULL),(24,'မကွေးတိုင်းဒေသကြီးလွှတ်တော်ရုံး',3,NULL,NULL),(25,'မန္တလေးတိုင်းဒေသကြီးလွှတ်တော်ရုံး',3,NULL,NULL),(26,'မွန်ပြည်နယ်လွှတ်တော်ရုံး',3,NULL,NULL),(27,'ရခိုင်ပြည်နယ်လွှတ်တော်ရုံး',3,NULL,NULL),(28,'ရန်ကုန်တိုင်းဒေသကြီးလွှတ်တော်ရုံး',3,NULL,NULL),(29,'ရှမ်းပြည်နယ်လွှတ်တော်ရုံး',3,NULL,NULL),(30,'ဧရာ၀တီတိုင်းဒေသကြီးလွှတ်တော်ရုံး',3,NULL,NULL),(31,'ပြည်ထောင်စုလွှတ်တော်ရုံး',3,NULL,NULL),(32,'ပြည်သူ့လွှတ်တော်ရုံး',4,NULL,NULL),(33,'ပြည်သူ့ဆက်ဆံရေးဌာန',4,NULL,NULL),(34,'ဒုတိယဥက္ကဋ္ဌရုံး',4,NULL,NULL),(35,'နိုင်ငံတကာဆက်ဆံရေးဌာန',4,NULL,NULL),(36,'သုတေသနဌာန',4,NULL,NULL),(37,'ဥက္ကဋ္ဌရုံး',4,NULL,NULL),(38,'အစည်းအဝေးနှင့်ကော်မတီဌာနကြီး',4,NULL,NULL),(39,'သုတေသန၊ နည်းပညာနှင့်နိုင်ငံတကာဆက်ဆံရေးဌာနကြီး',4,NULL,NULL),(40,'အမျိုးသားလွှတ်တော်ရုံး',5,NULL,NULL),(41,'သုတေသန၊ ပြည်သူ့ဆက်ဆံရေးနှင့်နိုင်ငံတကာဆက်ဆံရေးဌာနကြီး',5,NULL,NULL),(42,'စီမံရေး၊ ဘဏ္ဍာရေးနှင့်ကျန်းမာရေးဌာနကြီး',5,NULL,NULL),(43,'ပြည်ထောင်စုတရားသူကြီးချုပ်ရုံး',6,NULL,NULL),(44,'ပြည်ထောင်စုတရားလွှတ်တော်ချုပ်ရုံး',6,NULL,NULL),(45,'ပြည်ထောင်စုတရားစီရင်ရေးကြီးကြပ်မှုရုံး',6,NULL,NULL),(46,'တိုင်းဒေသကြီး/ပြည်နယ်တရားလွှတ်တော်များ',6,NULL,NULL),(47,'ပြည်ထောင်စုဥပဒေဆိုင်ရာအထောက်အကူပေးရေးအဖွဲ့ရုံး',6,NULL,NULL),(48,'စီမံဌာန',7,NULL,NULL),(49,'လုပ်ထုံးနှင့်သုတေသနဌာန',7,NULL,NULL),(50,'တရားရေးဌာန/တရားစီရင်ရေးဌာန',7,NULL,NULL),(51,'e-Governmentဌာန',7,NULL,NULL),(52,'ဝန်ထမ်းရေးရာဌာနခွဲ',7,NULL,NULL),(53,'နိုင်ငံတော်ဖွဲ့စည်းပုံအခြေခံဥပဒေဆိုင်ရာခုံရုံး',7,NULL,NULL),(54,'ရွေးကောက်ပွဲဆိုင်ရာ',8,NULL,NULL),(55,'စီမံ၊ ထောက်ပံ့၊ ဘဏ္ဍာဌာန',8,NULL,NULL),(56,'ရွေးကောက်ပွဲခုံရုံးဆိုင်ရာ',8,NULL,NULL),(57,'သုတေသနနှင့်မှတ်တမ်းဌာန',8,NULL,NULL),(58,'e-Government ဌာန',8,NULL,NULL),(59,'ကော်မရှင်ရုံးခွဲ',8,NULL,NULL),(60,'ရွေးကောက်ပွဲဌာန',8,NULL,NULL),(61,'ရွေးကောက်ပွဲခုံရုံးဌာန',8,NULL,NULL),(62,'ဝန်ကြီးရုံး(ပို့ဆောင်ရေး)',9,NULL,NULL),(63,'ဝန်ကြီးရုံး(ဆက်သွယ်ရေး)',9,NULL,NULL),(64,'ပို့ဆောင်ရေးစီမံကိန်းဦးစီးဌာန',9,NULL,NULL),(65,'ကုန်းလမ်းပို့ဆောင်ရေးညွှန်ကြားမှုဦးစီးဌာန',9,NULL,NULL),(66,'ရေကြောင်းပို့ဆောင်ရေးညွှန်ကြားမှုဦးစီးဌာန',9,NULL,NULL),(67,'လေကြောင်းပို့ဆောင်ရေးညွှန်ကြားမှုဦးစီးဌာန',9,NULL,NULL),(68,'ဆက်သွယ်ရေးညွှန်ကြားမှုဦးစီးဌာန',9,NULL,NULL),(69,'ရေအရင်းအမြစ်နှင့်မြစ်ချောင်းများဖွံ့ဖြိုးတိုးတက်ရေးဦးစီးဌာန',9,NULL,NULL),(70,'မိုးလေဝသနှင့်ဇလဗေဒညွှန်ကြားမှုဦးစီးဌာန',9,NULL,NULL),(71,'သတင်းအချက်အလက်နည်းပညာနှင့်ဆိုက်ဘာလုံခြုံရေးဦးစီးဌာန',9,NULL,NULL),(72,'မြန်မာ့ဆိပ်ကမ်းအာဏာပိုင်',9,NULL,NULL),(73,'မြန်မာ့မီးရထား',9,NULL,NULL),(74,'ကုန်းလမ်းပို့ဆောင်ရေး',9,NULL,NULL),(75,'ပြည်တွင်းရေကြောင်းပို့ဆောင်ရေး',9,NULL,NULL),(76,'မြန်မာ့သင်္ဘောကျင်းလုပ်ငန်း',9,NULL,NULL),(77,'မြန်မာ့ဆက်သွယ်ရေးလုပ်ငန်း',9,NULL,NULL),(78,'မြန်မာ့စာတိုက်လုပ်ငန်း',9,NULL,NULL),(79,'မြန်မာနိုင်ငံရေကြောင်းပညာတက္ကသိုလ်',9,NULL,NULL),(80,'မြန်မာနိုင်ငံကုန်သွယ်ရေကြောင်းကောလိပ်',9,NULL,NULL),(81,'ဗဟိုပို့ဆောင်ဆက်သွယ်ရေးကျောင်း',9,NULL,NULL),(82,'ပြည်ထောင်စုဝန်ကြီးရုံး',9,NULL,NULL),(83,'မြန်မာအမျိုးသားလေကြောင်း',9,NULL,NULL),(84,'ဝန်ကြီးရုံး/ပြည်ထောင်စုဝန်ကြီးရုံး',10,NULL,NULL),(85,'ကာကွယ်ရေးဦးစီးချုပ်ရုံး(ကြည်း)',10,NULL,NULL),(86,'ကာကွယ်ရေးဦးစီးချုပ်ရုံး(ရေ)',10,NULL,NULL),(87,'ကာကွယ်ရေးဦးစီးချုပ်ရုံး(လေ)',10,NULL,NULL),(88,'ကာကွယ်ရေးဦးစီးချုပ်ရုံး(ကြည်း)၊ငွေစာရင်းရုံး',10,NULL,NULL),(89,'စစ်ရေးချုပ်ရုံး',10,NULL,NULL),(90,'စစ်ထောက်ချုပ်ရုံး',10,NULL,NULL),(91,'ကာကွယ်ရေးဦးစီးချုပ်ရုံး(ကြည်း)၊ပစ္စည်းဝယ်ယူမှုညွှန်ကြားရေးမှူးရုံး',10,NULL,NULL),(92,'လုံခြုံရေးနှင့်ဆိုင်သောပုံနှိပ်လုပ်ငန်းများညွှန်ကြားရေးမှူးရုံး',10,NULL,NULL),(93,'နိုင်ငံတကာရေးရာဦးစီးဌာန',10,NULL,NULL),(94,'ပြည်တွင်းရေးရာဦးစီးဌာန',10,NULL,NULL),(95,'နိုင်ငံတကာနှင့်ပြည်တွင်းရေးရာဦးစီးဌာန',10,NULL,NULL),(96,'စစ်လက်နက်ပစ္စည်းညွှန်ကြားရေးမှူးရုံး',10,NULL,NULL),(97,'မြန်မာနိုင်ငံရဲတပ်ဖွဲ့',11,NULL,NULL),(98,'အထွေထွေအုပ်ချုပ်ရေးဦးစီးဌာန',11,NULL,NULL),(99,'အထူးစုံစမ်းစစ်ဆေးရေးဦးစီးဌာန',11,NULL,NULL),(100,'အကျဉ်းဦးစီးဌာန',11,NULL,NULL),(101,'မီးသတ်ဦးစီးဌာန',11,NULL,NULL),(102,'စီမံကိန်းရေးဆွဲရေးဦးစီးဌာန',12,NULL,NULL),(103,'စီမံကိန်းစိစစ်ရေးနှင့်တိုးတက်မှုအစီရင်ခံရေးဦးစီးဌာန',12,NULL,NULL),(104,'ဗဟိုစာရင်းအင်းအဖွဲ့',12,NULL,NULL),(105,'ဗဟိုစက်ပစ္စည်းစာရင်းအင်းနှင့်စစ်ဆေးရေးဦးစီးဌာန',12,NULL,NULL),(106,'အမျိုးသားမှတ်တမ်းများမော်ကွန်းတိုက်ဦးစီးဌာန',12,NULL,NULL),(107,'မြန်မာ့စီးပွားရေးဘဏ်',12,NULL,NULL),(108,'မြန်မာ့နိုင်ငံခြားကုန်သွယ်မှုဘဏ်',12,NULL,NULL),(109,'မြန်မာ့ရင်းနှီးမြှုပ်နှံမှုနှင့်ကူးသန်းရောင်းဝယ်ရေးဘဏ်',12,NULL,NULL),(110,'မြန်မာ့လယ်ယာဖွံ့ဖြိုးရေးဘဏ်',12,NULL,NULL),(111,'မြန်မာ့အာမခံလုပ်ငန်း',12,NULL,NULL),(112,'ရသုံးမှန်းခြေငွေစာရင်းဦးစီးဌာန',12,NULL,NULL),(113,'ငွေတိုက်ဦးစီးဌာန',12,NULL,NULL),(114,'ပြည်တွင်းအခွန်များဦးစီးဌာန',12,NULL,NULL),(115,'အကောက်ခွန်ဦးစီးဌာန',12,NULL,NULL),(116,'ငွေရေးကြေးရေးကြီးကြပ်စစ်ဆေးရေးဦးစီးဌာန',12,NULL,NULL),(117,'ငွေချေးသက်သေခံလက်မှတ်လုပ်ငန်းကြီးကြပ်ရေးကော်မရှင်ရုံး',12,NULL,NULL),(118,'ပင်စင်ဦးစီးဌာန',12,NULL,NULL),(119,'နိုင်ငံရေးရာဦးစီးဌာန',13,NULL,NULL),(120,'အာဆီယံရေးရာဦးစီးဌာန',13,NULL,NULL),(121,'မဟာဗျူဟာလေ့လာရေးနှင့်လေ့ကျင့်ရေးဦးစီးဌာန',13,NULL,NULL),(122,'သံတမန်ရေးရာဦးစီးဌာန',13,NULL,NULL),(123,'အပြည်ပြည်ဆိုင်ရာအဖွဲ့အစည်းများနှင့်စီးပွားရေးဦးစီးဌာန',13,NULL,NULL),(124,'ကောင်စစ်ရေးရာနှင့်ဥပဒေရေးရာဦးစီးဌာန',13,NULL,NULL),(125,'စီမံကိန်းနှင့်စီမံရေးရာဦးစီးဌာန',13,NULL,NULL),(126,'မြန်မာသံရုံး၊အဖွဲ့ရုံး၊ကောင်စစ်ဝန်ချူပ်ရုံး',13,NULL,NULL),(127,'နယ်စပ်ဒေသနှင့်တိုင်းရင်းသားလူမျိုးများဖွံ့ဖြိုးတိုးတက်ရေးဦးစီးဌာန',14,NULL,NULL),(128,'ပညာရေးနှင့်လေ့ကျင့်ရေးဦးစီးဌာန',14,NULL,NULL),(129,'ရင်းနှီးမြှုပ်နှံမှုနှင့်ကုမ္ပဏီများညွှန်ကြားမှုဦးစီးဌာန',15,NULL,NULL),(130,'နိုင်ငံခြားစီးပွားဆက်သွယ်ရေးဦးစီးဌာန',15,NULL,NULL),(131,'ဥပဒေမူကြမ်းစိစစ်ရေးဦးစီးဌာန',16,NULL,NULL),(132,'ဥပဒေအကြံဉာဏ်ပေးရေးဦးစီးဌာန',16,NULL,NULL),(133,'တရားစွဲနှင့်အမှုလိုက်ဦးစီးဌာန',16,NULL,NULL),(134,'ဥပဒေအသိပညာပြန့်ပွားရေးဦးစီးဌာန',16,NULL,NULL),(135,'တိုင်းဒေသကြီး/ပြည်နယ်ဥပဒေချုပ်ရုံး',16,NULL,NULL),(136,'ကိုယ်ပိုင်အုပ်ချုပ်ခွင့်ရ တိုင်းဥပဒေရုံး',16,NULL,NULL),(137,'ကိုယ်ပိုင်အုပ်ချုပ်ခွင့်ရဒေသ ဥပဒေရုံး',16,NULL,NULL),(138,'ခရိုင်ဥပဒေရုံးများ',16,NULL,NULL),(139,'မြို့နယ်ဥပဒေရုံးများ',16,NULL,NULL),(140,'ဥပဒေများစိစစ်ရေးဦးစီးဌာန',16,NULL,NULL),(141,'မြန်မာ့အသံနှင့်ရုပ်မြင်သံကြား',18,NULL,NULL),(142,'ပြန်ကြားရေးနှင့်ပြည်သူ့ဆက်ဆံရေးဦးစီးဌာန',18,NULL,NULL),(143,'ပုံနှိပ်ရေးနှင့်ထုတ်ဝေရေးဦးစီးဌာန',18,NULL,NULL),(144,'မီဒီယာဖွံ့ဖြိုးတိုးတက်ရေးဦးစီးဌာန',18,NULL,NULL),(145,'သတင်းနှင့်စာနယ်ဇင်းလုပ်ငန်း',18,NULL,NULL),(146,'သာသနာရေးဦးစီးဌာန',19,NULL,NULL),(147,'သာသနာတော်ထွန်းကားပြန့်ပွားရေးဦးစီးဌာန',19,NULL,NULL),(148,'အပြည်ပြည်ဆိုင်ရာထေရဝါဒဗုဒ္ဓသာသနာပြုတက္ကသိုလ်',19,NULL,NULL),(149,'အနုပညာဦးစီးဌာန',19,NULL,NULL),(150,'ရှေးဟောင်းသုတေသနနှင့်အမျိုးသားပြတိုက်ဦးစီးဌာန',19,NULL,NULL),(151,'သမိုင်းသုတေသနနှင့်အမျိုးသားစာကြည့်တိုက်ဦးစီးဌာန',19,NULL,NULL),(152,'အမျိုးသားယဉ်ကျေးမှုနှင့်အနုပညာတက္ကသိုလ်(ရန်ကုန်)',19,NULL,NULL),(153,'အမျိုးသားယဉ်ကျေးမှုနှင့်အနုပညာတက္ကသိုလ်(မန္တလေး)',19,NULL,NULL),(154,'စီမံကိန်းဦးစီးဌာန',20,NULL,NULL),(155,'စိုက်ပျိုးရေးဦးစီးဌာန',20,NULL,NULL),(156,'ဆည်မြောင်းနှင့်ရေအသုံးချမှုစီမံခန့်ခွဲရေးဦးစီးဌာန',20,NULL,NULL),(157,'ကြေးတိုင်နှင့်မြေစာရင်းဦးစီးဌာန',20,NULL,NULL),(158,'စက်မှုလယ်ယာဦးစီးဌာန',20,NULL,NULL),(159,'စိုက်ပျိုးရေးသုတေသနဦးစီးဌာန',20,NULL,NULL),(160,'မွေးမြူရေးနှင့်ကုသရေးဦးစီးဌာန',20,NULL,NULL),(161,'ငါးလုပ်ငန်းဦးစီးဌာန',20,NULL,NULL),(162,'မွေးမြူရေးသုတေသနဦးစီးဌာန',20,NULL,NULL),(163,'ရေဆင်းစိုက်ပျိုးရေးတက္ကသိုလ်',20,NULL,NULL),(164,'မွေးမြူရေးဆိုင်ရာဆေးတက္ကသိုလ်',20,NULL,NULL),(165,'ဝန်ကြီးရုံး',20,NULL,NULL),(166,'စိုက်ပျိုးရေးစီမံကိန်းဦးစီးဌာန',20,NULL,NULL),(167,'မြန်မာ့စိုက်ပျိုးရေးမွေးမြူရေးလုပ်ငန်း',20,NULL,NULL),(168,'မြန်မာ့ကြံလုပ်ငန်း',20,NULL,NULL),(169,'စက်မှုသီးနှံဖွံ့ဖြိုးရေးဦးစီးဌာန',20,NULL,NULL),(170,'ရေအရင်းအမြစ်အသုံးချရေးဦးစီးဌာန',20,NULL,NULL),(171,'ဆည်မြောင်းဦးစီးဌာန',20,NULL,NULL),(172,'သမဝါယမဦးစီးဌာန',21,NULL,NULL),(173,'ကျေးလက်ဒေသဖွံ့ဖြိုးတိုးတက်ရေးဦးစီးဌာန',21,NULL,NULL),(174,'အသေးစားစက်မှုလက်မှုလုပ်ငန်းဦးစီးဌာန',21,NULL,NULL),(175,'ကျေးလက်လမ်းဖွံ့ဖြိုးရေးဦးစီးဌာန',21,NULL,NULL),(176,'သမဝါယမနှင့်စီမံခန့်ခွဲမှုပညာတက္ကသိုလ်(သန်လျင်)',21,NULL,NULL),(177,'သမဝါယမနှင့်စီမံခန့်ခွဲမှုပညာတက္ကသိုလ်(စစ်ကိုင်း)',21,NULL,NULL),(178,'သမဝါယမကောလိပ်(ဖောင်ကြီး၊မန္တလေး)',21,NULL,NULL),(179,'ယွန်းပညာကောလိပ်(ပုဂံ)',21,NULL,NULL),(180,'ပြည်ထောင်စုဝန်ကြီးရုံး(သစ်တော)',22,NULL,NULL),(181,'သစ်တောဦးစီးဌာန',22,NULL,NULL),(182,'မြန်မာ့သစ်လုပ်ငန်း',22,NULL,NULL),(183,'အပူပိုင်းဒေသစိမ်းလန်းစိုပြည်ရေးဦးစီးဌာန',22,NULL,NULL),(184,'ပတ်ဝန်းကျင်ထိန်းသိမ်းရေးဦးစီးဌာန',22,NULL,NULL),(185,'မြေတိုင်းဦးစီးဌာန',22,NULL,NULL),(186,'သစ်တောနှင့်ပတ်ဝန်းကျင်ဆိုင်ရာတက္ကသိုလ်',22,NULL,NULL),(187,'ပြည်ထောင်စုဝန်ကြီးရုံး(သတ္တုကဏ္ဍ)',22,NULL,NULL),(188,'သတ္တုတွင်းဦးစီးဌာန',22,NULL,NULL),(189,'ဘူမိဗေဒလေ့လာရေးနှင့်ဓာတ်သတ္တုရှာဖွေရေးဦးစီးဌာန',22,NULL,NULL),(190,'အမှတ်(၁)သတ္တုတွင်းလုပ်ငန်း',22,NULL,NULL),(191,'အမှတ်(၂)သတ္တုတွင်းလုပ်ငန်း',22,NULL,NULL),(192,'မြန်မာ့ကျောက်မျက်ရတနာရောင်းဝယ်ရေးလုပ်ငန်း',22,NULL,NULL),(193,'မြန်မာ့ပုလဲထုတ်လုပ်ရေးနှင့်ရောင်းဝယ်ရေးလုပ်ငန်း',22,NULL,NULL),(194,'ပြည်တွင်းရောင်းဝယ်ရေးနှင့်သစ်စက်ဌာန',22,NULL,NULL),(195,'လျှပ်စစ်စွမ်းအားစီမံရေးဦးစီးဌာန',23,NULL,NULL),(196,'လျှပ်စစ်ဓာတ်အားပို့လွှတ်ရေးနှင့်ကွပ်ကဲရေးဦးစီးဌာန',23,NULL,NULL),(197,'ရေအားလျှပ်စစ်အကောင်အထည်ဖော်ရေးဦးစီးဌာန',23,NULL,NULL),(198,'လျှပ်စစ်ဓာတ်အားထုတ်လုပ်ရေးလုပ်ငန်း',23,NULL,NULL),(199,'လျှပ်စစ်ဓာတ်အားဖြန့်ဖြူးရေးလုပ်ငန်း',23,NULL,NULL),(200,'ရန်ကုန်လျှပ်စစ်ဓာတ်အားပေးရေးကော်ပိုရေးရှင်း',23,NULL,NULL),(201,'မန္တလေးလျှပ်စစ်ဓာတ်အားပေးရေးကော်ပိုရေးရှင်း',23,NULL,NULL),(202,'ရေအားလျှပ်စစ်စီမံရေးဦးစီးဌာန',23,NULL,NULL),(203,'ရေနံနှင့်သဘာဝဓာတ်ငွေ့စီမံရေးဦးစီးဌာန',24,NULL,NULL),(204,'ရေနံထွက်ပစ္စည်းကြီးကြပ်စစ်ဆေးရေးဦးစီးဌာန',24,NULL,NULL),(205,'မြန်မာ့ရေနံနှင့်သဘာဝဓာတ်ငွေ့လုပ်ငန်း',24,NULL,NULL),(206,'မြန်မာ့ရေနံဓာတုဗေဒလုပ်ငန်း',24,NULL,NULL),(207,'ဝန်ကြီးရုံး(စွမ်းအင်)',24,NULL,NULL),(208,'လျှပ်စစ်စွမ်းအားဦးစီးဌာန',24,NULL,NULL),(209,'စွမ်းအင်စီမံရေးဦးစီးဌာန',24,NULL,NULL),(210,'ရေနံနှင့်ရေနံထွက်ပစ္စည်းရောင်းဝယ်ရေးလုပ်ငန်း',24,NULL,NULL),(211,'မြန်မာ့ရေနံထွက်ပစ္စည်းရောင်း၀ယ်ရေးလုပ်ငန်း',24,NULL,NULL),(212,'စက်မှုပူးပေါင်းဆောင်ရွက်ရေးဦးစီးဌာန',25,NULL,NULL),(213,'စက်မှုကြီးကြပ်ရေးနှင့်စစ်ဆေးရေးဦးစီးဌာန',25,NULL,NULL),(214,'အမှတ်(၁)အကြီးစားစက်မှုလုပ်ငန်း',25,NULL,NULL),(215,'အမှတ်(၂)အကြီးစားစက်မှုလုပ်ငန်း',25,NULL,NULL),(216,'အမှတ်(၃)အကြီးစားစက်မှုလုပ်ငန်း',25,NULL,NULL),(217,'မြန်မာ့ဆေးဝါးလုပ်ငန်း',25,NULL,NULL),(218,'လူဝင်မှုကြီးကြပ်ရေးဦးစီးဌာန',26,NULL,NULL),(219,'အမျိုးသားမှတ်ပုံတင်နှင့်နိုင်ငံသားဦးစီးဌာန',26,NULL,NULL),(220,'ပြည်သူ့အင်အားဦးစီးဌာန',26,NULL,NULL),(221,'အီလက်ထရောနစ်မှတ်ပုံတင်စနစ်ဦးစီးဌာန',26,NULL,NULL),(222,'ကချင်ပြည်နယ်ဦးစီးမှူးရုံး',26,NULL,NULL),(223,'ကယားပြည်နယ်ဦးစီးမှူးရုံး',26,NULL,NULL),(224,'ကရင်ပြည်နယ်ဦးစီးမှူးရုံး',26,NULL,NULL),(225,'ချင်းပြည်နယ်ဦးစီးမှူးရုံး',26,NULL,NULL),(226,'စစ်ကိုင်းတိုင်းဒေသကြီးဦးစီးမှူးရုံး',26,NULL,NULL),(227,'တနင်္သာရီတိုင်းဒေသကြီးဦးစီးမှူးရုံး',26,NULL,NULL),(228,'ပဲခူးတိုင်းဒေသကြီးဦးစီးမှူးရုံး',26,NULL,NULL),(229,'မကွေးတိုင်းဒေသကြီးဦးစီးမှူးရုံး',26,NULL,NULL),(230,'မန္တလေးတိုင်းဒေသကြီးဦးစီးမှူးရုံး',26,NULL,NULL),(231,'မွန်ပြည်နယ်ဦးစီးမှူးရုံး',26,NULL,NULL),(232,'ရခိုင်ပြည်နယ်ဦးစီးမှူးရုံး',26,NULL,NULL),(233,'ရန်ကုန်တိုင်းဒေသကြီးဦးစီးမှူးရုံး',26,NULL,NULL),(234,'ရှမ်းပြည်နယ်ဦးစီးမှူးရုံး',26,NULL,NULL),(235,'ဧရာဝတီတိုင်းဒေသကြီးဦးစီးမှူးရုံး',26,NULL,NULL),(236,'ပြည်ထောင်စုနယ်မြေဦးစီးမှူးရုံး',26,NULL,NULL),(237,'သင်တန်းကျောင်း',26,NULL,NULL),(238,'ရှမ်းပြည်နယ်(မြောက်ပိုင်း)ဒုတိယပြည်နယ်ဦးစီးမှူးရုံး',26,NULL,NULL),(239,'ရှမ်းပြည်နယ်(အရှေ့ပိုင်း)ဒုတိယပြည်နယ်ဦးစီးမှူးရုံး',26,NULL,NULL),(240,'အလုပ်သမားညွှန်ကြားရေးဦးစီးဌာန',27,NULL,NULL),(241,'လူမှုဖူလုံရေးအဖွဲ့',27,NULL,NULL),(242,'အလုပ်ရုံနှင့်အလုပ်သမားဥပဒေစစ်ဆေးရေးဦးစီးဌာန',27,NULL,NULL),(243,'အလုပ်သမားရေးရာဆက်ဆံရေးဦးစီးဌာန',27,NULL,NULL),(244,'ကုန်သွယ်ရေးဦးစီးဌာန',28,NULL,NULL),(245,'စားသုံးသူရေးရာဦးစီးဌာန',28,NULL,NULL),(246,'မြန်မာကုန်သွယ်မှုမြှင့်တင်ရေးအဖွဲ့',28,NULL,NULL),(247,'မူပိုင်ခွင့်ဦးစီးဌာန',28,NULL,NULL),(248,'အဆင့်မြင့်ပညာဦးစီးဌာန',29,NULL,NULL),(249,'ဆရာအတတ်ပညာဦးစီးဌာန',29,NULL,NULL),(250,'ပညာရေးသုတေသန၊စီမံကိန်းနှင့်လေ့ကျင့်ရေးဦးစီးဌာန',29,NULL,NULL),(251,'အခြေခံပညာဦးစီးဌာန',29,NULL,NULL),(252,'မြန်မာနိုင်ငံစာစစ်ဦးစီးဌာန',29,NULL,NULL),(253,'မြန်မာနိုင်ငံတိုင်းရင်းသားဘာသာစကားဦးစီးဌာန',29,NULL,NULL),(254,'ကျောင်းပြင်ပနှင့်တစ်သက်တာပညာရေးဦးစီးဌာန',29,NULL,NULL),(255,'လေ့လာဆန်းစစ်အကဲဖြတ်ရေးဦးစီးဌာန',29,NULL,NULL),(256,'Naypyitaw State Academy',29,NULL,NULL),(257,'နည်းပညာ၊ သက်မွေးပညာနှင့် လေ့ကျင့်ရေးဦးစီးဌာန',30,NULL,NULL),(258,'နည်းပညာမြှင့်တင်ရေးနှင့်ပူးပေါင်းဆောင်ရွက်ရေးဦးစီးဌာန',30,NULL,NULL),(259,'သုတေသနနှင့်တီထွင်ဆန်းသစ်မှုဦးစီးဌာန',30,NULL,NULL),(260,'အဆင့်မြင့်သိပ္ပံနှင့်နည်းပညာဦးစီးဌာန',30,NULL,NULL),(261,'အဏုမြူစွမ်းအင်ဦးစီးဌာန',30,NULL,NULL),(262,'ဇီဝနည်းပညာသုတေသနဦးစီးဌာန',30,NULL,NULL),(263,'ပြည်သူ့ကျန်းမာရေးဦးစီးဌာန',31,NULL,NULL),(264,'ကုသရေးဦးစီးဌာန',31,NULL,NULL),(265,'ကျန်းမာရေးလူ့စွမ်းအားအရင်းအမြစ်ဦးစီးဌာန',31,NULL,NULL),(266,'ဆေးသုတေသနဦးစီးဌာန',31,NULL,NULL),(267,'တိုင်းရင်းဆေးပညာဦးစီးဌာန',31,NULL,NULL),(268,'အစားအသောက်နှင့်ဆေးဝါးကွပ်ကဲရေးဦးစီးဌာန',31,NULL,NULL),(269,'အားကစားနှင့်ကာယပညာဦးစီးဌာန',32,NULL,NULL),(270,'လူငယ်ရေးရာဦးစီးဌာန',32,NULL,NULL),(271,'အဆောက်အဦဦးစီးဌာန',33,NULL,NULL),(272,'လမ်းဦးစီးဌာန',33,NULL,NULL),(273,'တံတားဦးစီးဌာန',33,NULL,NULL),(274,'မြို့ပြနှင့်အိမ်ရာဖွံ့ဖြိုးရေးဦးစီးဌာန',33,NULL,NULL),(275,'ပြည်သူ့ဆောက်လုပ်ရေးလုပ်ငန်း',33,NULL,NULL),(276,'လူမှုဝန်ထမ်းဦးစီးဌာန',34,NULL,NULL),(277,'ဘေးအန္တရာယ်ဆိုင်ရာစီမံခန့်ခွဲမှုဦးစီးဌာန',34,NULL,NULL),(278,'ပြန်လည်ထူထောင်ရေးဦးစီးဌာန',34,NULL,NULL),(279,'ဟိုတယ်နှင့်ခရီးသွားညွှန်ကြားမှုဦးစီးဌာန',35,NULL,NULL),(280,'တိုင်းရင်းသားစာပေနှင့်ယဉ်ကျေးမှုဦးစီးဌာန',36,NULL,NULL),(281,'တိုင်းရင်းသားအခွင့်အရေးများကာကွယ်စောင့်ရှောက်ရေးဦးစီးဌာန',36,NULL,NULL),(282,'ပြည်ထောင်စုစာရင်းစစ်ချုပ်ရုံးအဖွဲ့',37,NULL,NULL),(283,'စစ်ဆေးရေးဦးစီးဌာန',37,NULL,NULL),(284,'နည်းပညာဖွံ့ဖြိုးရေးနှင့်လေ့ကျင့်ရေးဦးစီးဌာန',37,NULL,NULL),(285,'စီမံရေးရာဦးစီးဌာန',37,NULL,NULL),(286,'တိုင်းဒေသကြီး/ပြည်နယ်စာရင်းစစ်ချု်ပရုံးများ',37,NULL,NULL),(287,'ဒေသစာရင်းစစ်ရုံးများ',37,NULL,NULL),(288,'ဥက္ကဋ္ဌရုံးအဖွဲ့',38,NULL,NULL),(289,'ဝန်ထမ်းရေးရာဦးစီးဌာန',38,NULL,NULL),(290,'ဝန်ထမ်းရွေးချယ်လေ့ကျင့်ရေးဦးစီးဌာန',38,NULL,NULL),(291,'နိုင်ငံ့ဝန်ထမ်းတက္ကသိုလ်(အောက်မြန်မာပြည်)',38,NULL,NULL),(292,'နိုင်ငံ့ဝန်ထမ်းတက္ကသိုလ်(အထက်မြန်မာပြည်)',38,NULL,NULL),(293,' ဥက္ကဋ္ဌရုံး',39,NULL,NULL),(294,'ပြည်နယ်စည်ပင်သာယာရေးအဖွဲ့',40,NULL,NULL),(295,'ပြည်နယ်ကုန်တင်ကုန်ချကော်မတီရုံး',40,NULL,NULL),(296,'ရုပ်ရှင်မြှင့်တင်ရေးဦးစီးဌာန',40,NULL,NULL),(297,'ချင်းပြည်နယ်စည်ပင်သာယာရေးအဖွဲ့',43,NULL,NULL),(298,'ဟားခါးမြို့နယ်စည်ပင်သာယာရေးအဖွဲ့',43,NULL,NULL),(299,'ဖလမ်း၊ မင်းတပ်၊ မတူပီမြို့နယ်စည်ပင်သာယာရေးအဖွဲ့',43,NULL,NULL),(300,'ကန်ပက်လက်၊ တီးတိန်၊ တွန်းဇံ၊ ထန်တလန်၊ ပလက်ဝမြို့နယ်စည်ပင်သာယာရေးအဖွဲ့',43,NULL,NULL),(301,'ရိခေါဒါရ်၊ ကျီခါး၊ ခိုင်ကမ်း၊ ဆမီး၊ ရေဇွာ၊ လိုင်လင်းပီ၊ မကွီအိမ်နူး၊ နှာရိန်၊ ဝေဘူလ၊ ဆူရ်ခွါး၊ ကျင်ဒွေး မြို့စည်ပင်သာယာရေးအဖွဲ့',43,NULL,NULL),(302,'တိုင်းဒေသကြီးစည်ပင်သာယာရေးအဖွဲ့',44,NULL,NULL),(303,'မြန်မာ့ရုပ်ရှင်မြှင့်တင်ရေးဦးစီးဌာန',44,NULL,NULL),(304,'တိုင်းဒေသကြီးကုန်တင်ကုန်ချကော်မတီရုံး',44,NULL,NULL),(305,'ရွှေဘုံရတနာမင်္ဂလာနန်းတော်',44,NULL,NULL),(306,'တနင်္သာရီတိုင်းဒေသကြီးအစိုးရအဖွဲ့',45,NULL,NULL),(307,'မန္တလေးမြို့တော်စည်ပင်သာယာရေးကော်မတီ',48,NULL,NULL),(308,'မွန်ပြည်နယ်စည်ပင်သာယာရေးအဖွဲ့',49,NULL,NULL),(309,'ပြည်နယ်ကုန်တင်ကုန်ချလုပ်ငန်းကြီးကြပ်ရေးကော်မတီရုံး',49,NULL,NULL),(310,'ရခိုင်ပြည်နယ်ကုန်တင်ကုန်ချကော်မတီရုံး',50,NULL,NULL),(311,'ရန်ကုန်မြို့တော်စည်ပင်သာယာရေးကော်မတီ',51,NULL,NULL),(312,'ရန်ကုန်တိုင်းဒေသကြီးကုန်တင်ကုန်ချကော်မတီရုံး',51,NULL,NULL),(313,'ရှမ်းပြည်နယ်စည်ပင်သာယာရေးဌာန',52,NULL,NULL),(314,'ရုပ်မြင်သံကြားထပ်ဆင့်လွှင့်စက်ရုံ',52,NULL,NULL),(315,'ညောင်ရွှေယဉ်ကျေးမှုပြတိုက်/  ယဉ်ကျေးမှုပြတိုက်(ညောင်ရွှေ)',52,NULL,NULL),(316,'ရှမ်းပြည်နယ်ကုန်တင်ကုန်ချကော်မတီရုံး',52,NULL,NULL),(317,'မြန်မာ့အသံနှင့်ရုပ်မြင်သံကြားပြုပြင်ထိန်းသိမ်းရေးဇုန်',52,NULL,NULL),(318,'ဧရာဝတီတိုင်းဒေသကြီးကုန်တင်ကုန်ချကော်မတီရုံး',53,NULL,NULL),(319,'စီမံခန့်ခွဲမှုနှင့်လူသားအရင်းအမြစ်ဖွံဖြိုးရေးဌာန/စီမံခန့်ခွဲမှုနှင့်လူသားအရင်းအမြစ်ဖွံဖြိုးရေးဌာနကြီး',54,NULL,NULL),(320,'ငွေကြေးမူဝါဒရေးရာနှင့်ဘဏ်လုပ်ငန်းဥပဒေစည်းမျဉ်းဌာန/ငွေကြေးမူဝါဒရေးရာနှင့်ဘဏ်လုပ်ငန်းဥပဒေစည်းမျဉ်းဌာနကြီး',54,NULL,NULL),(321,'ဘဏ်လုပ်ငန်းကြီးကြပ်စစ်ဆေးရေးဌာန/ဘဏ်လုပ်ငန်းကြီးကြပ်စစ်ဆေးရေးဌာနကြီး',54,NULL,NULL),(322,'နိုင်ငံခြားသုံးငွေစီမံခန့်ခွဲမှုဌာန/နိုင်ငံခြားသုံးငွေစီမံခန့်ခွဲမှုဌာနကြီး',54,NULL,NULL),(323,'စာရင်းဌာန/ စာရင်းဌာနကြီး',54,NULL,NULL),(324,'ငွေကြေးစီမံခန့်ခွဲမှုဌာန/ငွေကြေးစီမံခန့်ခွဲမှုဌာနကြီး',54,NULL,NULL),(325,'ဘဏ်တွင်းစာရင်းစစ်ဌာန',54,NULL,NULL),(326,'ဗဟိုဘဏ်',54,NULL,NULL),(327,'ကော်မရှင်ရုံးအဖွဲ့',55,NULL,NULL),(328,'နိုင်ငံတကာရေးရာနှင့်တားဆီးကာကွယ်ရေးဦးစီးဌာန',55,NULL,NULL),(329,'စုံစမ်းစစ်ဆေးရေးဦးစီးဌာန',55,NULL,NULL),(330,'အဂတိလိုက်စားမှုတိုက်ဖျက်ရေးကော်မရှင်',55,NULL,NULL),(331,'ကော်မရှင်အဖွဲ့ခွဲ',55,NULL,NULL),(332,'တားဆီးကာကွယ်ရေးနှင့်စုံစမ်းစစ်ဆေးရေးဦးစီးဌာန',55,NULL,NULL),(333,'မြို့တော်ဝန်ရုံး',56,NULL,NULL),(334,'စီမံရေးရာဌာန',56,NULL,NULL),(335,'ဘတ်ဂျက်နှင့်ငွေစာရင်းဌာန',56,NULL,NULL),(336,'စစ်ဆေးရေးဌာန',56,NULL,NULL),(337,'ညှိနှိုင်းဆောင်ရွက်ရေးဌာန',56,NULL,NULL),(338,'ရာပြတ်ဌာန',56,NULL,NULL),(339,'အခွန်ဌာန',56,NULL,NULL),(340,'ဈေးများဌာန',56,NULL,NULL),(341,'တိရစ္ဆာန်ဆေးကုနှင့်သားသတ်ရုံများဌာန',56,NULL,NULL),(342,'ပတ်ဝန်းကျင်ထိန်းသိမ်းရေးနှင့်သန့်ရှင်းရေးဌာန',56,NULL,NULL),(343,'အင်ဂျင်နီယာဌာန(လမ်းတံတား)',56,NULL,NULL),(344,'အင်ဂျင်နီယာဌာန(အဆောက်အအုံ)',56,NULL,NULL),(345,'အင်ဂျင်နီယာဌာန(ရေနှင့်သန့်ရှင်းမှု)',56,NULL,NULL),(346,'စက်ရုံနှင့်မော်တော်ယာဉ်ဌာန',56,NULL,NULL),(347,'ဗဟိုပစ္စည်းထိန်းဌာန',56,NULL,NULL),(348,'ပန်းဥယျာဉ်နှင့် အားကစားကွင်းများဌာန',56,NULL,NULL),(349,'ကျန်းမာရေးဌာန',56,NULL,NULL),(350,'လုံခြုံရေးနှင့်စည်းကမ်းထိန်းသိမ်းရေးဌာန',56,NULL,NULL),(351,'မြို့ပြစီမံကိန်းနှင့်မြေစီမံခန့်ခွဲမှုဌာန',56,NULL,NULL),(352,'ပြည်သူ့ဆက်ဆံရေးနှင့်ပြန်ကြားရေးဌာန',56,NULL,NULL),(353,'ထုတ်လုပ်ရေးဌာန',56,NULL,NULL),(354,'ဇမ္ဗူသီရိအထူးကုဆေးရုံကြီး',56,NULL,NULL),(355,'ဘိလပ်မြေစက်ရုံ(နေပြည်တော်)',56,NULL,NULL),(356,'အုတ်စက်ရုံ(နေပြည်တော်)',56,NULL,NULL),(357,'အင်ဂျင်နီယာဌာန(ရေနှင့်သန့်ရှင်းရေး)',56,NULL,NULL),(358,'MICC',56,NULL,NULL),(359,'ကော်မတီရုံး',57,NULL,NULL),(360,'ဘဏ္ဍာရေးနှင့်ငွေစာရင်းဌာန',57,NULL,NULL),(361,'အင်ဂျင်နီယာဌာန(လမ်းနှင့်တံတား)',57,NULL,NULL),(362,'အင်ဂျင်နီယာဌာန (အဆောက်အအုံ)',57,NULL,NULL),(363,'အင်ဂျင်နီယာဌာန(ရေစီးရေလာစီမံခန့်ခွဲမှု)',57,NULL,NULL),(364,'မြို့ပြပတ်ဝန်းကျင်ထိန်းသိမ်းရေးနှင့်သန့်ရှင်းရေးဌာန',57,NULL,NULL),(365,'ဈေးများနှင့်ကုန်စည်ပွဲရုံများဌာန',57,NULL,NULL),(366,'တိရစ္ဆာန်ဆေးကုနှင့်ထုတ်လုပ်ရေးဌာန',57,NULL,NULL),(367,'ယာဉ်ယန္တရားစီမံခန့်ခွဲရေးနှင့်ထိန်းသိမ်းရေးဌာန',57,NULL,NULL),(368,'မြို့ပြမြေစီမံခန့်ခွဲမှုဌာန',57,NULL,NULL),(369,'ပန်းဥယျာဉ်နှင့်အားကစားကွင်းများဌာန',57,NULL,NULL),(370,'ပြည်သူ့ကျန်းမာရေးဌာန',57,NULL,NULL),(371,'မြို့ပြစီမံကိန်းဌာန',57,NULL,NULL),(372,'လုံခြုံရေးနှင့် စည်းကမ်းထိန်းသိမ်းရေးဌာန',57,NULL,NULL),(373,'ကော်မတီရုံးအဖွဲ့',58,NULL,NULL),(374,'ဈေးနှင့်သားသတ်ဌာန',58,NULL,NULL),(375,'ဘဏ္ဍာရေးဌာန',58,NULL,NULL),(376,'သန့်ရှင်းရေးဌာန',58,NULL,NULL),(377,'ပန်းဥယျာဉ်နှင့်ကစားကွင်းများဌာန',58,NULL,NULL),(378,'ရေနှင့်သန့်ရှင်းမှုဌာန',58,NULL,NULL),(379,'အဆောက်အအုံနှင့်ကုန်ရုံဌာန',58,NULL,NULL),(380,'လမ်းတံတားဌာန',58,NULL,NULL),(381,'စိုက်ပျိုးရေးနှင့်မွေးမြူရေးဌာန',58,NULL,NULL),(7252,'ရင်းနှီးမြှုပ်နှံမှုနှင့်ကုမ္ပဏီများညွှန်ကြားမှုဦးစီးဌာန',59,'2025-01-28 01:32:36','2025-01-28 01:32:36'),(7253,'ရင်းနှီးမြှုပ်နှံမှုနှင့်ကုမ္ပဏီများညွှန်ကြားမှုဦးစီးဌာန',12,'2025-01-28 02:32:23','2025-01-28 02:32:23'),(7254,'မြန်မာ့လယ်ယာထွက်ကုန် ပစ္စည်းရောင်းဝယ်ရေးလုပ်ငန်း၊ ',28,'2025-01-30 02:42:29','2025-01-30 02:42:29'),(7255,'ဒုစစ်ရေယာဉ်မှူး၊ အမှတ် (၃၆) စစ်ရေယာဉ်စု၊ ',10,'2025-01-30 02:43:05','2025-01-30 02:43:05'),(7256,'ပြည်ထောင်စုဝန်ကြီးရုံး',28,'2025-01-30 02:51:52','2025-01-30 02:51:52'),(7257,'ဗဟိုစက်ပစ္စည်းစာရင်းအင်းနှင့်စစ်ဆေးရေး ဦးစီးဌာန',59,'2025-02-05 01:20:06','2025-02-06 00:57:27'),(7258,'ပြည်ထောင်စုဝန်ကြီးရုံး',59,'2025-02-05 01:20:29','2025-02-05 01:20:29'),(7259,'ပြည်ထောင်စုဝန်ကြီးရုံး',15,'2025-02-05 01:28:30','2025-02-05 01:28:30'),(7260,'နယ်စပ်ကုန်သွယ်ရေးဦးစီးဌာန၊ ',28,'2025-02-06 00:48:28','2025-02-06 00:48:28'),(7261,'ပြည်ထောင်စုဝန်ကြီးရုံး၊',28,'2025-02-06 00:48:57','2025-02-06 00:48:57'),(7263,'နိုင်ငံခြားစီးပွားဆက်သွယ်ရေး ဦးစီးဌာန ',59,'2025-02-06 01:01:51','2025-02-06 01:01:51'),(7264,'ဒြပ်ပစ္စည်းသိပ္ပံနှင့်ဒြပ်ပစ္စည်း အင်ဂျင်နီယာသုတေသနဌာန၊ ဓါတ်တော်၊ ',30,'2025-02-28 02:40:27','2025-02-28 02:40:27'),(7265,'နည်းပညာတက္ကသိုလ်(သန်လျင်)',30,'2025-02-28 02:43:10','2025-02-28 02:43:10'),(7266,'နည်းပညာတက္ကသိုလ်(ရတနာပုံဆိုင်ဘာစီးတီး)',30,'2025-02-28 02:43:43','2025-02-28 02:43:43'),(7267,'နည်းပညာတက္ကသိုလ်(မိတ္ထီလာ)',30,'2025-02-28 02:44:24','2025-02-28 02:44:24');
/*!40000 ALTER TABLE `departments` ENABLE KEYS */;
UNLOCK TABLES;

--
-- Table structure for table `depromotions`
--

DROP TABLE IF EXISTS `depromotions`;
/*!40101 SET @saved_cs_client     = @@character_set_client */;
/*!50503 SET character_set_client = utf8mb4 */;
CREATE TABLE `depromotions` (
  `id` bigint unsigned NOT NULL AUTO_INCREMENT,
  `staff_id` bigint unsigned DEFAULT NULL,
  `from_date` date DEFAULT NULL,
  `to_date` date DEFAULT NULL,
  `previous_rank_id` bigint unsigned DEFAULT NULL,
  `depromoted_rank_id` bigint unsigned DEFAULT NULL,
  `created_at` timestamp NULL DEFAULT NULL,
  `updated_at` timestamp NULL DEFAULT NULL,
  PRIMARY KEY (`id`),
  KEY `depromotions_previous_rank_id_foreign` (`previous_rank_id`),
  KEY `depromotions_depromoted_rank_id_foreign` (`depromoted_rank_id`),
  CONSTRAINT `depromotions_depromoted_rank_id_foreign` FOREIGN KEY (`depromoted_rank_id`) REFERENCES `ranks` (`id`) ON DELETE SET NULL,
  CONSTRAINT `depromotions_previous_rank_id_foreign` FOREIGN KEY (`previous_rank_id`) REFERENCES `ranks` (`id`) ON DELETE SET NULL
) ENGINE=InnoDB DEFAULT CHARSET=utf8mb4 COLLATE=utf8mb4_unicode_ci;
/*!40101 SET character_set_client = @saved_cs_client */;

--
-- Dumping data for table `depromotions`
--

LOCK TABLES `depromotions` WRITE;
/*!40000 ALTER TABLE `depromotions` DISABLE KEYS */;
/*!40000 ALTER TABLE `depromotions` ENABLE KEYS */;
UNLOCK TABLES;

--
-- Table structure for table `difficulty_levels`
--

DROP TABLE IF EXISTS `difficulty_levels`;
/*!40101 SET @saved_cs_client     = @@character_set_client */;
/*!50503 SET character_set_client = utf8mb4 */;
CREATE TABLE `difficulty_levels` (
  `id` bigint unsigned NOT NULL AUTO_INCREMENT,
  `name` varchar(255) CHARACTER SET utf8mb4 COLLATE utf8mb4_unicode_ci NOT NULL,
  `hardship_allowance` int NOT NULL,
  `created_at` timestamp NULL DEFAULT NULL,
  `updated_at` timestamp NULL DEFAULT NULL,
  PRIMARY KEY (`id`)
) ENGINE=InnoDB AUTO_INCREMENT=3 DEFAULT CHARSET=utf8mb4 COLLATE=utf8mb4_unicode_ci;
/*!40101 SET character_set_client = @saved_cs_client */;

--
-- Dumping data for table `difficulty_levels`
--

LOCK TABLES `difficulty_levels` WRITE;
/*!40000 ALTER TABLE `difficulty_levels` DISABLE KEYS */;
INSERT INTO `difficulty_levels` VALUES (1,'easy',0,'2024-12-12 22:33:18','2024-12-12 22:33:18'),(2,'hard',5000,'2024-12-12 22:33:18','2024-12-12 22:33:18');
/*!40000 ALTER TABLE `difficulty_levels` ENABLE KEYS */;
UNLOCK TABLES;

--
-- Table structure for table `districts`
--

DROP TABLE IF EXISTS `districts`;
/*!40101 SET @saved_cs_client     = @@character_set_client */;
/*!50503 SET character_set_client = utf8mb4 */;
CREATE TABLE `districts` (
  `id` bigint unsigned NOT NULL AUTO_INCREMENT,
  `name` varchar(255) CHARACTER SET utf8mb4 COLLATE utf8mb4_unicode_ci NOT NULL,
  `region_id` bigint unsigned DEFAULT NULL,
  `created_at` timestamp NULL DEFAULT NULL,
  `updated_at` timestamp NULL DEFAULT NULL,
  PRIMARY KEY (`id`),
  KEY `districts_region_id_foreign` (`region_id`),
  CONSTRAINT `districts_region_id_foreign` FOREIGN KEY (`region_id`) REFERENCES `regions` (`id`) ON DELETE SET NULL
) ENGINE=InnoDB AUTO_INCREMENT=127 DEFAULT CHARSET=utf8mb4 COLLATE=utf8mb4_unicode_ci;
/*!40101 SET character_set_client = @saved_cs_client */;

--
-- Dumping data for table `districts`
--

LOCK TABLES `districts` WRITE;
/*!40000 ALTER TABLE `districts` DISABLE KEYS */;
INSERT INTO `districts` VALUES (1,'လယ်ဝေး',1,'2024-12-12 22:33:18','2024-12-12 22:33:18'),(2,'ပျဥ်းမနား',1,'2024-12-12 22:33:18','2024-12-12 22:33:18'),(3,'ဥတ္တရ',1,'2024-12-12 22:33:18','2024-12-12 22:33:18'),(4,'ဇေယျာသီရိ',1,'2024-12-12 22:33:18','2024-12-12 22:33:18'),(5,'ပူတာအို',2,'2024-12-12 22:33:18','2024-12-12 22:33:18'),(6,'ဗန်းမော်',2,'2024-12-12 22:33:18','2024-12-12 22:33:18'),(7,'မိုးညှင်း',2,'2024-12-12 22:33:18','2024-12-12 22:33:18'),(8,'မြစ်ကြီးနား',2,'2024-12-12 22:33:18','2024-12-12 22:33:18'),(9,'တနိုင်း',2,'2024-12-12 22:33:18','2024-12-12 22:33:18'),(10,'ချီဖွေ',2,'2024-12-12 22:33:18','2024-12-12 22:33:18'),(11,'လွိုင်ကော်',3,'2024-12-12 22:33:18','2024-12-12 22:33:18'),(12,'ဒီးမော့ဆို',3,'2024-12-12 22:33:18','2024-12-12 22:33:18'),(13,'ဘောလခဲ',3,'2024-12-12 22:33:18','2024-12-12 22:33:18'),(14,'မယ်စဲ့',3,'2024-12-12 22:33:18','2024-12-12 22:33:18'),(15,'ကော့ကရိတ်',4,'2024-12-12 22:33:18','2024-12-12 22:33:18'),(16,'ကြာအင်းဆိပ်ကြီး',4,'2024-12-12 22:33:18','2024-12-12 22:33:18'),(17,'ဖာပွန်',4,'2024-12-12 22:33:18','2024-12-12 22:33:18'),(18,'ဘားအံ',4,'2024-12-12 22:33:18','2024-12-12 22:33:18'),(19,'သံတောင်ကြီး',4,'2024-12-12 22:33:18','2024-12-12 22:33:18'),(20,'မြဝတီ',4,'2024-12-12 22:33:18','2024-12-12 22:33:18'),(21,'ဖလမ်း',5,'2024-12-12 22:33:18','2024-12-12 22:33:18'),(22,'တီးတိန်',5,'2024-12-12 22:33:18','2024-12-12 22:33:18'),(23,'မတူပီ',5,'2024-12-12 22:33:18','2024-12-12 22:33:18'),(24,'ပလက်ဝ',5,'2024-12-12 22:33:18','2024-12-12 22:33:18'),(25,'မင်းတပ်',5,'2024-12-12 22:33:18','2024-12-12 22:33:18'),(26,'ဟားခါး',5,'2024-12-12 22:33:18','2024-12-12 22:33:18'),(27,'နာဂ ကိုယ်ပိုင်အုပ်ချုပ်ခွင့်ရဒေသ',6,'2024-12-12 22:33:18','2024-12-12 22:33:18'),(28,'ကလေး',6,'2024-12-12 22:33:18','2024-12-12 22:33:18'),(29,'ကသာ',6,'2024-12-12 22:33:18','2024-12-12 22:33:18'),(30,'ကောလင်း',6,'2024-12-12 22:33:18','2024-12-12 22:33:18'),(31,'ကန့်ဘလူ',6,'2024-12-12 22:33:18','2024-12-12 22:33:18'),(32,'ခန္တီး',6,'2024-12-12 22:33:18','2024-12-12 22:33:18'),(33,'ဟုမ္မလင်း',6,'2024-12-12 22:33:18','2024-12-12 22:33:18'),(34,'စစ်ကိုင်း',6,'2024-12-12 22:33:18','2024-12-12 22:33:18'),(35,'တမူး',6,'2024-12-12 22:33:18','2024-12-12 22:33:18'),(36,'မုံရွာ',6,'2024-12-12 22:33:18','2024-12-12 22:33:18'),(37,'မော်လိုက်',6,'2024-12-12 22:33:18','2024-12-12 22:33:18'),(38,'ယင်းမာပြင်',6,'2024-12-12 22:33:18','2024-12-12 22:33:18'),(39,'ရွှေဘို',6,'2024-12-12 22:33:19','2024-12-12 22:33:19'),(40,'ရေဦး',6,'2024-12-12 22:33:19','2024-12-12 22:33:19'),(41,'ကော့သောင်း',7,'2024-12-12 22:33:19','2024-12-12 22:33:19'),(42,'ဘုတ်ပြင်း',7,'2024-12-12 22:33:19','2024-12-12 22:33:19'),(43,'ထားဝယ်',7,'2024-12-12 22:33:19','2024-12-12 22:33:19'),(44,'မြိတ်',7,'2024-12-12 22:33:19','2024-12-12 22:33:19'),(45,'တောင်ငူ',8,'2024-12-12 22:33:19','2024-12-12 22:33:19'),(46,'ပဲခူး',8,'2024-12-12 22:33:19','2024-12-12 22:33:19'),(47,'ညောင်လေးပင်',8,'2024-12-12 22:33:19','2024-12-12 22:33:19'),(48,'ပြည်',8,'2024-12-12 22:33:19','2024-12-12 22:33:19'),(49,'သာယာဝတီ',8,'2024-12-12 22:33:19','2024-12-12 22:33:19'),(50,'နတ်တလင်း',8,'2024-12-12 22:33:19','2024-12-12 22:33:19'),(51,'ဂန့်ဂေါ',9,'2024-12-12 22:33:19','2024-12-12 22:33:19'),(52,'ပခုက္ကူ',9,'2024-12-12 22:33:19','2024-12-12 22:33:19'),(53,'မကွေး',9,'2024-12-12 22:33:19','2024-12-12 22:33:19'),(54,'ချောက်',9,'2024-12-12 22:33:19','2024-12-12 22:33:19'),(55,'မင်းဘူး',9,'2024-12-12 22:33:19','2024-12-12 22:33:19'),(56,'သရက်',9,'2024-12-12 22:33:19','2024-12-12 22:33:19'),(57,'အောင်လံ',9,'2024-12-12 22:33:19','2024-12-12 22:33:19'),(58,'ကျောက်ဆည်',10,'2024-12-12 22:33:19','2024-12-12 22:33:19'),(59,'တံတားဦး',10,'2024-12-12 22:33:19','2024-12-12 22:33:19'),(60,'ညောင်ဦး',10,'2024-12-12 22:33:19','2024-12-12 22:33:19'),(61,'ပြင်ဦးလွင်',10,'2024-12-12 22:33:19','2024-12-12 22:33:19'),(62,'သပိတ်ကျင်း',10,'2024-12-12 22:33:19','2024-12-12 22:33:19'),(63,'မဟာအောင်မြေ',10,'2024-12-12 22:33:19','2024-12-12 22:33:19'),(64,'အောင်မြေသာဇံ',10,'2024-12-12 22:33:19','2024-12-12 22:33:19'),(65,'အမရပူရ',10,'2024-12-12 22:33:19','2024-12-12 22:33:19'),(66,'မိတ္ထီလာ',10,'2024-12-12 22:33:19','2024-12-12 22:33:19'),(67,'မြင်းခြံ',10,'2024-12-12 22:33:19','2024-12-12 22:33:19'),(68,'ရမည်းသင်း',10,'2024-12-12 22:33:19','2024-12-12 22:33:19'),(69,'မော်လမြိုင်',11,'2024-12-12 22:33:19','2024-12-12 22:33:19'),(70,'ရေး',11,'2024-12-12 22:33:19','2024-12-12 22:33:19'),(71,'သထုံ',11,'2024-12-12 22:33:19','2024-12-12 22:33:19'),(72,'ကျိုက်ထို',11,'2024-12-12 22:33:19','2024-12-12 22:33:19'),(73,'ကျောက်ဖြူ',12,'2024-12-12 22:33:19','2024-12-12 22:33:19'),(74,'အမ်း',12,'2024-12-12 22:33:19','2024-12-12 22:33:19'),(75,'စစ်တွေ',12,'2024-12-12 22:33:19','2024-12-12 22:33:19'),(76,'မောင်တော',12,'2024-12-12 22:33:19','2024-12-12 22:33:19'),(77,'မြောက်ဦး',12,'2024-12-12 22:33:19','2024-12-12 22:33:19'),(78,'သံတွဲ',12,'2024-12-12 22:33:19','2024-12-12 22:33:19'),(79,'တောင်ကုတ်',12,'2024-12-12 22:33:19','2024-12-12 22:33:19'),(80,'တိုက်ကြီး',13,'2024-12-12 22:33:19','2024-12-12 22:33:19'),(81,'လှည်းကူး',13,'2024-12-12 22:33:19','2024-12-12 22:33:19'),(82,'မှော်ဘီ',13,'2024-12-12 22:33:19','2024-12-12 22:33:19'),(83,'မင်္ဂလာဒုံ',13,'2024-12-12 22:33:19','2024-12-12 22:33:19'),(84,'အင်းစိန်',13,'2024-12-12 22:33:19','2024-12-12 22:33:19'),(85,'သင်္ဃန်းကျွန်း',13,'2024-12-12 22:33:19','2024-12-12 22:33:19'),(86,'ဗိုလ်တထောင်',13,'2024-12-12 22:33:19','2024-12-12 22:33:19'),(87,'ဒဂုံမြို့သစ်',13,'2024-12-12 22:33:19','2024-12-12 22:33:19'),(88,'သန်လျင်',13,'2024-12-12 22:33:19','2024-12-12 22:33:19'),(89,'တွံတေး',13,'2024-12-12 22:33:19','2024-12-12 22:33:19'),(90,'ကျောက်တံတား',13,'2024-12-12 22:33:19','2024-12-12 22:33:19'),(91,'အလုံ',13,'2024-12-12 22:33:19','2024-12-12 22:33:19'),(92,'မရမ်းကုန်း',13,'2024-12-12 22:33:19','2024-12-12 22:33:19'),(93,'ကမာရွတ်',13,'2024-12-12 22:33:19','2024-12-12 22:33:19'),(94,'မက်မန်း',14,'2024-12-12 22:33:19','2024-12-12 22:33:19'),(95,'ဟိုပန်',14,'2024-12-12 22:33:19','2024-12-12 22:33:19'),(96,'ဓနု(ကအဒ)',14,'2024-12-12 22:33:20','2024-12-12 22:33:20'),(97,'ပအိုင်း(ကအဒ)',14,'2024-12-12 22:33:20','2024-12-12 22:33:20'),(98,'ပလောင်(ကအဒ)',14,'2024-12-12 22:33:20','2024-12-12 22:33:20'),(99,'ကိုးကန့်(ကအဒ)',14,'2024-12-12 22:33:20','2024-12-12 22:33:20'),(100,'ကျောက်မဲ',14,'2024-12-12 22:33:20','2024-12-12 22:33:20'),(101,'ကျိုင်းတုံ',14,'2024-12-12 22:33:20','2024-12-12 22:33:20'),(102,'မိုင်းယန်း',14,'2024-12-12 22:33:20','2024-12-12 22:33:20'),(103,'မိုင်းလား',14,'2024-12-12 22:33:20','2024-12-12 22:33:20'),(104,'တာချီလိတ်',14,'2024-12-12 22:33:20','2024-12-12 22:33:20'),(105,'မိုင်းယောင်း',14,'2024-12-12 22:33:20','2024-12-12 22:33:20'),(106,'တောင်ကြီး',14,'2024-12-12 22:33:20','2024-12-12 22:33:20'),(107,'ကလော',14,'2024-12-12 22:33:20','2024-12-12 22:33:20'),(108,'မူဆယ်',14,'2024-12-12 22:33:20','2024-12-12 22:33:20'),(109,'ကွတ်ခိုင်',14,'2024-12-12 22:33:20','2024-12-12 22:33:20'),(110,'မိုးမိတ်',14,'2024-12-12 22:33:20','2024-12-12 22:33:20'),(111,'မိူင်းဆတ်',14,'2024-12-12 22:33:20','2024-12-12 22:33:20'),(112,'မိုင်းတုံ',14,'2024-12-12 22:33:20','2024-12-12 22:33:20'),(113,'လားရှိုး',14,'2024-12-12 22:33:20','2024-12-12 22:33:20'),(114,'တန့်ယန်း',14,'2024-12-12 22:33:20','2024-12-12 22:33:20'),(115,'လင်းခေး',14,'2024-12-12 22:33:20','2024-12-12 22:33:20'),(116,'လွိုင်လင်',14,'2024-12-12 22:33:20','2024-12-12 22:33:20'),(117,'နမ့်စန်',14,'2024-12-12 22:33:20','2024-12-12 22:33:20'),(118,'မိုင်းရှူး',14,'2024-12-12 22:33:20','2024-12-12 22:33:20'),(119,'ပုသိမ်',15,'2024-12-12 22:33:20','2024-12-12 22:33:20'),(120,'ကျုံပျော်',15,'2024-12-12 22:33:20','2024-12-12 22:33:20'),(121,'ဖျာပုံ',15,'2024-12-12 22:33:20','2024-12-12 22:33:20'),(122,'မအူပင်',15,'2024-12-12 22:33:20','2024-12-12 22:33:20'),(123,'မြောင်းမြ',15,'2024-12-12 22:33:20','2024-12-12 22:33:20'),(124,'လပွတ္တာ',15,'2024-12-12 22:33:20','2024-12-12 22:33:20'),(125,'ဟင်္သာတ',15,'2024-12-12 22:33:20','2024-12-12 22:33:20'),(126,'မြန်အောင်',15,'2024-12-12 22:33:20','2024-12-12 22:33:20');
/*!40000 ALTER TABLE `districts` ENABLE KEYS */;
UNLOCK TABLES;

--
-- Table structure for table `division_ranks`
--

DROP TABLE IF EXISTS `division_ranks`;
/*!40101 SET @saved_cs_client     = @@character_set_client */;
/*!50503 SET character_set_client = utf8mb4 */;
CREATE TABLE `division_ranks` (
  `id` bigint unsigned NOT NULL AUTO_INCREMENT,
  `division_id` bigint unsigned DEFAULT NULL,
  `rank_id` bigint unsigned DEFAULT NULL,
  `allowed_qty` int NOT NULL DEFAULT '0',
  `created_at` timestamp NULL DEFAULT NULL,
  `updated_at` timestamp NULL DEFAULT NULL,
  PRIMARY KEY (`id`)
) ENGINE=InnoDB AUTO_INCREMENT=16 DEFAULT CHARSET=utf8mb4 COLLATE=utf8mb4_unicode_ci;
/*!40101 SET character_set_client = @saved_cs_client */;

--
-- Dumping data for table `division_ranks`
--

LOCK TABLES `division_ranks` WRITE;
/*!40000 ALTER TABLE `division_ranks` DISABLE KEYS */;
INSERT INTO `division_ranks` VALUES (1,23,6,10,'2025-01-16 03:29:38','2025-01-16 03:29:38'),(2,26,6,3,'2025-01-16 03:29:38','2025-01-16 03:29:38'),(3,20,6,4,'2025-01-16 03:29:38','2025-01-16 03:29:38'),(4,24,6,4,'2025-01-16 03:29:38','2025-01-16 03:29:38'),(5,21,6,4,'2025-01-16 03:29:38','2025-01-16 03:29:38'),(6,25,6,4,'2025-01-16 03:29:38','2025-01-16 03:29:38'),(7,16,6,4,'2025-01-16 03:29:38','2025-01-16 03:29:38'),(8,17,6,4,'2025-01-16 03:29:38','2025-01-16 03:29:38'),(9,14,6,4,'2025-01-16 03:29:38','2025-01-16 03:29:38'),(10,18,6,4,'2025-01-16 03:29:38','2025-01-16 03:29:38'),(11,19,6,4,'2025-01-16 03:29:38','2025-01-16 03:29:38'),(12,13,6,4,'2025-01-16 03:29:38','2025-01-16 03:29:38'),(13,12,6,4,'2025-01-16 03:29:38','2025-01-16 03:29:38'),(14,22,6,4,'2025-01-16 03:29:38','2025-01-16 03:29:38'),(15,15,6,4,'2025-01-16 03:29:38','2025-01-16 03:29:38');
/*!40000 ALTER TABLE `division_ranks` ENABLE KEYS */;
UNLOCK TABLES;

--
-- Table structure for table `division_types`
--

DROP TABLE IF EXISTS `division_types`;
/*!40101 SET @saved_cs_client     = @@character_set_client */;
/*!50503 SET character_set_client = utf8mb4 */;
CREATE TABLE `division_types` (
  `id` bigint unsigned NOT NULL AUTO_INCREMENT,
  `name` varchar(255) CHARACTER SET utf8mb4 COLLATE utf8mb4_unicode_ci NOT NULL,
  `created_at` timestamp NULL DEFAULT NULL,
  `updated_at` timestamp NULL DEFAULT NULL,
  PRIMARY KEY (`id`)
) ENGINE=InnoDB AUTO_INCREMENT=3 DEFAULT CHARSET=utf8mb4 COLLATE=utf8mb4_unicode_ci;
/*!40101 SET character_set_client = @saved_cs_client */;

--
-- Dumping data for table `division_types`
--

LOCK TABLES `division_types` WRITE;
/*!40000 ALTER TABLE `division_types` DISABLE KEYS */;
INSERT INTO `division_types` VALUES (1,'ရန်ကုန်ရုံးချုပ်','2024-12-12 22:33:18','2024-12-12 22:33:18'),(2,'တိုင်းဒေသကြီး/ပြည်နယ်','2024-12-12 22:33:18','2024-12-12 22:33:18');
/*!40000 ALTER TABLE `division_types` ENABLE KEYS */;
UNLOCK TABLES;

--
-- Table structure for table `divisions`
--

DROP TABLE IF EXISTS `divisions`;
/*!40101 SET @saved_cs_client     = @@character_set_client */;
/*!50503 SET character_set_client = utf8mb4 */;
CREATE TABLE `divisions` (
  `id` bigint unsigned NOT NULL AUTO_INCREMENT,
  `name` text CHARACTER SET utf8mb4 COLLATE utf8mb4_unicode_ci NOT NULL,
  `nick_name` text CHARACTER SET utf8mb4 COLLATE utf8mb4_unicode_ci NOT NULL,
  `division_type_id` bigint unsigned DEFAULT NULL,
  `department_id` bigint unsigned DEFAULT NULL,
  `sort_no` int DEFAULT NULL,
  `difficulty_level_id` bigint unsigned DEFAULT NULL,
  `created_at` timestamp NULL DEFAULT NULL,
  `updated_at` timestamp NULL DEFAULT NULL,
  PRIMARY KEY (`id`)
) ENGINE=InnoDB AUTO_INCREMENT=27 DEFAULT CHARSET=utf8mb4 COLLATE=utf8mb4_unicode_ci;
/*!40101 SET character_set_client = @saved_cs_client */;

--
-- Dumping data for table `divisions`
--

LOCK TABLES `divisions` WRITE;
/*!40000 ALTER TABLE `divisions` DISABLE KEYS */;
INSERT INTO `divisions` VALUES (1,'စီမံရေးနှင့် ငွေစာရင်းဌာနခွဲ','စီမံ',1,NULL,1,NULL,'2025-02-27 01:42:29','2025-02-27 01:42:29'),(2,'ရင်းနှီးမြှုပ်နှံမှုဌာနခွဲ(၁)','ရင်း-၁',1,NULL,2,NULL,'2025-02-27 01:42:29','2025-02-27 01:42:29'),(3,'ရင်းနှီးမြှုပ်နှံမှုဌာနခွဲ(၂)','ရင်း-၂',1,NULL,3,NULL,'2025-02-27 01:42:29','2025-02-27 01:42:29'),(4,'ရင်းနှီးမြှုပ်နှံမှုဌာနခွဲ(၃)','ရင်း-၃',1,NULL,4,NULL,'2025-02-27 01:42:29','2025-02-27 01:42:29'),(5,'ရင်းနှီးမြှုပ်နှံမှုဌာနခွဲ(၄)','ရင်း-၄',1,NULL,5,NULL,'2025-02-27 01:42:29','2025-02-27 01:42:29'),(6,'မူဝါဒနှင့်ဥပဒေဌာနခွဲ','မူဝါဒ',1,NULL,6,NULL,'2025-02-27 01:42:29','2025-02-27 01:42:29'),(7,'ရင်းနှီးမြှုပ်နှံမှုမြှင့်တင်ရေးဌာနခွဲ','ရင်းနှီးမြှင့်တင်',1,NULL,7,NULL,'2025-02-27 01:42:29','2025-02-27 01:42:29'),(8,'ရင်းနှီးမြှုပ်နှံမှုကြီးကြပ်ရေးဌာနခွဲ','ရင်းနှီးကြီးကြပ်',1,NULL,8,NULL,'2025-02-27 01:42:29','2025-02-27 01:42:29'),(9,'စီမံကိန်းနှင့် စာရင်းအင်းဌာနခွဲ','စီမံကိန်း',1,NULL,9,NULL,'2025-02-27 01:42:29','2025-02-27 01:42:29'),(10,'ကုမ္ပဏီရေးရာဌာနခွဲ','ကုမ္ပဏီ',1,NULL,10,NULL,'2025-02-27 01:42:29','2025-02-27 01:42:29'),(11,'လူ့စွမ်းအားအရင်းအမြစ်ဖွံ့ဖြိုးရေးနှင့် သုတေသနဌာနခွဲ','HR',1,NULL,11,NULL,'2025-02-27 01:42:29','2025-02-27 01:42:29'),(12,'ရန်ကုန်တိုင်းဒေသကြီးညွှန်ကြားရေးမှုးရုံး','ရန်ကုန်',2,NULL,13,NULL,'2025-02-27 01:42:29','2025-02-27 01:42:29'),(13,'နေပြည်တော်တိုင်းဒေသကြီးညွှန်ကြားရေးမှုးရုံး','နေပြည်တော်',2,NULL,14,NULL,'2025-02-27 01:42:29','2025-02-27 01:42:29'),(14,'မန္တလေးတိုင်းဒေသကြီးညွှန်ကြားရေးမှုးရုံး','မန္တလေး',2,NULL,15,NULL,'2025-02-27 01:42:29','2025-02-27 01:42:29'),(15,'ရှမ်းပြည်နယ်ညွှန်ကြားရေးမှုးရုံး','ရှမ်း',2,NULL,16,NULL,'2025-02-27 01:42:29','2025-02-27 01:42:29'),(16,'မွန်ပြည်နယ်ညွှန်ကြားရေးမှုးရုံး','မွန်',2,NULL,17,NULL,'2025-02-27 01:42:29','2025-02-27 01:42:29'),(17,'ဧရာဝတီတိုင်းဒေသကြီးညွှန်ကြားရေးမှုးရုံး','ဧရာဝတီ',2,NULL,18,NULL,'2025-02-27 01:42:29','2025-02-27 01:42:29'),(18,'စစ်ကိုင်းတိုင်းဒေသကြီးညွှန်ကြားရေးမှုးရုံး','စစ်ကိုင်း',2,NULL,19,NULL,'2025-02-27 01:42:29','2025-02-27 01:42:29'),(19,'တနင်္သာရီတိုင်းဒေသကြီးညွှန်ကြားရေးမှုးရုံး','တနင်္သာရီ',2,NULL,20,NULL,'2025-02-27 01:42:29','2025-02-27 01:42:29'),(20,'ကရင်ပြည်နယ်ညွှန်ကြားရေးမှုးရုံး','ကရင်',2,NULL,21,NULL,'2025-02-27 01:42:29','2025-02-27 01:42:29'),(21,'ပဲခူးတိုင်းဒေသကြီးညွှန်ကြားရေးမှုးရုံး','ပဲခူး',2,NULL,22,NULL,'2025-02-27 01:42:29','2025-02-27 01:42:29'),(22,'မကွေးတိုင်းဒေသကြီးညွှန်ကြားရေးမှုးရုံး','မကွေး',2,NULL,23,NULL,'2025-02-27 01:42:29','2025-02-27 01:42:29'),(23,'ကယားပြည်နယ်ညွှန်ကြားရေးမှုးရုံး','ကယား',2,NULL,24,NULL,'2025-02-27 01:42:29','2025-02-27 01:42:29'),(24,'ကချင်ပြည်နယ်ညွှန်ကြားရေးမှုးရုံး','ကချင်',2,NULL,25,NULL,'2025-02-27 01:42:29','2025-02-27 01:42:29'),(25,'ရခိုင်ပြည်နယ်ညွှန်ကြားရေးမှုးရုံး','ရခိုင်',2,NULL,26,NULL,'2025-02-27 01:42:29','2025-02-27 01:42:29'),(26,'ချင်းပြည်နယ်ညွှန်ကြားရေးမှုးရုံး','ချင်း',2,NULL,27,NULL,'2025-02-27 01:42:29','2025-02-27 01:42:29');
/*!40000 ALTER TABLE `divisions` ENABLE KEYS */;
UNLOCK TABLES;

--
-- Table structure for table `education`
--

DROP TABLE IF EXISTS `education`;
/*!40101 SET @saved_cs_client     = @@character_set_client */;
/*!50503 SET character_set_client = utf8mb4 */;
CREATE TABLE `education` (
  `id` bigint unsigned NOT NULL AUTO_INCREMENT,
  `name` varchar(255) CHARACTER SET utf8mb4 COLLATE utf8mb4_unicode_ci NOT NULL,
  `education_type_id` bigint unsigned DEFAULT NULL,
  `created_at` timestamp NULL DEFAULT NULL,
  `updated_at` timestamp NULL DEFAULT NULL,
  `education_group_id` bigint unsigned DEFAULT NULL,
  PRIMARY KEY (`id`),
  KEY `education_education_type_id_foreign` (`education_type_id`),
  KEY `education_education_group_id_foreign` (`education_group_id`),
  CONSTRAINT `education_education_group_id_foreign` FOREIGN KEY (`education_group_id`) REFERENCES `education_groups` (`id`) ON DELETE SET NULL,
  CONSTRAINT `education_education_type_id_foreign` FOREIGN KEY (`education_type_id`) REFERENCES `education_types` (`id`) ON DELETE SET NULL
) ENGINE=InnoDB AUTO_INCREMENT=674 DEFAULT CHARSET=utf8mb4 COLLATE=utf8mb4_unicode_ci;
/*!40101 SET character_set_client = @saved_cs_client */;

--
-- Dumping data for table `education`
--

LOCK TABLES `education` WRITE;
/*!40000 ALTER TABLE `education` DISABLE KEYS */;
INSERT INTO `education` VALUES (1,'Ph.D.(Env.S)',1,'2025-02-17 09:30:00','2025-02-17 09:30:00',1),(2,'Ph.D.(Myanmar)',1,'2025-02-17 09:30:00','2025-02-17 09:30:00',1),(3,'Ph.D.(Oriental Studies)',1,'2025-02-17 09:30:00','2025-02-17 09:30:00',1),(4,'Ph.D.(Philosophy)',1,'2025-02-17 09:30:00','2025-02-17 09:30:00',1),(5,'Ph.D.(Psychology)',1,'2025-02-17 09:30:00','2025-02-17 09:30:00',1),(6,'Ph.D.(English)',1,'2025-02-17 09:30:00','2025-02-17 09:30:00',1),(7,'Ph.D.(Geography)',1,'2025-02-17 09:30:00','2025-02-17 09:30:00',1),(8,'Ph.D.(Law)',1,'2025-02-17 09:30:00','2025-02-17 09:30:00',1),(9,'Ph.D.(Library and Information Studies)',1,'2025-02-17 09:30:00','2025-02-17 09:30:00',1),(10,'Ph.D.(Anthropology)',1,'2025-02-17 09:30:00','2025-02-17 09:30:00',1),(11,'Ph.D.(Archaeology)',1,'2025-02-17 09:30:00','2025-02-17 09:30:00',1),(12,'Ph.D.(History)',1,'2025-02-17 09:30:00','2025-02-17 09:30:00',1),(13,'Ph.D.(Physics)',2,'2025-02-17 09:30:00','2025-02-17 09:30:00',1),(14,'Ph.D.(Geology)',2,'2025-02-17 09:30:00','2025-02-17 09:30:00',1),(15,'Ph.D.(Zoology)',2,'2025-02-17 09:30:00','2025-02-17 09:30:00',1),(16,'Ph.D.(Mathematics)',2,'2025-02-17 09:30:00','2025-02-17 09:30:00',1),(17,'Ph.D.(Botany)',2,'2025-02-17 09:30:00','2025-02-17 09:30:00',1),(18,'Ph.D.(Chemistry)',2,'2025-02-17 09:30:00','2025-02-17 09:30:00',1),(19,'Ph.D.(Apply Mathematics)',2,'2025-02-17 09:30:00','2025-02-17 09:30:00',1),(20,'Ph.D.(Nuclear Chemistry)',2,'2025-02-17 09:30:00','2025-02-17 09:30:00',1),(21,'Ph.D.(Marine Science)',2,'2025-02-17 09:30:00','2025-02-17 09:30:00',1),(22,'Ph.D.(Nuclear Physics)',2,'2025-02-17 09:30:00','2025-02-17 09:30:00',1),(23,'Ph.D.(Industrial Chemistry)',2,'2025-02-17 09:30:00','2025-02-17 09:30:00',1),(24,'Ph.D.(Chinese)',3,'2025-02-17 09:30:00','2025-02-17 09:30:00',1),(25,'Ph.D.(Commerce)',4,'2025-02-17 09:30:00','2025-02-17 09:30:00',1),(26,'Ph.D.(Economics)',4,'2025-02-17 09:30:00','2025-02-17 09:30:00',1),(27,'Ph.D.(Statistics)',4,'2025-02-17 09:30:00','2025-02-17 09:30:00',1),(28,'Ph.D (Civil)',5,'2025-02-17 09:30:00','2025-02-17 09:30:00',1),(29,'Ph.D (CSE)',5,'2025-02-17 09:30:00','2025-02-17 09:30:00',1),(30,'Ph.D (CWRE)',5,'2025-02-17 09:30:00','2025-02-17 09:30:00',1),(31,'Ph.D (CGE)',5,'2025-02-17 09:30:00','2025-02-17 09:30:00',1),(32,'Ph.D (CTE)',5,'2025-02-17 09:30:00','2025-02-17 09:30:00',1),(33,'Ph.D (CM)',5,'2025-02-17 09:30:00','2025-02-17 09:30:00',1),(34,'Ph.D (CCE)',5,'2025-02-17 09:30:00','2025-02-17 09:30:00',1),(35,'Ph.D (Nanoscience and Nanotechnology)',5,'2025-02-17 09:30:00','2025-02-17 09:30:00',1),(36,'Ph.D (Nanoscience)',5,'2025-02-17 09:30:00','2025-02-17 09:30:00',1),(37,'Ph.D (EE)',5,'2025-02-17 09:30:00','2025-02-17 09:30:00',1),(38,'Ph.D (IME)',5,'2025-02-17 09:30:00','2025-02-17 09:30:00',1),(39,'Ph.D (TFE)',5,'2025-02-17 09:30:00','2025-02-17 09:30:00',1),(40,'Ph.D (SSM)',5,'2025-02-17 09:30:00','2025-02-17 09:30:00',1),(41,'Ph.D (Mech)',5,'2025-02-17 09:30:00','2025-02-17 09:30:00',1),(42,'Ph.D (EP)',5,'2025-02-17 09:30:00','2025-02-17 09:30:00',1),(43,'Ph.D (EC)',5,'2025-02-17 09:30:00','2025-02-17 09:30:00',1),(44,'Ph.D (CEIT)',5,'2025-02-17 09:30:00','2025-02-17 09:30:00',1),(45,'Ph.D (McE)',5,'2025-02-17 09:30:00','2025-02-17 09:30:00',1),(46,'Ph.D (ChE)',5,'2025-02-17 09:30:00','2025-02-17 09:30:00',1),(47,'Ph.D (Tex)',5,'2025-02-17 09:30:00','2025-02-17 09:30:00',1),(48,'Ph.D (TF)',5,'2025-02-17 09:30:00','2025-02-17 09:30:00',1),(49,'Ph.D (Mn)',5,'2025-02-17 09:30:00','2025-02-17 09:30:00',1),(50,'Ph.D (PE)',5,'2025-02-17 09:30:00','2025-02-17 09:30:00',1),(51,'Ph.D (Petroleum Engineering)',5,'2025-02-17 09:30:00','2025-02-17 09:30:00',1),(52,'Ph.D (Arch)',5,'2025-02-17 09:30:00','2025-02-17 09:30:00',1),(53,'Ph.D (NT)',5,'2025-02-17 09:30:00','2025-02-17 09:30:00',1),(54,'Ph.D (Bio-T)',5,'2025-02-17 09:30:00','2025-02-17 09:30:00',1),(55,'Ph.D (IT)',5,'2025-02-17 09:30:00','2025-02-17 09:30:00',1),(56,'Ph.D (Electronics)',5,'2025-02-17 09:30:00','2025-02-17 09:30:00',1),(57,'Ph.D(Metallurgy)',5,'2025-02-17 09:30:00','2025-02-17 09:30:00',1),(58,'Ph.D(Mechatronics)',5,'2025-02-17 09:30:00','2025-02-17 09:30:00',1),(59,'Ph.D (Nuclear Engineering)',5,'2025-02-17 09:30:00','2025-02-17 09:30:00',1),(60,'Ph.D.(Computer Sciences)',6,'2025-02-17 09:30:00','2025-02-17 09:30:00',1),(61,'Doctor of Letters (Honoris Causa)(English)',7,'2025-02-17 09:30:00','2025-02-17 09:30:00',1),(62,'Doctor of Letters (Honoris Causa)(History)',7,'2025-02-17 09:30:00','2025-02-17 09:30:00',1),(63,'Doctor of Letters (Honoris Causa)(Myanmar)',7,'2025-02-17 09:30:00','2025-02-17 09:30:00',1),(64,'Doctor of Letters (Honoris Causa)(Zoology)',7,'2025-02-17 09:30:00','2025-02-17 09:30:00',1),(65,'Doctor of Letters (Honoris Causa)(Law)',7,'2025-02-17 09:30:00','2025-02-17 09:30:00',1),(66,'Doctor of Letters (Honoris Causa)(Mathematics)',7,'2025-02-17 09:30:00','2025-02-17 09:30:00',1),(67,'Doctor of Letters (Honoris Causa)(Oriental Studies)',7,'2025-02-17 09:30:00','2025-02-17 09:30:00',1),(68,'Doctor of Letters (Honoris Causa)(Philosophy)',7,'2025-02-17 09:30:00','2025-02-17 09:30:00',1),(69,'Doctor of Letters (Honoris Causa)(Psychology)',7,'2025-02-17 09:30:00','2025-02-17 09:30:00',1),(70,'Ph.D. in Management Specializing in Public Administration(e-Government)',8,'2025-02-17 09:30:00','2025-02-17 09:30:00',1),(71,'M.A (Myanmar)',1,'2025-02-17 09:30:00','2025-02-17 09:30:00',2),(72,'M.A (Myanmar Studies )',1,'2025-02-17 09:30:00','2025-02-17 09:30:00',2),(73,'M.A (Creative Writing )',1,'2025-02-17 09:30:00','2025-02-17 09:30:00',2),(74,'M.A (English )',1,'2025-02-17 09:30:00','2025-02-17 09:30:00',2),(75,'M.A (Geography)',1,'2025-02-17 09:30:00','2025-02-17 09:30:00',2),(76,'M.A ( History  )',1,'2025-02-17 09:30:00','2025-02-17 09:30:00',2),(77,'M.A (Philosophy )',1,'2025-02-17 09:30:00','2025-02-17 09:30:00',2),(78,'M.A (Psychology )',1,'2025-02-17 09:30:00','2025-02-17 09:30:00',2),(79,'M.A (Oriental Studies)',1,'2025-02-17 09:30:00','2025-02-17 09:30:00',2),(80,'M.A (International Relations)',1,'2025-02-17 09:30:00','2025-02-17 09:30:00',2),(81,'M.A (Anthropology )',1,'2025-02-17 09:30:00','2025-02-17 09:30:00',2),(82,'M.A (Archaeology )',1,'2025-02-17 09:30:00','2025-02-17 09:30:00',2),(83,'M.A (Painting )',1,'2025-02-17 09:30:00','2025-02-17 09:30:00',2),(84,'M.A (Sculpture )',1,'2025-02-17 09:30:00','2025-02-17 09:30:00',2),(85,'M.A (Cinematography & Drama )',1,'2025-02-17 09:30:00','2025-02-17 09:30:00',2),(86,'M.A (Music )',1,'2025-02-17 09:30:00','2025-02-17 09:30:00',2),(87,'M.A (Dramatic Arts )',1,'2025-02-17 09:30:00','2025-02-17 09:30:00',2),(88,'M.A (Business Science)',1,'2025-02-17 09:30:00','2025-02-17 09:30:00',2),(89,'Master of Science in Asia Pacific Studies',1,'2025-02-17 09:30:00','2025-02-17 09:30:00',2),(90,'M.A (TEFM)',1,'2025-02-17 09:30:00','2025-02-17 09:30:00',2),(91,'M.A Ed',1,'2025-02-17 09:30:00','2025-02-17 09:30:00',2),(92,'M.A SEAP Studies (SEAP)',1,'2025-02-17 09:30:00','2025-02-17 09:30:00',2),(93,'M.A (Defence Studies)',1,'2025-02-17 09:30:00','2025-02-17 09:30:00',2),(94,'M.A (Business Law)',1,'2025-02-17 09:30:00','2025-02-17 09:30:00',2),(95,'MEd (Educational Methodology)',1,'2025-02-17 09:30:00','2025-02-17 09:30:00',2),(96,'MEd (Education Theory)',1,'2025-02-17 09:30:00','2025-02-17 09:30:00',2),(97,'MPhil (English)',1,'2025-02-17 09:30:00','2025-02-17 09:30:00',2),(98,'Med (Educational Psychology)',1,'2025-02-17 09:30:00','2025-02-17 09:30:00',2),(99,'MPhil (Geography)',1,'2025-02-17 09:30:00','2025-02-17 09:30:00',2),(100,'Mphil (History)',1,'2025-02-17 09:30:00','2025-02-17 09:30:00',2),(101,'Mphil (Psychology)',1,'2025-02-17 09:30:00','2025-02-17 09:30:00',2),(102,'Mphil (Philosophy)',1,'2025-02-17 09:30:00','2025-02-17 09:30:00',2),(103,'Mphil (Myanmar)',1,'2025-02-17 09:30:00','2025-02-17 09:30:00',2),(104,'M.A (T.E.F.L)',1,'2025-02-17 09:30:00','2025-02-17 09:30:00',2),(105,'M.A (Policy Economic)',1,'2025-02-17 09:30:00','2025-02-17 09:30:00',2),(106,'M.A (IR)',1,'2025-02-17 09:30:00','2025-02-17 09:30:00',2),(107,'Master of Arts in International Relations',1,'2025-02-17 09:30:00','2025-02-17 09:30:00',2),(108,'Master of Arts in Public Management',1,'2025-02-17 09:30:00','2025-02-17 09:30:00',2),(109,'M.Sc (SE)',2,'2025-02-17 09:30:00','2025-02-17 09:30:00',2),(110,'M.Sc (Env.E)',2,'2025-02-17 09:30:00','2025-02-17 09:30:00',2),(111,'M.Sc (Env.M)',2,'2025-02-17 09:30:00','2025-02-17 09:30:00',2),(112,'M.Sc (GE)',2,'2025-02-17 09:30:00','2025-02-17 09:30:00',2),(113,'M.Sc (TE)',2,'2025-02-17 09:30:00','2025-02-17 09:30:00',2),(114,'M.Sc (RES)',2,'2025-02-17 09:30:00','2025-02-17 09:30:00',2),(115,'M.Sc (EcE)',2,'2025-02-17 09:30:00','2025-02-17 09:30:00',2),(116,'M.Sc (Tele)',2,'2025-02-17 09:30:00','2025-02-17 09:30:00',2),(117,'M.Sc (Forestry)',2,'2025-02-17 09:30:00','2025-02-17 09:30:00',2),(118,'M.Sc (Bio.MET)',2,'2025-02-17 09:30:00','2025-02-17 09:30:00',2),(119,'M.Sc (TFT)',2,'2025-02-17 09:30:00','2025-02-17 09:30:00',2),(120,'M.Sc (Electronics)',2,'2025-02-17 09:30:00','2025-02-17 09:30:00',2),(121,'M.S.(EAM)',2,'2025-02-17 09:30:00','2025-02-17 09:30:00',2),(122,'Mphil (Industrial Chemistry)',2,'2025-02-17 09:30:00','2025-02-17 09:30:00',2),(123,'M.Sc (Engg&Tech)',2,'2025-02-17 09:30:00','2025-02-17 09:30:00',2),(124,'Master of Science in Asia Pacific Studies',2,'2025-02-17 09:30:00','2025-02-17 09:30:00',2),(125,'Master of Management Science',2,'2025-02-17 09:30:00','2025-02-17 09:30:00',2),(126,'M.Sc (Apply Mathematics)',2,'2025-02-17 09:30:00','2025-02-17 09:30:00',2),(127,'M.S.(E.Geol)',2,'2025-02-17 09:30:00','2025-02-17 09:30:00',2),(128,'M.S.(Bio.T)',2,'2025-02-17 09:30:00','2025-02-17 09:30:00',2),(129,'M.Agr.Sc',2,'2025-02-17 09:30:00','2025-02-17 09:30:00',2),(130,'M.Comm.H',2,'2025-02-17 09:30:00','2025-02-17 09:30:00',2),(131,'M.I.Sc',2,'2025-02-17 09:30:00','2025-02-17 09:30:00',2),(132,'M.A.Sc',2,'2025-02-17 09:30:00','2025-02-17 09:30:00',2),(133,'M.Sc (Forest Product)',2,'2025-02-17 09:30:00','2025-02-17 09:30:00',2),(134,'M.Sc (Marine Science) ',2,'2025-02-17 09:30:00','2025-02-17 09:30:00',2),(135,'M.S.(Arc.Met)',2,'2025-02-17 09:30:00','2025-02-17 09:30:00',2),(136,'M.Sc (Geology)',2,'2025-02-17 09:30:00','2025-02-17 09:30:00',2),(137,'M.Sc (Biotechnology)',2,'2025-02-17 09:30:00','2025-02-17 09:30:00',2),(138,'M.Sc (Biochemistry)',2,'2025-02-17 09:30:00','2025-02-17 09:30:00',2),(139,'M.Sc (Industrial Chemistry)',2,'2025-02-17 09:30:00','2025-02-17 09:30:00',2),(140,'M.Sc (Engineering Geology)',2,'2025-02-17 09:30:00','2025-02-17 09:30:00',2),(141,'M.Sc (Development Economics)',2,'2025-02-17 09:30:00','2025-02-17 09:30:00',2),(142,'M.Sc (Mathematics)',2,'2025-02-17 09:30:00','2025-02-17 09:30:00',2),(143,'M.Sc (Microbiology)',2,'2025-02-17 09:30:00','2025-02-17 09:30:00',2),(144,'M.Sc (Physics)',2,'2025-02-17 09:30:00','2025-02-17 09:30:00',2),(145,'M.Sc (Zoology)',2,'2025-02-17 09:30:00','2025-02-17 09:30:00',2),(146,'M.Sc (Engineering Physics)',2,'2025-02-17 09:30:00','2025-02-17 09:30:00',2),(147,'M.Sc (Nuclear Physics)',2,'2025-02-17 09:30:00','2025-02-17 09:30:00',2),(148,'M.Sc (Industrial Chemistry)',2,'2025-02-17 09:30:00','2025-02-17 09:30:00',2),(149,'M.Sc (Engineering Mathematics)',2,'2025-02-17 09:30:00','2025-02-17 09:30:00',2),(150,'M.Sc (Environmental Studies)',2,'2025-02-17 09:30:00','2025-02-17 09:30:00',2),(151,'M.Sc (Botany)',2,'2025-02-17 09:30:00','2025-02-17 09:30:00',2),(152,'M.Sc (Chemistry)',2,'2025-02-17 09:30:00','2025-02-17 09:30:00',2),(153,'M.S.(Adapt.Met)',2,'2025-02-17 09:30:00','2025-02-17 09:30:00',2),(154,'M.Sc (Nuclear Chemistry)',2,'2025-02-17 09:30:00','2025-02-17 09:30:00',2),(155,'MPhil (Botany)',2,'2025-02-17 09:30:00','2025-02-17 09:30:00',2),(156,'B.Agr.Sc(Q)',2,'2025-02-17 09:30:00','2025-02-17 09:30:00',2),(157,'M.C.Sc (Thesis)',2,'2025-02-17 09:30:00','2025-02-17 09:30:00',2),(158,'M.A (French)',3,'2025-02-17 09:30:00','2025-02-17 09:30:00',2),(159,'M.A (German)',3,'2025-02-17 09:30:00','2025-02-17 09:30:00',2),(160,'M.A (Japanese)',3,'2025-02-17 09:30:00','2025-02-17 09:30:00',2),(161,'M.A (Russian)',3,'2025-02-17 09:30:00','2025-02-17 09:30:00',2),(162,'M.A (Chinese)',3,'2025-02-17 09:30:00','2025-02-17 09:30:00',2),(163,'M.A (Korean)',3,'2025-02-17 09:30:00','2025-02-17 09:30:00',2),(164,'M.A (Thai )',3,'2025-02-17 09:30:00','2025-02-17 09:30:00',2),(165,'M.A (English)YUFL',3,'2025-02-17 09:30:00','2025-02-17 09:30:00',2),(166,'M.A (English)MUFL',3,'2025-02-17 09:30:00','2025-02-17 09:30:00',2),(167,'M.Act',4,'2025-02-17 09:30:00','2025-02-17 09:30:00',2),(168,'MBF ',4,'2025-02-17 09:30:00','2025-02-17 09:30:00',2),(169,'MCom',4,'2025-02-17 09:30:00','2025-02-17 09:30:00',2),(170,'MDevs',4,'2025-02-17 09:30:00','2025-02-17 09:30:00',2),(171,'MPA',4,'2025-02-17 09:30:00','2025-02-17 09:30:00',2),(172,'EMPA',4,'2025-02-17 09:30:00','2025-02-17 09:30:00',2),(173,'EMBA (Executive Level Master of Business Administration)',4,'2025-02-17 09:30:00','2025-02-17 09:30:00',2),(174,'EMDevS',4,'2025-02-17 09:30:00','2025-02-17 09:30:00',2),(175,'M.Ecom(Statistics)',4,'2025-02-17 09:30:00','2025-02-17 09:30:00',2),(176,'M.Ecom(Economics)',4,'2025-02-17 09:30:00','2025-02-17 09:30:00',2),(177,'MPS',4,'2025-02-17 09:30:00','2025-02-17 09:30:00',2),(178,'MBA (Master of Business Administration)',4,'2025-02-17 09:30:00','2025-02-17 09:30:00',2),(179,'MBA (Master of Business Administration-UTCC)',4,'2025-02-17 09:30:00','2025-02-17 09:30:00',2),(180,'M.A (Library and Information Studies)',4,'2025-02-17 09:30:00','2025-02-17 09:30:00',2),(181,'Master in Management Science and Engineering',4,'2025-02-17 09:30:00','2025-02-17 09:30:00',2),(182,'Master of Public Policy and Management',4,'2025-02-17 09:30:00','2025-02-17 09:30:00',2),(183,'Master of National Economic',4,'2025-02-17 09:30:00','2025-02-17 09:30:00',2),(184,'Master of Accounting',4,'2025-02-17 09:30:00','2025-02-17 09:30:00',2),(185,'Master of Public Policy(Public Economics)',4,'2025-02-17 09:30:00','2025-02-17 09:30:00',2),(186,'Master of Economics Finance',4,'2025-02-17 09:30:00','2025-02-17 09:30:00',2),(187,'iMBA(Thesis)',4,'2025-02-17 09:30:00','2025-02-17 09:30:00',2),(188,'MPA(Thesis)',4,'2025-02-17 09:30:00','2025-02-17 09:30:00',2),(189,'M.E (Marine Electrical System and Electronics)',5,'2025-02-17 09:30:00','2025-02-17 09:30:00',2),(190,'M.E (Marine)',5,'2025-02-17 09:30:00','2025-02-17 09:30:00',2),(191,'M.E (Naval Architecture)',5,'2025-02-17 09:30:00','2025-02-17 09:30:00',2),(192,'M.E.(Mechatronics)',5,'2025-02-17 09:30:00','2025-02-17 09:30:00',2),(193,'M.E.(Min)',5,'2025-02-17 09:30:00','2025-02-17 09:30:00',2),(194,'M.E.(PE)',5,'2025-02-17 09:30:00','2025-02-17 09:30:00',2),(195,'M.E (Metallurgy)',5,'2025-02-17 09:30:00','2025-02-17 09:30:00',2),(196,'M.E.(Adapt.Met)',5,'2025-02-17 09:30:00','2025-02-17 09:30:00',2),(197,'M.E.(Ext.Met)',5,'2025-02-17 09:30:00','2025-02-17 09:30:00',2),(198,'M.E.(ChE)',5,'2025-02-17 09:30:00','2025-02-17 09:30:00',2),(199,'M.E.(NT)',5,'2025-02-17 09:30:00','2025-02-17 09:30:00',2),(200,'M.Arch',5,'2025-02-17 09:30:00','2025-02-17 09:30:00',2),(201,'M.E.(CEIT)',5,'2025-02-17 09:30:00','2025-02-17 09:30:00',2),(202,'M.Sc (Engg & Tech)',5,'2025-02-17 09:30:00','2025-02-17 09:30:00',2),(203,'Moscow Power Engineering Institute Moscow',5,'2025-02-17 09:30:00','2025-02-17 09:30:00',2),(204,'M.M.T.M',5,'2025-02-17 09:30:00','2025-02-17 09:30:00',2),(205,'M.S.(E.Geol)',5,'2025-02-17 09:30:00','2025-02-17 09:30:00',2),(206,'M.S.(Bio.T)',5,'2025-02-17 09:30:00','2025-02-17 09:30:00',2),(207,'M.E.(Civil)',5,'2025-02-17 09:30:00','2025-02-17 09:30:00',2),(208,'M.E.(CSE)',5,'2025-02-17 09:30:00','2025-02-17 09:30:00',2),(209,'M.E.(CWRE)',5,'2025-02-17 09:30:00','2025-02-17 09:30:00',2),(210,'M.E.(CGE)',5,'2025-02-17 09:30:00','2025-02-17 09:30:00',2),(211,'M.Comm.H',5,'2025-02-17 09:30:00','2025-02-17 09:30:00',2),(212,'M.E.(CTE)',5,'2025-02-17 09:30:00','2025-02-17 09:30:00',2),(213,'M.E.(McE)',5,'2025-02-17 09:30:00','2025-02-17 09:30:00',2),(214,'M.E.(Chemical)',5,'2025-02-17 09:30:00','2025-02-17 09:30:00',2),(215,'M.E.(Tex)',5,'2025-02-17 09:30:00','2025-02-17 09:30:00',2),(216,'M.E.(EI)',5,'2025-02-17 09:30:00','2025-02-17 09:30:00',2),(217,'M.Agr.Sc',5,'2025-02-17 09:30:00','2025-02-17 09:30:00',2),(218,'M.I.Sc',5,'2025-02-17 09:30:00','2025-02-17 09:30:00',2),(219,'M.A.Sc',5,'2025-02-17 09:30:00','2025-02-17 09:30:00',2),(220,'M.E.( Mechanical)',5,'2025-02-17 09:30:00','2025-02-17 09:30:00',2),(221,'M.E.(CM)',5,'2025-02-17 09:30:00','2025-02-17 09:30:00',2),(222,'M.E.(Mech)',5,'2025-02-17 09:30:00','2025-02-17 09:30:00',2),(223,'M.E.(EP)',5,'2025-02-17 09:30:00','2025-02-17 09:30:00',2),(224,'M.E.(EC)',5,'2025-02-17 09:30:00','2025-02-17 09:30:00',2),(225,'M.E.(IT)',5,'2025-02-17 09:30:00','2025-02-17 09:30:00',2),(226,'M.F.T',5,'2025-02-17 09:30:00','2025-02-17 09:30:00',2),(227,'M.E.(PV)',5,'2025-02-17 09:30:00','2025-02-17 09:30:00',2),(228,'M.E.(AV)',5,'2025-02-17 09:30:00','2025-02-17 09:30:00',2),(229,'M.E (Technology) MEPHI Institute, Moscow, (Russia)',5,'2025-02-17 09:30:00','2025-02-17 09:30:00',2),(230,'M.C.Sc',6,'2025-02-17 09:30:00','2025-02-17 09:30:00',2),(231,'M.C.Tech',6,'2025-02-17 09:30:00','2025-02-17 09:30:00',2),(232,'M.E.(CS)',6,'2025-02-17 09:30:00','2025-02-17 09:30:00',2),(233,'M.C.Sc.(SE)',6,'2025-02-17 09:30:00','2025-02-17 09:30:00',2),(234,'M.C.Sc.(BIS)',6,'2025-02-17 09:30:00','2025-02-17 09:30:00',2),(235,'M.C.Sc.(KE)',6,'2025-02-17 09:30:00','2025-02-17 09:30:00',2),(236,'M.C.Sc.(HPC)',6,'2025-02-17 09:30:00','2025-02-17 09:30:00',2),(237,'M.C.Sc.(CSF)',6,'2025-02-17 09:30:00','2025-02-17 09:30:00',2),(238,'M.C.Tech.(NWK)',6,'2025-02-17 09:30:00','2025-02-17 09:30:00',2),(239,'M.C.Tech.(ES,ES)',6,'2025-02-17 09:30:00','2025-02-17 09:30:00',2),(240,'M.Pharm',9,'2025-02-17 09:30:00','2025-02-17 09:30:00',2),(241,'M.M.T.M (Myanmar Traditional Medicine)',9,'2025-02-17 09:30:00','2025-02-17 09:30:00',2),(242,'MRes (Anthropology)',1,'2025-02-17 09:30:00','2025-02-17 09:30:00',5),(243,'MRes (Archaeology)',1,'2025-02-17 09:30:00','2025-02-17 09:30:00',5),(244,'MRes (Creative Writing)',1,'2025-02-17 09:30:00','2025-02-17 09:30:00',5),(245,'MRes (International Relations)',1,'2025-02-17 09:30:00','2025-02-17 09:30:00',5),(246,'MRes (Environmental Studies)',1,'2025-02-17 09:30:00','2025-02-17 09:30:00',5),(247,'MRes (Myanmar)',1,'2025-02-17 09:30:00','2025-02-17 09:30:00',5),(248,'MRes (English)',1,'2025-02-17 09:30:00','2025-02-17 09:30:00',5),(249,'MRes (Law)',1,'2025-02-17 09:30:00','2025-02-17 09:30:00',5),(250,'MRes (Philosophy)',1,'2025-02-17 09:30:00','2025-02-17 09:30:00',5),(251,'MRes (Psychology)',1,'2025-02-17 09:30:00','2025-02-17 09:30:00',5),(252,'MRes (History)',1,'2025-02-17 09:30:00','2025-02-17 09:30:00',5),(253,'MRes (Myanmar Studies)',1,'2025-02-17 09:30:00','2025-02-17 09:30:00',5),(254,'MRes (Librart and Information Studies)',1,'2025-02-17 09:30:00','2025-02-17 09:30:00',5),(255,'MRes (Oriental Studies)',1,'2025-02-17 09:30:00','2025-02-17 09:30:00',5),(256,'MRes (Nuclear Physics)',1,'2025-02-17 09:30:00','2025-02-17 09:30:00',5),(257,'MRes (Geography)',1,'2025-02-17 09:30:00','2025-02-17 09:30:00',5),(258,'MRes (Biotechnology)',2,'2025-02-17 09:30:00','2025-02-17 09:30:00',5),(259,'MRes (Biochemistry)',2,'2025-02-17 09:30:00','2025-02-17 09:30:00',5),(260,'MRes (Botany)',2,'2025-02-17 09:30:00','2025-02-17 09:30:00',5),(261,'MRes (Industrial Chemistry)',2,'2025-02-17 09:30:00','2025-02-17 09:30:00',5),(262,'MRes (Marine Science)',2,'2025-02-17 09:30:00','2025-02-17 09:30:00',5),(263,'MRes (Geology)',2,'2025-02-17 09:30:00','2025-02-17 09:30:00',5),(264,'MRes (Chemisty)',2,'2025-02-17 09:30:00','2025-02-17 09:30:00',5),(265,'MRes (Mathematics)',2,'2025-02-17 09:30:00','2025-02-17 09:30:00',5),(266,'MRes (Microbiology)',2,'2025-02-17 09:30:00','2025-02-17 09:30:00',5),(267,'MRes (Physics)',2,'2025-02-17 09:30:00','2025-02-17 09:30:00',5),(268,'MRes (Zoology)',2,'2025-02-17 09:30:00','2025-02-17 09:30:00',5),(269,'MRes (Nuclear Physics)',2,'2025-02-17 09:30:00','2025-02-17 09:30:00',5),(270,'MRes (Statistics)',2,'2025-02-17 09:30:00','2025-02-17 09:30:00',5),(271,'MRes (Computer Sciences)',6,'2025-02-17 09:30:00','2025-02-17 09:30:00',5),(272,'LL.M (Master International Economic Law)',10,'2025-02-17 09:30:00','2025-02-17 09:30:00',5),(273,'LL.M',10,'2025-02-17 09:30:00','2025-02-17 09:30:00',5),(274,'LL.M (Commercial)',10,'2025-02-17 09:30:00','2025-02-17 09:30:00',5),(275,'Master of Law',10,'2025-02-17 09:30:00','2025-02-17 09:30:00',5),(276,'B.A (Myanmar)Q',1,'2025-02-17 09:30:00','2025-02-17 09:30:00',6),(277,'B.A (Geog)Q',1,'2025-02-17 09:30:00','2025-02-17 09:30:00',6),(278,'B.A (Eco)Q',1,'2025-02-17 09:30:00','2025-02-17 09:30:00',6),(279,'B.Sc (Maths)Q',2,'2025-02-17 09:30:00','2025-02-17 09:30:00',6),(280,'B.Sc (Bot)Q',2,'2025-02-17 09:30:00','2025-02-17 09:30:00',6),(281,'B.Sc (Zool)Q',2,'2025-02-17 09:30:00','2025-02-17 09:30:00',6),(282,'B.Sc (Phys)Q',2,'2025-02-17 09:30:00','2025-02-17 09:30:00',6),(283,'B.Sc (Chem)Q',2,'2025-02-17 09:30:00','2025-02-17 09:30:00',6),(284,'B.Com(Q)',4,'2025-02-17 09:30:00','2025-02-17 09:30:00',6),(285,'B.Econ(Eco)Q',4,'2025-02-17 09:30:00','2025-02-17 09:30:00',6),(286,'B.BSC (Bachelor of Business Science) Q',4,'2025-02-17 09:30:00','2025-02-17 09:30:00',6),(287,'B.E (IT)Q',5,'2025-02-17 09:30:00','2025-02-17 09:30:00',6),(288,'B.E (Manufacturing Engineering)Q',5,'2025-02-17 09:30:00','2025-02-17 09:30:00',6),(289,'B.E (Mechanical)Q',5,'2025-02-17 09:30:00','2025-02-17 09:30:00',6),(290,'LL.B(Q)',10,'2025-02-17 09:30:00','2025-02-17 09:30:00',6),(291,'B.A (Myanmar )',1,'2025-02-17 09:30:00','2025-02-17 09:30:00',3),(292,'B.A (Myanmar Studies )',1,'2025-02-17 09:30:00','2025-02-17 09:30:00',3),(293,'B.A (Creative Writing )',1,'2025-02-17 09:30:00','2025-02-17 09:30:00',3),(294,'B.A (English )',1,'2025-02-17 09:30:00','2025-02-17 09:30:00',3),(295,'B.A (Geography)',1,'2025-02-17 09:30:00','2025-02-17 09:30:00',3),(296,'B.A ( History  )',1,'2025-02-17 09:30:00','2025-02-17 09:30:00',3),(297,'B.A (Philosophy )',1,'2025-02-17 09:30:00','2025-02-17 09:30:00',3),(298,'B.A (Psychology )',1,'2025-02-17 09:30:00','2025-02-17 09:30:00',3),(299,'B.A (Oriental Studies)',1,'2025-02-17 09:30:00','2025-02-17 09:30:00',3),(300,'B.A (International Relations)',1,'2025-02-17 09:30:00','2025-02-17 09:30:00',3),(301,'B.A (Anthropology )',1,'2025-02-17 09:30:00','2025-02-17 09:30:00',3),(302,'B.A (Archaeology )',1,'2025-02-17 09:30:00','2025-02-17 09:30:00',3),(303,'B.A (Painting )',1,'2025-02-17 09:30:00','2025-02-17 09:30:00',3),(304,'B.A (Sculpture )',1,'2025-02-17 09:30:00','2025-02-17 09:30:00',3),(305,'B.A (Cinematography & Drama )',1,'2025-02-17 09:30:00','2025-02-17 09:30:00',3),(306,'B.A (Music )',1,'2025-02-17 09:30:00','2025-02-17 09:30:00',3),(307,'B.A (Dramatic Arts )',1,'2025-02-17 09:30:00','2025-02-17 09:30:00',3),(308,'B.A (Business Science)',1,'2025-02-17 09:30:00','2025-02-17 09:30:00',3),(309,'BED',1,'2025-02-17 09:30:00','2025-02-17 09:30:00',3),(310,'BED (Correspondence)',1,'2025-02-17 09:30:00','2025-02-17 09:30:00',3),(311,'B.BSC (Bachelor of Business Science)',1,'2025-02-17 09:30:00','2025-02-17 09:30:00',3),(312,'B.A (DSA)',1,'2025-02-17 09:30:00','2025-02-17 09:30:00',3),(313,'B.A SEAP Studies (SEAP )',1,'2025-02-17 09:30:00','2025-02-17 09:30:00',3),(314,'B.A (IR)',1,'2025-02-17 09:30:00','2025-02-17 09:30:00',3),(315,'B.A (Art)',1,'2025-02-17 09:30:00','2025-02-17 09:30:00',3),(316,'B.Sc (Chemistry)',2,'2025-02-17 09:30:00','2025-02-17 09:30:00',3),(317,'B.Sc (Biochemistry)',2,'2025-02-17 09:30:00','2025-02-17 09:30:00',3),(318,'B.Sc (Physics)',2,'2025-02-17 09:30:00','2025-02-17 09:30:00',3),(319,'B.Sc (Meteorology)',2,'2025-02-17 09:30:00','2025-02-17 09:30:00',3),(320,'B.Sc (Nuclear Physics)',2,'2025-02-17 09:30:00','2025-02-17 09:30:00',3),(321,'B.Sc (Maths)',2,'2025-02-17 09:30:00','2025-02-17 09:30:00',3),(322,'B.Sc (Hydrology)',2,'2025-02-17 09:30:00','2025-02-17 09:30:00',3),(323,'B.Sc (Sport Science)',2,'2025-02-17 09:30:00','2025-02-17 09:30:00',3),(324,'B.Sc (Zoology)',2,'2025-02-17 09:30:00','2025-02-17 09:30:00',3),(325,'B.Sc (Biotechnology)',2,'2025-02-17 09:30:00','2025-02-17 09:30:00',3),(326,'B.Sc (Botany)',2,'2025-02-17 09:30:00','2025-02-17 09:30:00',3),(327,'B.Sc (Microbiology)',2,'2025-02-17 09:30:00','2025-02-17 09:30:00',3),(328,'B.Sc (Geology)',2,'2025-02-17 09:30:00','2025-02-17 09:30:00',3),(329,'B.Sc (Industrial Chemistry)',2,'2025-02-17 09:30:00','2025-02-17 09:30:00',3),(330,'B.Sc (Computer Sceience)',2,'2025-02-17 09:30:00','2025-02-17 09:30:00',3),(331,'B.Sc Eng (Informational Technology)',2,'2025-02-17 09:30:00','2025-02-17 09:30:00',3),(332,'B.Sc Eng (IT.EC Double Diploma)',2,'2025-02-17 09:30:00','2025-02-17 09:30:00',3),(333,'B.Sc Engineering (Cosmetic Technology)',2,'2025-02-17 09:30:00','2025-02-17 09:30:00',3),(334,'B.Sc (Environmental Studies)',2,'2025-02-17 09:30:00','2025-02-17 09:30:00',3),(335,'B.Sc (Environmental Science)',2,'2025-02-17 09:30:00','2025-02-17 09:30:00',3),(336,'B.Sc (Apply Mathematics)',2,'2025-02-17 09:30:00','2025-02-17 09:30:00',3),(337,'B.Sc (Nuclear Chemistry)',2,'2025-02-17 09:30:00','2025-02-17 09:30:00',3),(338,'B.Sc (Electronic)',2,'2025-02-17 09:30:00','2025-02-17 09:30:00',3),(339,'B.SC (Marine Science)',2,'2025-02-17 09:30:00','2025-02-17 09:30:00',3),(340,'B.Sc (Forestry)',2,'2025-02-17 09:30:00','2025-02-17 09:30:00',3),(341,'B.Sc (DSA)',2,'2025-02-17 09:30:00','2025-02-17 09:30:00',3),(342,'B.Sc (Nautical Science)',2,'2025-02-17 09:30:00','2025-02-17 09:30:00',3),(343,'B.Ag',2,'2025-02-17 09:30:00','2025-02-17 09:30:00',3),(344,'B.Agr.Sc',2,'2025-02-17 09:30:00','2025-02-17 09:30:00',3),(345,'B.A (Chinese)',3,'2025-02-17 09:30:00','2025-02-17 09:30:00',3),(346,'B.A (French)',3,'2025-02-17 09:30:00','2025-02-17 09:30:00',3),(347,'B.A (German)',3,'2025-02-17 09:30:00','2025-02-17 09:30:00',3),(348,'B.A (Japanese)',3,'2025-02-17 09:30:00','2025-02-17 09:30:00',3),(349,'B.A (Korean)',3,'2025-02-17 09:30:00','2025-02-17 09:30:00',3),(350,'B.A (Thai)',3,'2025-02-17 09:30:00','2025-02-17 09:30:00',3),(351,'B.A (Russian)',3,'2025-02-17 09:30:00','2025-02-17 09:30:00',3),(352,'B.A (English) YUFL',3,'2025-02-17 09:30:00','2025-02-17 09:30:00',3),(353,'B.A (English) MUFL',3,'2025-02-17 09:30:00','2025-02-17 09:30:00',3),(354,'B.A (Journalism)',4,'2025-02-17 09:30:00','2025-02-17 09:30:00',3),(355,'B.A (Economics)',4,'2025-02-17 09:30:00','2025-02-17 09:30:00',3),(356,'B.A (Home Economics)',4,'2025-02-17 09:30:00','2025-02-17 09:30:00',3),(357,'B.A (Library & Information Studies)',4,'2025-02-17 09:30:00','2025-02-17 09:30:00',3),(358,'B.A (Public Policy)',4,'2025-02-17 09:30:00','2025-02-17 09:30:00',3),(359,'B.A (Tourism)',4,'2025-02-17 09:30:00','2025-02-17 09:30:00',3),(360,'B.A (Business Law)',4,'2025-02-17 09:30:00','2025-02-17 09:30:00',3),(361,'B.A (EPP)',4,'2025-02-17 09:30:00','2025-02-17 09:30:00',3),(362,'B.A (Environment Studies)',4,'2025-02-17 09:30:00','2025-02-17 09:30:00',3),(363,'BTHM',4,'2025-02-17 09:30:00','2025-02-17 09:30:00',3),(364,'BCom (Commerce)',4,'2025-02-17 09:30:00','2025-02-17 09:30:00',3),(365,'BECon (Economic) ',4,'2025-02-17 09:30:00','2025-02-17 09:30:00',3),(366,'B.A (Business Management)',4,'2025-02-17 09:30:00','2025-02-17 09:30:00',3),(367,'BECon (Statistics)',4,'2025-02-17 09:30:00','2025-02-17 09:30:00',3),(368,'B.Act',4,'2025-02-17 09:30:00','2025-02-17 09:30:00',3),(369,'BB.A',4,'2025-02-17 09:30:00','2025-02-17 09:30:00',3),(370,'BPS',4,'2025-02-17 09:30:00','2025-02-17 09:30:00',3),(371,'BBM',4,'2025-02-17 09:30:00','2025-02-17 09:30:00',3),(372,'B.DevS',4,'2025-02-17 09:30:00','2025-02-17 09:30:00',3),(373,'BPA',4,'2025-02-17 09:30:00','2025-02-17 09:30:00',3),(374,'B.A (BM)',4,'2025-02-17 09:30:00','2025-02-17 09:30:00',3),(375,'B.Econ (Stats)',4,'2025-02-17 09:30:00','2025-02-17 09:30:00',3),(376,'B.E (Mechatronics)',5,'2025-02-17 09:30:00','2025-02-17 09:30:00',3),(377,'B.E (Chemical)',5,'2025-02-17 09:30:00','2025-02-17 09:30:00',3),(378,'B.E (EP)',5,'2025-02-17 09:30:00','2025-02-17 09:30:00',3),(379,'B.E (EC)',5,'2025-02-17 09:30:00','2025-02-17 09:30:00',3),(380,'B.E (Marine)',5,'2025-02-17 09:30:00','2025-02-17 09:30:00',3),(381,'B.E (Marine Electrical System and Electronics)',5,'2025-02-17 09:30:00','2025-02-17 09:30:00',3),(382,'B.E (Aerospace-Propulsion and Flight Vehicles)',5,'2025-02-17 09:30:00','2025-02-17 09:30:00',3),(383,'B.E (Aerospace-Avionics)',5,'2025-02-17 09:30:00','2025-02-17 09:30:00',3),(384,'B.E(Aerospace-Electrical System and Instrumentation)',5,'2025-02-17 09:30:00','2025-02-17 09:30:00',3),(385,'B.E (FP)',5,'2025-02-17 09:30:00','2025-02-17 09:30:00',3),(386,'B.E (SS)',5,'2025-02-17 09:30:00','2025-02-17 09:30:00',3),(387,'B.E (CE)',5,'2025-02-17 09:30:00','2025-02-17 09:30:00',3),(388,'B.E (MPA)',5,'2025-02-17 09:30:00','2025-02-17 09:30:00',3),(389,'B.E (MME)',5,'2025-02-17 09:30:00','2025-02-17 09:30:00',3),(390,'B.E (Bio-T)',5,'2025-02-17 09:30:00','2025-02-17 09:30:00',3),(391,'B.E (Hons) (CSE)',5,'2025-02-17 09:30:00','2025-02-17 09:30:00',3),(392,'B.E (NA)',5,'2025-02-17 09:30:00','2025-02-17 09:30:00',3),(393,'B.E (ME)',5,'2025-02-17 09:30:00','2025-02-17 09:30:00',3),(394,'B.E (PH)',5,'2025-02-17 09:30:00','2025-02-17 09:30:00',3),(395,'B.E (RC)',5,'2025-02-17 09:30:00','2025-02-17 09:30:00',3),(396,'B.E (MSE)',5,'2025-02-17 09:30:00','2025-02-17 09:30:00',3),(397,'B.E (Hons) (ECE)',5,'2025-02-17 09:30:00','2025-02-17 09:30:00',3),(398,'B.E (Civil)',5,'2025-02-17 09:30:00','2025-02-17 09:30:00',3),(399,'B.E (Meterials Science & Metallurgy)',5,'2025-02-17 09:30:00','2025-02-17 09:30:00',3),(400,'M.E (Technology) MEPHI Institute, Moscow,',5,'2025-02-17 09:30:00','2025-02-17 09:30:00',3),(401,'B.E (Mechanical)',5,'2025-02-17 09:30:00','2025-02-17 09:30:00',3),(402,'B.E (McE)',5,'2025-02-17 09:30:00','2025-02-17 09:30:00',3),(403,'B.E (IT)',5,'2025-02-17 09:30:00','2025-02-17 09:30:00',3),(404,'B.E (CEIT)',5,'2025-02-17 09:30:00','2025-02-17 09:30:00',3),(405,'B.E (Min)',5,'2025-02-17 09:30:00','2025-02-17 09:30:00',3),(406,'B.E (ChE)',5,'2025-02-17 09:30:00','2025-02-17 09:30:00',3),(407,'B.E (Textile)',5,'2025-02-17 09:30:00','2025-02-17 09:30:00',3),(408,'B.E (PE)',5,'2025-02-17 09:30:00','2025-02-17 09:30:00',3),(409,'B.E (Metallurgy)',5,'2025-02-17 09:30:00','2025-02-17 09:30:00',3),(410,'B.E (NT)',5,'2025-02-17 09:30:00','2025-02-17 09:30:00',3),(411,'B.E (Tele)',5,'2025-02-17 09:30:00','2025-02-17 09:30:00',3),(412,'B.E (FT)',5,'2025-02-17 09:30:00','2025-02-17 09:30:00',3),(413,'B.E (Agri)',5,'2025-02-17 09:30:00','2025-02-17 09:30:00',3),(414,'B.Arch',5,'2025-02-17 09:30:00','2025-02-17 09:30:00',3),(415,'B.E (PV)',5,'2025-02-17 09:30:00','2025-02-17 09:30:00',3),(416,'B.E (AV)',5,'2025-02-17 09:30:00','2025-02-17 09:30:00',3),(417,'B.E (EI)',5,'2025-02-17 09:30:00','2025-02-17 09:30:00',3),(418,'B.E. (Information Science and Technology)',5,'2025-02-17 09:30:00','2025-02-17 09:30:00',3),(419,'B.Tech.(Civil)',5,'2025-02-17 09:30:00','2025-02-17 09:30:00',3),(420,'B.Tech.(MP)',5,'2025-02-17 09:30:00','2025-02-17 09:30:00',3),(421,'B.Tech.(EP)',5,'2025-02-17 09:30:00','2025-02-17 09:30:00',3),(422,'B.Tech.(EC)',5,'2025-02-17 09:30:00','2025-02-17 09:30:00',3),(423,'B.Tech.(ME)',5,'2025-02-17 09:30:00','2025-02-17 09:30:00',3),(424,'B.E(Mechanical) Y.I.TAsean Engineer (A.F.E.O)',5,'2025-02-17 09:30:00','2025-02-17 09:30:00',3),(425,'Asean Engineer (A.F.E.O)',5,'2025-02-17 09:30:00','2025-02-17 09:30:00',3),(426,'B.C.Sc.(SE) ',6,'2025-02-17 09:30:00','2025-02-17 09:30:00',3),(427,'B.C.Sc.(KE)',6,'2025-02-17 09:30:00','2025-02-17 09:30:00',3),(428,'B.C.Tech.(NEW)',6,'2025-02-17 09:30:00','2025-02-17 09:30:00',3),(429,'B.C.Tech.(CS)',6,'2025-02-17 09:30:00','2025-02-17 09:30:00',3),(430,'B.C.Tech.(ESY)',6,'2025-02-17 09:30:00','2025-02-17 09:30:00',3),(431,'B.C.Tech.(CN)',6,'2025-02-17 09:30:00','2025-02-17 09:30:00',3),(432,'B.C.Sc.(BIS)',6,'2025-02-17 09:30:00','2025-02-17 09:30:00',3),(433,'B.C.Sc.(HPC)',6,'2025-02-17 09:30:00','2025-02-17 09:30:00',3),(434,'B.C.Sc.(CSF)',6,'2025-02-17 09:30:00','2025-02-17 09:30:00',3),(435,'B.C.Tech.(CSS)',6,'2025-02-17 09:30:00','2025-02-17 09:30:00',3),(436,'M.B.B.S',9,'2025-02-17 09:30:00','2025-02-17 09:30:00',3),(437,'B.D.S',9,'2025-02-17 09:30:00','2025-02-17 09:30:00',3),(438,'B.V.Sc',9,'2025-02-17 09:30:00','2025-02-17 09:30:00',3),(439,'B.Pharm',9,'2025-02-17 09:30:00','2025-02-17 09:30:00',3),(440,'B.M.T.M (Myanmar Traditional Medicine)',9,'2025-02-17 09:30:00','2025-02-17 09:30:00',3),(441,'B.Med.Tech (Medical Imaging Technology)',9,'2025-02-17 09:30:00','2025-02-17 09:30:00',3),(442,'B.Med.Tech (Physiotherapy)',9,'2025-02-17 09:30:00','2025-02-17 09:30:00',3),(443,'B.Med.Tech (Prosthetics & Orthetics)',9,'2025-02-17 09:30:00','2025-02-17 09:30:00',3),(444,'B.Med.Tech (Medical Laboratory Technology)',9,'2025-02-17 09:30:00','2025-02-17 09:30:00',3),(445,'B.N.Sc',9,'2025-02-17 09:30:00','2025-02-17 09:30:00',3),(446,'L.L.B (Law)',10,'2025-02-17 09:30:00','2025-02-17 09:30:00',3),(447,'L.L.B(Hons) (Law)',10,'2025-02-17 09:30:00','2025-02-17 09:30:00',3),(448,'L.L.M (Law)',10,'2025-02-17 09:30:00','2025-02-17 09:30:00',3),(449,'B.A(Hons)(Musics)',1,'2025-02-17 09:30:00','2025-02-17 09:30:00',7),(450,'B.A (Hons) (Myanmar )',1,'2025-02-17 09:30:00','2025-02-17 09:30:00',7),(451,'B.A (Hons) (Myanmar Studies)',1,'2025-02-17 09:30:00','2025-02-17 09:30:00',7),(452,'B.A (Hons) (Creative Writing)',1,'2025-02-17 09:30:00','2025-02-17 09:30:00',7),(453,'B.A (Hons) (English)',1,'2025-02-17 09:30:00','2025-02-17 09:30:00',7),(454,'B.A (Hons) (Geography)',1,'2025-02-17 09:30:00','2025-02-17 09:30:00',7),(455,'B.A (Hons) (History)',1,'2025-02-17 09:30:00','2025-02-17 09:30:00',7),(456,'B.A (Hons) (Philosophy)',1,'2025-02-17 09:30:00','2025-02-17 09:30:00',7),(457,'B.A (Hons) (Psychology)',1,'2025-02-17 09:30:00','2025-02-17 09:30:00',7),(458,'B.A (Hons) (Oriental Studies)',1,'2025-02-17 09:30:00','2025-02-17 09:30:00',7),(459,'B.A (Hons) (International Relations)',1,'2025-02-17 09:30:00','2025-02-17 09:30:00',7),(460,'B.A (Hons) (Anthropology)',1,'2025-02-17 09:30:00','2025-02-17 09:30:00',7),(461,'B.A (Hons) (Archaeology)',1,'2025-02-17 09:30:00','2025-02-17 09:30:00',7),(462,'B.A (Hons) (Painting)',1,'2025-02-17 09:30:00','2025-02-17 09:30:00',7),(463,'B.A (Hons) (Sculpture)',1,'2025-02-17 09:30:00','2025-02-17 09:30:00',7),(464,'B.A (Hons) (Cinematography & Drama)',1,'2025-02-17 09:30:00','2025-02-17 09:30:00',7),(465,'B.A (Hons) (Music)',1,'2025-02-17 09:30:00','2025-02-17 09:30:00',7),(466,'B.A (Hons) (Dramatic Arts)',1,'2025-02-17 09:30:00','2025-02-17 09:30:00',7),(467,'B.A (Hons) (Business Science)',1,'2025-02-17 09:30:00','2025-02-17 09:30:00',7),(468,'B.Sc(Hons) (Industrial Chemistry)',2,'2025-02-17 09:30:00','2025-02-17 09:30:00',7),(469,'B.Sc(Hons) (Environment Science)',2,'2025-02-17 09:30:00','2025-02-17 09:30:00',7),(470,'B.Sc(Hons) (Sport Science)',2,'2025-02-17 09:30:00','2025-02-17 09:30:00',7),(471,'B.Sc(Hons) (Biotechnology)',2,'2025-02-17 09:30:00','2025-02-17 09:30:00',7),(472,'B.Sc(Hons) (Zoology)',2,'2025-02-17 09:30:00','2025-02-17 09:30:00',7),(473,'B.Sc(Hons) (NS)',2,'2025-02-17 09:30:00','2025-02-17 09:30:00',7),(474,'B.Sc(Hons) (Hydrology)',2,'2025-02-17 09:30:00','2025-02-17 09:30:00',7),(475,'B.Sc(Hons) (Meteorodogy)',2,'2025-02-17 09:30:00','2025-02-17 09:30:00',7),(476,'B.Sc(Hons) (Nuclear Physics)',2,'2025-02-17 09:30:00','2025-02-17 09:30:00',7),(477,'B.Sc(Hons) (Computer Sciences)',2,'2025-02-17 09:30:00','2025-02-17 09:30:00',7),(478,'B.Sc(Hons) (Marine Science)',2,'2025-02-17 09:30:00','2025-02-17 09:30:00',7),(479,'B.Sc(Hons) (Biochemistry)',2,'2025-02-17 09:30:00','2025-02-17 09:30:00',7),(480,'B.Sc(Hons) (Botany)',2,'2025-02-17 09:30:00','2025-02-17 09:30:00',7),(481,'B.Sc(Hons) (Chemistry)',2,'2025-02-17 09:30:00','2025-02-17 09:30:00',7),(482,'B.Sc(Hons) (Geology)',2,'2025-02-17 09:30:00','2025-02-17 09:30:00',7),(483,'B.Sc(Hons) (Mathematics)',2,'2025-02-17 09:30:00','2025-02-17 09:30:00',7),(484,'B.Sc(Hons) (Microbiology)',2,'2025-02-17 09:30:00','2025-02-17 09:30:00',7),(485,'B.Sc(Hons) (Physics)',2,'2025-02-17 09:30:00','2025-02-17 09:30:00',7),(486,'BPS(Hons)',4,'2025-02-17 09:30:00','2025-02-17 09:30:00',7),(487,'BPA(Hons)',4,'2025-02-17 09:30:00','2025-02-17 09:30:00',7),(488,'Bdevs(Hons)',4,'2025-02-17 09:30:00','2025-02-17 09:30:00',7),(489,'BEcon(Hons) (Statistics)',4,'2025-02-17 09:30:00','2025-02-17 09:30:00',7),(490,'BEcon (Hons) (Economic)',4,'2025-02-17 09:30:00','2025-02-17 09:30:00',7),(491,'BECom (Hons) (Commerce)',4,'2025-02-17 09:30:00','2025-02-17 09:30:00',7),(492,'BBA(Hons)',4,'2025-02-17 09:30:00','2025-02-17 09:30:00',7),(493,'B.Acts(Hons)',4,'2025-02-17 09:30:00','2025-02-17 09:30:00',7),(494,'Dip; (ED)',1,'2025-02-17 09:30:00','2025-02-17 09:30:00',4),(495,'Dip; (Buddha Damma)',1,'2025-02-17 09:30:00','2025-02-17 09:30:00',4),(496,'Dip; (IL)',1,'2025-02-17 09:30:00','2025-02-17 09:30:00',4),(497,'Dip; EM',1,'2025-02-17 09:30:00','2025-02-17 09:30:00',4),(498,'Dip; (Apply Psychology)',1,'2025-02-17 09:30:00','2025-02-17 09:30:00',4),(499,'Dip; (Archaeology)',1,'2025-02-17 09:30:00','2025-02-17 09:30:00',4),(500,'Dip; (Social Work)',1,'2025-02-17 09:30:00','2025-02-17 09:30:00',4),(501,'PGD(Painting)',1,'2025-02-17 09:30:00','2025-02-17 09:30:00',4),(502,'PGD(PM)',1,'2025-02-17 09:30:00','2025-02-17 09:30:00',4),(503,'PGD(Museology)',1,'2025-02-17 09:30:00','2025-02-17 09:30:00',4),(504,'PGD(Dramatic Art)',1,'2025-02-17 09:30:00','2025-02-17 09:30:00',4),(505,'PGD(Music)',1,'2025-02-17 09:30:00','2025-02-17 09:30:00',4),(506,'PGD(Global English)',1,'2025-02-17 09:30:00','2025-02-17 09:30:00',4),(507,'Dip: Intellectual Property Law(DIPL)',1,'2025-02-17 09:30:00','2025-02-17 09:30:00',4),(508,'Dip. in Trade Policy',1,'2025-02-17 09:30:00','2025-02-17 09:30:00',4),(509,'Diploma in Human Resource Management',1,'2025-02-17 09:30:00','2025-02-17 09:30:00',4),(510,'Dip in Business Eng',1,'2025-02-17 09:30:00','2025-02-17 09:30:00',4),(511,'Dip; RS',1,'2025-02-17 09:30:00','2025-02-17 09:30:00',4),(512,'Dip; S',1,'2025-02-17 09:30:00','2025-02-17 09:30:00',4),(513,'Dip; SE',1,'2025-02-17 09:30:00','2025-02-17 09:30:00',4),(514,'Dip; (Anthropology)',1,'2025-02-17 09:30:00','2025-02-17 09:30:00',4),(515,'Dip; (Apply Geology)',1,'2025-02-17 09:30:00','2025-02-17 09:30:00',4),(516,'Dip; BL',1,'2025-02-17 09:30:00','2025-02-17 09:30:00',4),(517,'Dip; IL',1,'2025-02-17 09:30:00','2025-02-17 09:30:00',4),(518,'Dip; ELT',1,'2025-02-17 09:30:00','2025-02-17 09:30:00',4),(519,'Dip; (English)',1,'2025-02-17 09:30:00','2025-02-17 09:30:00',4),(520,'Dip; IR',1,'2025-02-17 09:30:00','2025-02-17 09:30:00',4),(521,'Dip; ES',1,'2025-02-17 09:30:00','2025-02-17 09:30:00',4),(522,'Dip; ELTM',1,'2025-02-17 09:30:00','2025-02-17 09:30:00',4),(523,'PGD(Applied Archaeology)',1,'2025-02-17 09:30:00','2025-02-17 09:30:00',4),(524,'Diploma in Maritime Law (DML)',1,'2025-02-17 09:30:00','2025-02-17 09:30:00',4),(525,'Dip in ELP',1,'2025-02-17 09:30:00','2025-02-17 09:30:00',4),(526,'Dip in Library Management',1,'2025-02-17 09:30:00','2025-02-17 09:30:00',4),(527,'Dip; (IR)',1,'2025-02-17 09:30:00','2025-02-17 09:30:00',4),(528,'Dip; (Law)',1,'2025-02-17 09:30:00','2025-02-17 09:30:00',4),(529,'Dip; (ML)',1,'2025-02-17 09:30:00','2025-02-17 09:30:00',4),(530,'Dip; (ELT)',1,'2025-02-17 09:30:00','2025-02-17 09:30:00',4),(531,'Dip; (GIS)',1,'2025-02-17 09:30:00','2025-02-17 09:30:00',4),(532,'Dip; (Library and Information Studies)',1,'2025-02-17 09:30:00','2025-02-17 09:30:00',4),(533,'Dip; (DPCS)',1,'2025-02-17 09:30:00','2025-02-17 09:30:00',4),(534,'Dip; (DTSM) (Myanmar)',1,'2025-02-17 09:30:00','2025-02-17 09:30:00',4),(535,'Dip; OS',1,'2025-02-17 09:30:00','2025-02-17 09:30:00',4),(536,'Dip; PS',1,'2025-02-17 09:30:00','2025-02-17 09:30:00',4),(537,'Dip; TSM',1,'2025-02-17 09:30:00','2025-02-17 09:30:00',4),(538,'Dip; Industrial Chemistry (Food Technology)',1,'2025-02-17 09:30:00','2025-02-17 09:30:00',4),(539,'Dip; APsy',1,'2025-02-17 09:30:00','2025-02-17 09:30:00',4),(540,'Adv Dip in Civil Service Management',1,'2025-02-17 09:30:00','2025-02-17 09:30:00',4),(541,'Dip in Civil Service Management',1,'2025-02-17 09:30:00','2025-02-17 09:30:00',4),(542,'Post Graduate Diploma in Research Studies',1,'2025-02-17 09:30:00','2025-02-17 09:30:00',4),(543,'Dip; (Apply Geology)',2,'2025-02-17 09:30:00','2025-02-17 09:30:00',4),(544,'Dip; (Apply Physics)',2,'2025-02-17 09:30:00','2025-02-17 09:30:00',4),(545,'Dip; (Geology)',2,'2025-02-17 09:30:00','2025-02-17 09:30:00',4),(546,'Dip in Environmental Management,',2,'2025-02-17 09:30:00','2025-02-17 09:30:00',4),(547,'PGD(Tele)',2,'2025-02-17 09:30:00','2025-02-17 09:30:00',4),(548,'PGD(Bio.MET)',2,'2025-02-17 09:30:00','2025-02-17 09:30:00',4),(549,'PGD(EIA/EMS)',2,'2025-02-17 09:30:00','2025-02-17 09:30:00',4),(550,'Dip; A.B.S',2,'2025-02-17 09:30:00','2025-02-17 09:30:00',4),(551,'Dip; (NS)',2,'2025-02-17 09:30:00','2025-02-17 09:30:00',4),(552,'Dip; (Mar.Tech)',2,'2025-02-17 09:30:00','2025-02-17 09:30:00',4),(553,'Dip; (Russian)',3,'2025-02-17 09:30:00','2025-02-17 09:30:00',4),(554,'Dip; (Thai)',3,'2025-02-17 09:30:00','2025-02-17 09:30:00',4),(555,'Dip; (English)',3,'2025-02-17 09:30:00','2025-02-17 09:30:00',4),(556,'Dip; (Chinese)',3,'2025-02-17 09:30:00','2025-02-17 09:30:00',4),(557,'Dip; (Japanese)',3,'2025-02-17 09:30:00','2025-02-17 09:30:00',4),(558,'Dip; (Korean)',3,'2025-02-17 09:30:00','2025-02-17 09:30:00',4),(559,'Dip; (French)',3,'2025-02-17 09:30:00','2025-02-17 09:30:00',4),(560,'Dip; (German)',3,'2025-02-17 09:30:00','2025-02-17 09:30:00',4),(561,'Dip; (Italian)',3,'2025-02-17 09:30:00','2025-02-17 09:30:00',4),(562,'Dip; (Myanmar)',3,'2025-02-17 09:30:00','2025-02-17 09:30:00',4),(563,'PGD(Russian)',3,'2025-02-17 09:30:00','2025-02-17 09:30:00',4),(564,'PGD(Korean)',3,'2025-02-17 09:30:00','2025-02-17 09:30:00',4),(565,'PGD(German)',3,'2025-02-17 09:30:00','2025-02-17 09:30:00',4),(566,'PGD(French)',3,'2025-02-17 09:30:00','2025-02-17 09:30:00',4),(567,'PGD(Chinese)',3,'2025-02-17 09:30:00','2025-02-17 09:30:00',4),(568,'PGD(Japanese)',3,'2025-02-17 09:30:00','2025-02-17 09:30:00',4),(569,'Dip; (BM)',4,'2025-02-17 09:30:00','2025-02-17 09:30:00',4),(570,'Dip; (BFI)',4,'2025-02-17 09:30:00','2025-02-17 09:30:00',4),(571,'Dip; (FM)',4,'2025-02-17 09:30:00','2025-02-17 09:30:00',4),(572,'Dip; (BA)',4,'2025-02-17 09:30:00','2025-02-17 09:30:00',4),(573,'PGD(MA)',4,'2025-02-17 09:30:00','2025-02-17 09:30:00',4),(574,'Dip BME',4,'2025-02-17 09:30:00','2025-02-17 09:30:00',4),(575,'D.S(Y.U)',4,'2025-02-17 09:30:00','2025-02-17 09:30:00',4),(576,'Dip in FA',4,'2025-02-17 09:30:00','2025-02-17 09:30:00',4),(577,'Dip; (MM)',4,'2025-02-17 09:30:00','2025-02-17 09:30:00',4),(578,'Dip; DS',4,'2025-02-17 09:30:00','2025-02-17 09:30:00',4),(579,'Dip; B',4,'2025-02-17 09:30:00','2025-02-17 09:30:00',4),(580,'CPA',4,'2025-02-17 09:30:00','2025-02-17 09:30:00',4),(581,'DA (Diploma in Accounting)',4,'2025-02-17 09:30:00','2025-02-17 09:30:00',4),(582,'Dip in Economic Studies',4,'2025-02-17 09:30:00','2025-02-17 09:30:00',4),(583,'Diploma in Statistics.',4,'2025-02-17 09:30:00','2025-02-17 09:30:00',4),(584,'Dip; (Management and Administration)',4,'2025-02-17 09:30:00','2025-02-17 09:30:00',4),(585,'Dip. in Trade Policy (NUS)',4,'2025-02-17 09:30:00','2025-02-17 09:30:00',4),(586,'Certificate of Legal Advocacy',4,'2025-02-17 09:30:00','2025-02-17 09:30:00',4),(587,'Post Graduate Diploma in Research Studies',4,'2025-02-17 09:30:00','2025-02-17 09:30:00',4),(588,'Post Graduate Diploma in PPA',4,'2025-02-17 09:30:00','2025-02-17 09:30:00',4),(589,'DES',4,'2025-02-17 09:30:00','2025-02-17 09:30:00',4),(590,'Dip in Management Accounting',4,'2025-02-17 09:30:00','2025-02-17 09:30:00',4),(591,'AGTI(Civil)',5,'2025-02-17 09:30:00','2025-02-17 09:30:00',4),(592,'AGTI(EC)',5,'2025-02-17 09:30:00','2025-02-17 09:30:00',4),(593,'AGTI(EP)',5,'2025-02-17 09:30:00','2025-02-17 09:30:00',4),(594,'AGTI(Mech)',5,'2025-02-17 09:30:00','2025-02-17 09:30:00',4),(595,'AGTI(IT)',5,'2025-02-17 09:30:00','2025-02-17 09:30:00',4),(596,'AGTI(IE)',5,'2025-02-17 09:30:00','2025-02-17 09:30:00',4),(597,'AGTI(FM)',5,'2025-02-17 09:30:00','2025-02-17 09:30:00',4),(598,'AGTI(ATM)',5,'2025-02-17 09:30:00','2025-02-17 09:30:00',4),(599,'AGTI(EEI)',5,'2025-02-17 09:30:00','2025-02-17 09:30:00',4),(600,'EGTI(EP)',5,'2025-02-17 09:30:00','2025-02-17 09:30:00',4),(601,'AGTI(MP)',5,'2025-02-17 09:30:00','2025-02-17 09:30:00',4),(602,'AGDI(MT&DE)',5,'2025-02-17 09:30:00','2025-02-17 09:30:00',4),(603,'AGDI(Electronic)',5,'2025-02-17 09:30:00','2025-02-17 09:30:00',4),(604,'AGDI(ME)',5,'2025-02-17 09:30:00','2025-02-17 09:30:00',4),(605,'AGDI(S&H)',5,'2025-02-17 09:30:00','2025-02-17 09:30:00',4),(606,'AGDI(Metallurgical Engineering)',5,'2025-02-17 09:30:00','2025-02-17 09:30:00',4),(607,'AGDI(Chem)',5,'2025-02-17 09:30:00','2025-02-17 09:30:00',4),(608,'Dip; (Mar.Tech)',5,'2025-02-17 09:30:00','2025-02-17 09:30:00',4),(609,'Dip; IT',5,'2025-02-17 09:30:00','2025-02-17 09:30:00',4),(610,'AGTI (Machine Tool and Design)',5,'2025-02-17 09:30:00','2025-02-17 09:30:00',4),(611,'GTHS(BT)',5,'2025-02-17 09:30:00','2025-02-17 09:30:00',4),(612,'GTHS(EcT)',5,'2025-02-17 09:30:00','2025-02-17 09:30:00',4),(613,'GTHS(ET)',5,'2025-02-17 09:30:00','2025-02-17 09:30:00',4),(614,'GTHS(AT)',5,'2025-02-17 09:30:00','2025-02-17 09:30:00',4),(615,'GTHS(MT)',5,'2025-02-17 09:30:00','2025-02-17 09:30:00',4),(616,'GTHS(BST)',5,'2025-02-17 09:30:00','2025-02-17 09:30:00',4),(617,'GTHS(MPT)',5,'2025-02-17 09:30:00','2025-02-17 09:30:00',4),(618,'GTHS(IT)',5,'2025-02-17 09:30:00','2025-02-17 09:30:00',4),(619,'AGTI(MT)',5,'2025-02-17 09:30:00','2025-02-17 09:30:00',4),(620,'Dip in Electrical',5,'2025-02-17 09:30:00','2025-02-17 09:30:00',4),(621,'Dip; C.Sc',6,'2025-02-17 09:30:00','2025-02-17 09:30:00',4),(622,'PGDCA',6,'2025-02-17 09:30:00','2025-02-17 09:30:00',4),(623,'Dip in Java programming,',6,'2025-02-17 09:30:00','2025-02-17 09:30:00',4),(624,'Dip in Advanced Computing၊',6,'2025-02-17 09:30:00','2025-02-17 09:30:00',4),(625,'(Diploma in Network Engineering) DNE',6,'2025-02-17 09:30:00','2025-02-17 09:30:00',4),(626,'Dip in Computer',6,'2025-02-17 09:30:00','2025-02-17 09:30:00',4),(627,'ပထမနှစ်(မြန်မာစာ)',11,'2025-02-17 09:30:00','2025-02-17 09:30:00',8),(628,'ဒုတိယနှစ် (ပထဝီဝင်)',11,'2025-02-17 09:30:00','2025-02-17 09:30:00',8),(629,'ပထမနှစ် (ပထဝီ)',11,'2025-02-17 09:30:00','2025-02-17 09:30:00',8),(630,'ဒုတိယနှစ်(စီးပွားစီမံ)',11,'2025-02-17 09:30:00','2025-02-17 09:30:00',8),(631,'ဒုတိယနှစ်(မြန်မာ)',11,'2025-02-17 09:30:00','2025-02-17 09:30:00',8),(632,'တတိယနှစ်',11,'2025-02-17 09:30:00','2025-02-17 09:30:00',8),(633,'စတုတ္ထနှစ်(သမိုင်း)',11,'2025-02-17 09:30:00','2025-02-17 09:30:00',8),(634,'စတုတ္ထနှစ်(ပထဝီဝင်)',11,'2025-02-17 09:30:00','2025-02-17 09:30:00',8),(635,'တတိယနှစ်(မြန်မာစာ)',11,'2025-02-17 09:30:00','2025-02-17 09:30:00',8),(636,'တတိယနှစ်(အင်္ဂလိပ်စာ)',11,'2025-02-17 09:30:00','2025-02-17 09:30:00',8),(637,'တတိယနှစ်(ပထဝီဝင်)',11,'2025-02-17 09:30:00','2025-02-17 09:30:00',8),(638,'ပထမနှစ် (Psycho)',11,'2025-02-17 09:30:00','2025-02-17 09:30:00',8),(639,'စတုတ္ထနှစ်(ရူပဗေဒ)',11,'2025-02-17 09:30:00','2025-02-17 09:30:00',8),(640,'ဒုတိယနှစ်(ဓါတုဗေဒ)',11,'2025-02-17 09:30:00','2025-02-17 09:30:00',8),(641,'တတိယနှစ်(ရူပဗေဒ)',11,'2025-02-17 09:30:00','2025-02-17 09:30:00',8),(642,'ပထမနှစ်(စီးပွားစီမံ)',11,'2025-02-17 09:30:00','2025-02-17 09:30:00',8),(643,'ဒုတိယနှစ်(သမိုင်း)',11,'2025-02-17 09:30:00','2025-02-17 09:30:00',8),(644,'စတုတ္ထနှစ်(ဥပဒေ)',11,'2025-02-17 09:30:00','2025-02-17 09:30:00',8),(645,'နောက်ဆုံးနှစ်(Chem)',11,'2025-02-17 09:30:00','2025-02-17 09:30:00',8),(646,'ဒုတိယနှစ်(Botany)',11,'2025-02-17 09:30:00','2025-02-17 09:30:00',8),(647,'First Year (Myanmar)',11,'2025-02-17 09:30:00','2025-02-17 09:30:00',8),(648,'ဒုတိယနှစ်(ရူပဗေဒ)',11,'2025-02-17 09:30:00','2025-02-17 09:30:00',8),(649,'စတုတ္ထနှစ်(Electrical Power)',11,'2025-02-17 09:30:00','2025-02-17 09:30:00',8),(650,'တတိယနှစ်(Chemistry)',11,'2025-02-17 09:30:00','2025-02-17 09:30:00',8),(651,'နောက်ဆုံးနှစ် (English)',11,'2025-02-17 09:30:00','2025-02-17 09:30:00',8),(652,'First Year (Maths)',11,'2025-02-17 09:30:00','2025-02-17 09:30:00',8),(653,'ပထမနှစ် (စိတ်ပညာ)',11,'2025-02-17 09:30:00','2025-02-17 09:30:00',8),(654,'တတိယနှစ်(သမိုင်း)',11,'2025-02-17 09:30:00','2025-02-17 09:30:00',8),(655,'First Year (Chem)',11,'2025-02-17 09:30:00','2025-02-17 09:30:00',8),(656,'ဒုတိယနှစ်(Eng)',11,'2025-02-17 09:30:00','2025-02-17 09:30:00',8),(657,'ဒုတိယနှစ်(အရှေ့တိုင်းပညာ)',11,'2025-02-17 09:30:00','2025-02-17 09:30:00',8),(658,'ဒုတိယနှစ်(သင်္ချာ)',11,'2025-02-17 09:30:00','2025-02-17 09:30:00',8),(659,'တတိယနှစ်(IC)',11,'2025-02-17 09:30:00','2025-02-17 09:30:00',8),(660,'Final Year (Geo)',11,'2025-02-17 09:30:00','2025-02-17 09:30:00',8),(661,'Fourth Year (Chem)',11,'2025-02-17 09:30:00','2025-02-17 09:30:00',8),(662,'၁ တန်းအောင်',12,'2025-02-17 09:30:00','2025-02-17 09:30:00',8),(663,'၂ တန်းအောင်',12,'2025-02-17 09:30:00','2025-02-17 09:30:00',8),(664,'၃ တန်းအောင်',12,'2025-02-17 09:30:00','2025-02-17 09:30:00',8),(665,'၄ တန်းအောင်',12,'2025-02-17 09:30:00','2025-02-17 09:30:00',8),(666,'၅ တန်းအောင်',13,'2025-02-17 09:30:00','2025-02-17 09:30:00',8),(667,'၆ တန်းအောင်',13,'2025-02-17 09:30:00','2025-02-17 09:30:00',8),(668,'၇ တန်းအောင်',13,'2025-02-17 09:30:00','2025-02-17 09:30:00',8),(669,'၈ တန်းအောင်',13,'2025-02-17 09:30:00','2025-02-17 09:30:00',8),(670,'၉ တန်းအောင်',14,'2025-02-17 09:30:00','2025-02-17 09:30:00',8),(671,'၁၀ တန်းအောင်',14,'2025-02-17 09:30:00','2025-02-17 09:30:00',8),(672,'၁၀ တန်းအောင် (ခ)',14,'2025-02-17 09:30:00','2025-02-17 09:30:00',8),(673,'ဦးစိုးမြင့်အောင်',2,'2025-02-24 00:40:11','2025-02-24 00:40:11',NULL);
/*!40000 ALTER TABLE `education` ENABLE KEYS */;
UNLOCK TABLES;

--
-- Table structure for table `education_groups`
--

DROP TABLE IF EXISTS `education_groups`;
/*!40101 SET @saved_cs_client     = @@character_set_client */;
/*!50503 SET character_set_client = utf8mb4 */;
CREATE TABLE `education_groups` (
  `id` bigint unsigned NOT NULL AUTO_INCREMENT,
  `name` varchar(255) CHARACTER SET utf8mb4 COLLATE utf8mb4_unicode_ci NOT NULL,
  `created_at` timestamp NULL DEFAULT NULL,
  `updated_at` timestamp NULL DEFAULT NULL,
  PRIMARY KEY (`id`)
) ENGINE=InnoDB AUTO_INCREMENT=9 DEFAULT CHARSET=utf8mb4 COLLATE=utf8mb4_unicode_ci;
/*!40101 SET character_set_client = @saved_cs_client */;

--
-- Dumping data for table `education_groups`
--

LOCK TABLES `education_groups` WRITE;
/*!40000 ALTER TABLE `education_groups` DISABLE KEYS */;
INSERT INTO `education_groups` VALUES (1,'ပါရဂူဘွဲ့ Ph.D.','2025-02-21 03:23:12','2025-02-21 03:23:12'),(2,'ဘွဲ့လွန်(မဟာ) ','2025-02-21 03:23:12','2025-02-21 03:23:12'),(3,'ဘွဲ့','2025-02-21 03:23:12','2025-02-21 03:23:12'),(4,'ဒီပလိုမာဘွဲ့','2025-02-21 03:23:12','2025-02-21 03:23:12'),(5,'M.Res','2025-02-21 03:23:12','2025-02-21 03:23:12'),(6,'Qualify','2025-02-21 03:23:12','2025-02-21 03:23:12'),(7,'ဘွဲ့လွန်ဂုဏ်ထူးတန်း','2025-02-21 03:23:12','2025-02-21 03:23:12'),(8,'အခြား','2025-02-21 03:23:12','2025-02-21 03:23:12');
/*!40000 ALTER TABLE `education_groups` ENABLE KEYS */;
UNLOCK TABLES;

--
-- Table structure for table `education_types`
--

DROP TABLE IF EXISTS `education_types`;
/*!40101 SET @saved_cs_client     = @@character_set_client */;
/*!50503 SET character_set_client = utf8mb4 */;
CREATE TABLE `education_types` (
  `id` bigint unsigned NOT NULL AUTO_INCREMENT,
  `name` varchar(255) CHARACTER SET utf8mb4 COLLATE utf8mb4_unicode_ci NOT NULL,
  `created_at` timestamp NULL DEFAULT NULL,
  `updated_at` timestamp NULL DEFAULT NULL,
  PRIMARY KEY (`id`)
) ENGINE=InnoDB AUTO_INCREMENT=19 DEFAULT CHARSET=utf8mb4 COLLATE=utf8mb4_unicode_ci;
/*!40101 SET character_set_client = @saved_cs_client */;

--
-- Dumping data for table `education_types`
--

LOCK TABLES `education_types` WRITE;
/*!40000 ALTER TABLE `education_types` DISABLE KEYS */;
INSERT INTO `education_types` VALUES (1,'ဝိဇ္ဇာဘွဲ့','2025-02-21 03:23:24','2025-02-21 03:26:47'),(2,'သိပ္ပံဘွဲ့','2025-02-21 03:23:24','2025-02-21 03:26:54'),(3,'နိုင်ငံခြားဘာသာဘွဲ့','2025-02-21 03:23:24','2025-02-21 03:23:24'),(4,'စီးပွားရေးဘွဲ့','2025-02-21 03:23:24','2025-02-21 03:23:24'),(5,'အင်ဂျင်နီယာဘွဲ့','2025-02-21 03:23:24','2025-02-21 03:23:24'),(6,'ကွန်ပျူတာသိပ္ပံဘွဲ့','2025-02-21 03:23:24','2025-02-21 03:23:24'),(7,'Doctor of Letters','2025-02-21 03:23:24','2025-02-21 03:23:24'),(8,'ပြည်သူ့ရေးရာစီမံခန့်ခွဲမှုပါရဂူဘွဲ့','2025-02-21 03:23:24','2025-02-21 03:23:24'),(9,'ဆေးဘက်ဆိုင်ရာဘွဲ့','2025-02-21 03:23:24','2025-02-21 03:23:24'),(10,'ဥပဒေဘွဲ့','2025-02-21 03:23:24','2025-02-21 03:23:24'),(11,'တက္ကသိုလ်တက်ရောက်ဆဲ','2025-02-21 03:23:24','2025-02-21 03:23:24'),(12,'မူလတန်း','2025-02-21 03:23:24','2025-02-21 03:23:24'),(13,'အလယ်တန်း','2025-02-21 03:23:24','2025-02-21 03:23:24'),(14,'အထက်တန်း','2025-02-21 03:23:24','2025-02-21 03:23:24'),(15,'မူလတန်းမှ အလယ်တန်းထိ','2025-02-23 22:05:54','2025-02-23 22:05:54'),(16,'မူလတန်းမှ အထက်တန်းထိ','2025-02-23 22:06:06','2025-02-23 22:06:06'),(17,'အလယ်တန်းမှ အထက်တန်းထိ','2025-02-23 22:06:12','2025-02-23 22:06:12'),(18,'သင်တန်းဆင်းအောင်လက်မှတ်','2025-02-26 01:55:17','2025-02-26 01:55:17');
/*!40000 ALTER TABLE `education_types` ENABLE KEYS */;
UNLOCK TABLES;

--
-- Table structure for table `ethnics`
--

DROP TABLE IF EXISTS `ethnics`;
/*!40101 SET @saved_cs_client     = @@character_set_client */;
/*!50503 SET character_set_client = utf8mb4 */;
CREATE TABLE `ethnics` (
  `id` bigint unsigned NOT NULL AUTO_INCREMENT,
  `name` varchar(255) CHARACTER SET utf8mb4 COLLATE utf8mb4_unicode_ci NOT NULL,
  `created_at` timestamp NULL DEFAULT NULL,
  `updated_at` timestamp NULL DEFAULT NULL,
  PRIMARY KEY (`id`)
) ENGINE=InnoDB AUTO_INCREMENT=141 DEFAULT CHARSET=utf8mb4 COLLATE=utf8mb4_unicode_ci;
/*!40101 SET character_set_client = @saved_cs_client */;

--
-- Dumping data for table `ethnics`
--

LOCK TABLES `ethnics` WRITE;
/*!40000 ALTER TABLE `ethnics` DISABLE KEYS */;
INSERT INTO `ethnics` VALUES (1,'ကချင်','2024-12-12 22:33:28','2024-12-12 22:33:28'),(2,'ထရုမ်း','2024-12-12 22:33:28','2024-12-12 22:33:28'),(3,'ဒလောင်','2024-12-12 22:33:28','2024-12-12 22:33:28'),(4,'ဂျိမ်းဖော','2024-12-12 22:33:28','2024-12-12 22:33:28'),(5,'ဂေါ်ရီ','2024-12-12 22:33:28','2024-12-12 22:33:28'),(6,'ခါ့ခူး','2024-12-12 22:33:28','2024-12-12 22:33:28'),(7,'ဒူးလင်း','2024-12-12 22:33:28','2024-12-12 22:33:28'),(8,'လော်ဝေါ်','2024-12-12 22:33:28','2024-12-12 22:33:28'),(9,'ရဝမ်','2024-12-12 22:33:28','2024-12-12 22:33:28'),(10,'လရှီ','2024-12-12 22:33:28','2024-12-12 22:33:28'),(11,'အဇီး','2024-12-12 22:33:28','2024-12-12 22:33:28'),(12,'လီဆူ','2024-12-12 22:33:28','2024-12-12 22:33:28'),(13,'ကယား','2024-12-12 22:33:28','2024-12-12 22:33:28'),(14,'ဇယိန်','2024-12-12 22:33:28','2024-12-12 22:33:28'),(15,'ကယန်း','2024-12-12 22:33:28','2024-12-12 22:33:28'),(16,'ဂေခို','2024-12-12 22:33:28','2024-12-12 22:33:28'),(17,'ဂေဘား','2024-12-12 22:33:28','2024-12-12 22:33:28'),(18,'ပရဲ','2024-12-12 22:33:28','2024-12-12 22:33:28'),(19,'မနူမနော','2024-12-12 22:33:28','2024-12-12 22:33:28'),(20,'ယင်းတလဲ','2024-12-12 22:33:28','2024-12-12 22:33:28'),(21,'ယင်းဘော်','2024-12-12 22:33:28','2024-12-12 22:33:28'),(22,'ကရင်','2024-12-12 22:33:28','2024-12-12 22:33:28'),(23,'ကရင်ဖြူ','2024-12-12 22:33:28','2024-12-12 22:33:28'),(24,'ပလေကီး','2024-12-12 22:33:28','2024-12-12 22:33:28'),(25,'မွန်ကရင်','2024-12-12 22:33:28','2024-12-12 22:33:28'),(26,'စကောကရင်','2024-12-12 22:33:28','2024-12-12 22:33:28'),(27,'တလှေပွာ','2024-12-12 22:33:28','2024-12-12 22:33:28'),(28,'ပကူး','2024-12-12 22:33:28','2024-12-12 22:33:28'),(29,'ဘွဲ','2024-12-12 22:33:28','2024-12-12 22:33:28'),(30,'မောနေပွား','2024-12-12 22:33:28','2024-12-12 22:33:28'),(31,'မိုးပွ','2024-12-12 22:33:28','2024-12-12 22:33:28'),(32,'ပိုးကရင်','2024-12-12 22:33:28','2024-12-12 22:33:28'),(33,'ချင်း','2024-12-12 22:33:28','2024-12-12 22:33:28'),(34,'ကသည်း','2024-12-12 22:33:28','2024-12-12 22:33:28'),(35,'ဆလိုင်း','2024-12-12 22:33:28','2024-12-12 22:33:28'),(36,'ကလင်ကော့','2024-12-12 22:33:28','2024-12-12 22:33:28'),(37,'ခမီ','2024-12-12 22:33:28','2024-12-12 22:33:28'),(38,'အဝခမီ','2024-12-12 22:33:28','2024-12-12 22:33:28'),(39,'ခေါနိုး','2024-12-12 22:33:28','2024-12-12 22:33:28'),(40,'ခေါင်စို','2024-12-12 22:33:28','2024-12-12 22:33:28'),(41,'ခေါင်ဆိုင်ချင်း','2024-12-12 22:33:28','2024-12-12 22:33:28'),(42,'ခွာဆင်းမ်','2024-12-12 22:33:28','2024-12-12 22:33:28'),(43,'ခွန်လီ','2024-12-12 22:33:28','2024-12-12 22:33:28'),(44,'ဂန်တဲ့','2024-12-12 22:33:28','2024-12-12 22:33:28'),(45,'ဂွေးတဲ','2024-12-12 22:33:28','2024-12-12 22:33:28'),(46,'ငွန်း','2024-12-12 22:33:28','2024-12-12 22:33:28'),(47,'ဆီစာန်','2024-12-12 22:33:28','2024-12-12 22:33:28'),(48,'ဆင်တန်','2024-12-12 22:33:28','2024-12-12 22:33:28'),(49,'ဆိုင်းဇန်','2024-12-12 22:33:28','2024-12-12 22:33:28'),(50,'ဇာဟောင်','2024-12-12 22:33:28','2024-12-12 22:33:28'),(51,'ဇိုတုံး','2024-12-12 22:33:28','2024-12-12 22:33:28'),(52,'ဇိုဖေ','2024-12-12 22:33:28','2024-12-12 22:33:28'),(53,'ဇို','2024-12-12 22:33:28','2024-12-12 22:33:28'),(54,'ဇန်ညှပ်','2024-12-12 22:33:28','2024-12-12 22:33:28'),(55,'တပေါင်','2024-12-12 22:33:28','2024-12-12 22:33:28'),(56,'တီးတိန်','2024-12-12 22:33:28','2024-12-12 22:33:28'),(57,'တေဇန်','2024-12-12 22:33:28','2024-12-12 22:33:28'),(58,'တိုင်ချွန်း','2024-12-12 22:33:28','2024-12-12 22:33:28'),(59,'တာ့ဒိုး','2024-12-12 22:33:28','2024-12-12 22:33:28'),(60,'တောရ်','2024-12-12 22:33:28','2024-12-12 22:33:28'),(61,'ဒင်မ်','2024-12-12 22:33:28','2024-12-12 22:33:28'),(62,'ဒိုင်','2024-12-12 22:33:28','2024-12-12 22:33:28'),(63,'နာဂ','2024-12-12 22:33:28','2024-12-12 22:33:28'),(64,'တန်ဒူး','2024-12-12 22:33:28','2024-12-12 22:33:28'),(65,'မာရင်','2024-12-12 22:33:28','2024-12-12 22:33:28'),(66,'ပနမ်း','2024-12-12 22:33:28','2024-12-12 22:33:28'),(67,'မကန်း','2024-12-12 22:33:28','2024-12-12 22:33:28'),(68,'မတူ','2024-12-12 22:33:28','2024-12-12 22:33:28'),(69,'မီရမ်','2024-12-12 22:33:28','2024-12-12 22:33:28'),(70,'မီအဲ','2024-12-12 22:33:28','2024-12-12 22:33:28'),(71,'မွင်း','2024-12-12 22:33:28','2024-12-12 22:33:28'),(72,'လူရှည်','2024-12-12 22:33:28','2024-12-12 22:33:28'),(73,'လေးမြို့','2024-12-12 22:33:28','2024-12-12 22:33:28'),(74,'လင်တဲ','2024-12-12 22:33:28','2024-12-12 22:33:28'),(75,'လောက်ထူ','2024-12-12 22:33:28','2024-12-12 22:33:28'),(76,'လိုင်','2024-12-12 22:33:28','2024-12-12 22:33:28'),(77,'လိုင်ဇို','2024-12-12 22:33:28','2024-12-12 22:33:28'),(78,'မြို','2024-12-12 22:33:28','2024-12-12 22:33:28'),(79,'ထမန်း','2024-12-12 22:33:28','2024-12-12 22:33:28'),(80,'အနူး','2024-12-12 22:33:28','2024-12-12 22:33:28'),(81,'အနန်း','2024-12-12 22:33:28','2024-12-12 22:33:28'),(82,'အူပူ','2024-12-12 22:33:28','2024-12-12 22:33:28'),(83,'လျင်းတု','2024-12-12 22:33:28','2024-12-12 22:33:28'),(84,'အရှိုချင်း','2024-12-12 22:33:28','2024-12-12 22:33:28'),(85,'ရောင်ထု','2024-12-12 22:33:28','2024-12-12 22:33:28'),(86,'ဗမာ','2024-12-12 22:33:28','2024-12-12 22:33:28'),(87,'ထားဝယ်','2024-12-12 22:33:28','2024-12-12 22:33:28'),(88,'မြိတ်','2024-12-12 22:33:28','2024-12-12 22:33:28'),(89,'ယော','2024-12-12 22:33:28','2024-12-12 22:33:28'),(90,'တောင်သား','2024-12-12 22:33:28','2024-12-12 22:33:28'),(91,'ကဒူး','2024-12-12 22:33:28','2024-12-12 22:33:28'),(92,'ကနန်း','2024-12-12 22:33:28','2024-12-12 22:33:28'),(93,'ဆလုံ','2024-12-12 22:33:28','2024-12-12 22:33:28'),(94,'ဖွန်း','2024-12-12 22:33:28','2024-12-12 22:33:28'),(95,'မွန်','2024-12-12 22:33:28','2024-12-12 22:33:28'),(96,'ရခိုင်','2024-12-12 22:33:28','2024-12-12 22:33:28'),(97,'ကမန်','2024-12-12 22:33:28','2024-12-12 22:33:28'),(98,'ခမီး','2024-12-12 22:33:28','2024-12-12 22:33:28'),(99,'ဒိုင်းနက်','2024-12-12 22:33:28','2024-12-12 22:33:28'),(100,'မရမာကြီး','2024-12-12 22:33:28','2024-12-12 22:33:28'),(101,'မြို','2024-12-12 22:33:28','2024-12-12 22:33:28'),(102,'သက်','2024-12-12 22:33:28','2024-12-12 22:33:28'),(103,'ရှမ်း','2024-12-12 22:33:28','2024-12-12 22:33:28'),(104,'ယွန်း','2024-12-12 22:33:28','2024-12-12 22:33:28'),(105,'ကွီ','2024-12-12 22:33:28','2024-12-12 22:33:28'),(106,'ဖျင်','2024-12-12 22:33:28','2024-12-12 22:33:28'),(107,'ယောင်','2024-12-12 22:33:28','2024-12-12 22:33:28'),(108,'ထနော့','2024-12-12 22:33:28','2024-12-12 22:33:28'),(109,'ပလေး','2024-12-12 22:33:28','2024-12-12 22:33:28'),(110,'အင်','2024-12-12 22:33:28','2024-12-12 22:33:28'),(111,'မုံ','2024-12-12 22:33:28','2024-12-12 22:33:28'),(112,'ခမူ','2024-12-12 22:33:28','2024-12-12 22:33:28'),(113,'အာခါ','2024-12-12 22:33:28','2024-12-12 22:33:28'),(114,'ကိုးကန့်','2024-12-12 22:33:28','2024-12-12 22:33:28'),(115,'ခန္တီးရှမ်း','2024-12-12 22:33:28','2024-12-12 22:33:28'),(116,'ဂုံရှမ်း','2024-12-12 22:33:28','2024-12-12 22:33:28'),(117,'တောင်ရိုး','2024-12-12 22:33:28','2024-12-12 22:33:28'),(118,'ဓနု','2024-12-12 22:33:28','2024-12-12 22:33:28'),(119,'ပလောင်','2024-12-12 22:33:28','2024-12-12 22:33:28'),(120,'မြောင်ဇီး','2024-12-12 22:33:28','2024-12-12 22:33:28'),(121,'ယင်းကျား','2024-12-12 22:33:28','2024-12-12 22:33:28'),(122,'ယင်းနက်','2024-12-12 22:33:28','2024-12-12 22:33:28'),(123,'ရှမ်းကလေး','2024-12-12 22:33:28','2024-12-12 22:33:28'),(124,'ရှမ်းကြီး','2024-12-12 22:33:28','2024-12-12 22:33:28'),(125,'လားဟူ','2024-12-12 22:33:28','2024-12-12 22:33:28'),(126,'အင်းသား','2024-12-12 22:33:28','2024-12-12 22:33:28'),(127,'အိုက်ဆွယ်','2024-12-12 22:33:28','2024-12-12 22:33:28'),(128,'ပအိုဝ်း','2024-12-12 22:33:28','2024-12-12 22:33:28'),(129,'တိုင်းလွယ်','2024-12-12 22:33:28','2024-12-12 22:33:28'),(130,'တိုင်းလျမ်','2024-12-12 22:33:28','2024-12-12 22:33:28'),(131,'တိုင်းလုံ','2024-12-12 22:33:28','2024-12-12 22:33:28'),(132,'တိုင်းလေ့','2024-12-12 22:33:28','2024-12-12 22:33:28'),(133,'မိုင်းသာ','2024-12-12 22:33:28','2024-12-12 22:33:28'),(134,'မောရှမ်း','2024-12-12 22:33:28','2024-12-12 22:33:28'),(135,'ဝ','2024-12-12 22:33:28','2024-12-12 22:33:28'),(136,'ရှမ်း/အင်း','2024-12-12 22:33:28','2024-12-12 22:33:28'),(137,'ရှမ်း/အင်း/ဗမာ','2024-12-12 22:33:28','2024-12-12 22:33:28'),(138,'ဗမာ/ရှမ်း','2024-12-13 01:14:24','2024-12-13 01:14:24'),(139,'ရှမ်း၊ ဗမာ','2024-12-13 01:18:25','2024-12-13 01:18:25'),(140,'ရှမ်း/ဗမာ','2025-01-22 01:22:32','2025-01-22 01:22:32');
/*!40000 ALTER TABLE `ethnics` ENABLE KEYS */;
UNLOCK TABLES;

--
-- Table structure for table `failed_jobs`
--

DROP TABLE IF EXISTS `failed_jobs`;
/*!40101 SET @saved_cs_client     = @@character_set_client */;
/*!50503 SET character_set_client = utf8mb4 */;
CREATE TABLE `failed_jobs` (
  `id` bigint unsigned NOT NULL AUTO_INCREMENT,
  `uuid` varchar(255) COLLATE utf8mb4_unicode_ci NOT NULL,
  `connection` text COLLATE utf8mb4_unicode_ci NOT NULL,
  `queue` text COLLATE utf8mb4_unicode_ci NOT NULL,
  `payload` longtext COLLATE utf8mb4_unicode_ci NOT NULL,
  `exception` longtext COLLATE utf8mb4_unicode_ci NOT NULL,
  `failed_at` timestamp NOT NULL DEFAULT CURRENT_TIMESTAMP,
  PRIMARY KEY (`id`),
  UNIQUE KEY `failed_jobs_uuid_unique` (`uuid`)
) ENGINE=InnoDB DEFAULT CHARSET=utf8mb4 COLLATE=utf8mb4_unicode_ci;
/*!40101 SET character_set_client = @saved_cs_client */;

--
-- Dumping data for table `failed_jobs`
--

LOCK TABLES `failed_jobs` WRITE;
/*!40000 ALTER TABLE `failed_jobs` DISABLE KEYS */;
/*!40000 ALTER TABLE `failed_jobs` ENABLE KEYS */;
UNLOCK TABLES;

--
-- Table structure for table `father_siblings`
--

DROP TABLE IF EXISTS `father_siblings`;
/*!40101 SET @saved_cs_client     = @@character_set_client */;
/*!50503 SET character_set_client = utf8mb4 */;
CREATE TABLE `father_siblings` (
  `id` bigint unsigned NOT NULL AUTO_INCREMENT,
  `staff_id` bigint unsigned DEFAULT NULL,
  `name` varchar(255) CHARACTER SET utf8mb4 COLLATE utf8mb4_unicode_ci NOT NULL,
  `ethnic_id` bigint unsigned DEFAULT NULL,
  `religion_id` bigint unsigned DEFAULT NULL,
  `gender_id` bigint unsigned DEFAULT NULL,
  `place_of_birth` varchar(255) CHARACTER SET utf8mb4 COLLATE utf8mb4_unicode_ci NOT NULL,
  `occupation` varchar(255) CHARACTER SET utf8mb4 COLLATE utf8mb4_unicode_ci NOT NULL,
  `address` varchar(255) CHARACTER SET utf8mb4 COLLATE utf8mb4_unicode_ci NOT NULL,
  `relation_id` bigint unsigned DEFAULT NULL,
  `created_at` timestamp NULL DEFAULT NULL,
  `updated_at` timestamp NULL DEFAULT NULL,
  PRIMARY KEY (`id`),
  KEY `father_siblings_staff_id_foreign` (`staff_id`),
  KEY `father_siblings_ethnic_id_foreign` (`ethnic_id`),
  KEY `father_siblings_religion_id_foreign` (`religion_id`),
  KEY `father_siblings_gender_id_foreign` (`gender_id`),
  KEY `father_siblings_relation_id_foreign` (`relation_id`),
  CONSTRAINT `father_siblings_ethnic_id_foreign` FOREIGN KEY (`ethnic_id`) REFERENCES `ethnics` (`id`) ON DELETE SET NULL,
  CONSTRAINT `father_siblings_gender_id_foreign` FOREIGN KEY (`gender_id`) REFERENCES `genders` (`id`) ON DELETE SET NULL,
  CONSTRAINT `father_siblings_relation_id_foreign` FOREIGN KEY (`relation_id`) REFERENCES `relations` (`id`) ON DELETE SET NULL,
  CONSTRAINT `father_siblings_religion_id_foreign` FOREIGN KEY (`religion_id`) REFERENCES `religions` (`id`) ON DELETE SET NULL,
  CONSTRAINT `father_siblings_staff_id_foreign` FOREIGN KEY (`staff_id`) REFERENCES `staff` (`id`) ON DELETE CASCADE
) ENGINE=InnoDB AUTO_INCREMENT=192 DEFAULT CHARSET=utf8mb4 COLLATE=utf8mb4_unicode_ci;
/*!40101 SET character_set_client = @saved_cs_client */;

--
-- Dumping data for table `father_siblings`
--

LOCK TABLES `father_siblings` WRITE;
/*!40000 ALTER TABLE `father_siblings` DISABLE KEYS */;
INSERT INTO `father_siblings` VALUES (19,8,'ဦးငွေစိုး',126,1,1,'အင်းလေး','ကုန်သည် (ကုန်စုံရောင်း ဝယ်ရေး)','အမှတ် (၃၉)၊ နှင်းဆီ လမ်း၊ ရပ်ကွက်(၂)၊ ပင်လုံမြို့',7,'2024-12-08 22:37:54','2024-12-08 22:37:54'),(20,8,'ဒေါ်ညိုမြင့်',126,1,2,'အင်းလေး','မှီခို','ဆည်ခေါင်းရွာ၊အင်းလေး၊ ညောင်ရွှေမြို့နယ်။',11,'2024-12-08 22:37:54','2024-12-08 22:37:54'),(37,7,'(ဦးရဲထွန်း) ၁၉၉၉',86,1,1,'ရန်ကုန်','ညွှန်ကြားရေးမှူး (ငြိမ်း) လေကြောင်း ဦးစီးဌာန','(၃၅) ရပ်ကွက်၊ မြောက်ဒဂုံ၊ ရန်ကုန်။',9,'2024-12-10 22:14:38','2024-12-10 22:14:38'),(44,21,'ဒေါ်စိန်စိန်ရီ',86,1,2,'ရန်ကုန်မြို့','လက်ထောက်ကထိက (အငြိမ်းစား)  ရန်ကုန်စီးပွားရေး တက္ကသိုလ်','အမှတ်(၆၉) င၊ ၆မိုင်ခွဲ ပြည်လမ်း၊ လှိုင်မြို့နယ်၊ ရန်ကုန်တိုင်းဒေသကြီး။',8,'2024-12-12 22:53:03','2024-12-12 22:53:03'),(45,21,'ဒေါ်လှလှမြင့်',86,1,2,'ရန်ကုန်မြို့','မှီခို','အမှတ်(၁၁)၊ ကံ့ကော်မြိုင်လမ်း၊ ပါရမီ ရိပ်သာ၊(၈)ရပ်ကွက်၊ရန်ကင်းမြို့နယ်၊ရန်ကုန်တိုင်းဒေသကြီး။',11,'2024-12-12 22:53:03','2024-12-12 22:53:03'),(49,25,'ဒေါ်တင်လှ',139,1,2,'တောင်ကြီး	','	အထက်တန်းပြ(ငြိမ်း)','အမှတ်(၄)၊ ငွေခွန်မှူးလမ်း၊ ဟော်ကုန်းရပ်၊ တောင်ကြီးမြို့',11,'2024-12-13 03:24:02','2024-12-13 03:24:02'),(50,25,'ဒေါ်ညွန့်ရီ',139,1,2,'တောင်ကြီး	','မန်နေဂျာ(ငြိမ်း) ကုန်သွယ်ရေး','အမှတ်(၄)၊ ငွေခွန်မှူးလမ်း၊ ဟော်ကုန်းရပ်၊ တောင်ကြီးမြို့',11,'2024-12-13 03:24:02','2024-12-13 03:24:02'),(51,25,'ဒေါ်ညွန့် မေ ',139,1,2,'တောင်ကြီး	','	အထက်တန်းပြ(ငြိမ်း) အထက(၆)တောင်ကြီး	','အမှတ်(၄)၊ ငွေခွန်မှူးလမ်း၊ ဟော်ကုန်းရပ်၊ တောင်ကြီးမြို့',11,'2024-12-13 03:24:02','2024-12-13 03:24:02'),(123,33,'ဦးစောမောင်',86,1,1,'မြောင်မြို့နယ်၊ စစ်ကိုင်းတိုင်း ဒေသကြီး','','(၁၈-၁၁-၂၀၂၁) ရက်နေ့တွင် ကွယ်လွန်',7,'2025-01-10 02:30:47','2025-01-10 02:30:47'),(124,33,'ဒေါ်ခင်လှ',86,1,2,'မြောင်မြို့နယ်၊ စစ်ကိုင်းတိုင်း ဒေသကြီး','မှီခို','မကျီးဘုတ်ရွာ၊ မြောင်မြို့နယ် စစ်ကိုင်းတိုင်းဒေသကြီး',8,'2025-01-10 02:30:47','2025-01-10 02:30:47'),(132,34,'ဦးမောင်မောင်',86,1,1,'အောင်လံမြို့၊ မကွေးတိုင်း ဒေသကြီး။','ကွယ်လွန် (၂၀၀၃ ခုနှစ်)','',7,'2025-01-13 22:58:58','2025-01-13 22:58:58'),(133,34,'ဒေါ်ကြည်ကြည်',86,1,2,'အောင်လံမြို့၊ မကွေးတိုင်း ဒေသကြီး။','ကွယ်လွန် (၁၉၉၁ ခုနှစ်)','',8,'2025-01-13 22:58:58','2025-01-13 22:58:58'),(134,34,'ဒေါ်ကျင်ရီ',86,1,2,'အောင်လံမြို့၊ မကွေးတိုင်း ဒေသကြီး။','ကွယ်လွန် (၂၀၂၂ ခုနှစ်)','',8,'2025-01-13 22:58:58','2025-01-13 22:58:58'),(135,34,'ဒေါ်ခင်သန်းဆွေ',86,1,2,'အောင်လံမြို့၊ မကွေးတိုင်း ဒေသကြီး။','ကွယ်လွန် (၂၀၁၄ ခုနှစ်)','',8,'2025-01-13 22:58:58','2025-01-13 22:58:58'),(136,34,'ဒေါ်ခင်သန်းနွဲ့',86,1,2,'အောင်လံမြို့၊ မကွေးတိုင်း ဒေသကြီး။','ကွယ်လွန် (၂၀၀၉ ခုနှစ်) ','',8,'2025-01-13 22:58:58','2025-01-13 22:58:58'),(137,34,'ဦးကျော်ကျော်လွင်',86,1,1,'အောင်လံမြို့၊ မကွေးတိုင်း ဒေသကြီး။','ကွယ်လွန် (၂၀၀၈ ခုနှစ်)','',9,'2025-01-13 22:58:58','2025-01-13 22:58:58'),(138,34,'ဦးခင်မောင်ဝင်း',86,1,1,'အောင်လံမြို့၊ မကွေးတိုင်း ဒေသကြီး။','ကွယ်လွန် (၁၉၉၂ ခုနှစ်)','',9,'2025-01-13 22:58:58','2025-01-13 22:58:58'),(145,35,'ဦးဖိုးသောင်း',86,1,1,'ယင်းမာပင်မြို့','တောင်သူ','အထက်ငါးနန်းရွာ၊ ယင်းမာပင်မြို့နယ်၊ မုံရွာမြို့',9,'2025-01-15 03:36:41','2025-01-15 03:36:41'),(146,35,'ဦးမြင့်ကျော်',86,1,1,'ယင်းမာပင်မြို့','ကျောင်းဆရာ','အထက်ငါးနန်းရွာ၊ ယင်းမာပင်မြို့နယ်၊ မုံရွာမြို့',9,'2025-01-15 03:36:41','2025-01-15 03:36:41'),(147,35,'ဒေါ်လှကောင်း',86,1,2,'ယင်းမာပင်မြို့','တောင်သူ','အထက်ငါးနန်းရွာ၊ ယင်းမာပင်မြို့နယ်၊ မုံရွာမြို့',11,'2025-01-15 03:36:41','2025-01-15 03:36:41'),(148,35,'ဦးဖိုးအေး',86,1,1,'ယင်းမာပင်မြို့','တောင်သူ','အထက်ငါးနန်းရွာ၊ ယင်းမာပင်မြို့နယ်၊ မုံရွာမြို့',9,'2025-01-16 01:34:07','2025-01-16 01:34:07'),(149,36,'ဦးအောင်သန်း',86,1,1,'ကျားကျေးရွာ၊ ရွှေဘိုမြို့','တောင်သူ','ရွှေဘိုမြို့နယ်၊  ကျားကျေးရွာ  ',7,'2025-01-16 02:38:49','2025-01-16 02:38:49'),(150,36,'ဒေါ်ညိုသန်း',86,1,2,'ကျားကျေးရွာ၊ ရွှေဘိုမြို့','မှီခို','ရွှေဘိုမြို့နယ်၊  ကျားကျေးရွာ  ',11,'2025-01-16 02:38:49','2025-01-16 02:38:49'),(166,50,'ဦးကျော်တင့်',86,1,1,'တောင်ငူမြို့','ဒုတပ်ကြပ် စစ်မှုထမ်း(ငြိမ်း)','၁၈ရပ်ကွက်၊ ပြည်သူ့ ဆေးရုံကြီး၊ တောင်ငူမြို့',7,'2025-01-22 01:20:23','2025-01-22 01:20:23'),(167,50,'ဒေါ်သန်းသန်းမော်',86,1,2,'တောင်ငူမြို့','ကုန်စုံဆိုင်','ကေတုမတီ မြို့သစ်၊ ၁၀မိုင်ကုန်း၊ တောင်ငူမြို့',11,'2025-01-22 01:20:23','2025-01-22 01:20:23'),(168,50,'ဦးဌေးလင်း',86,1,1,'တောင်ငူမြို့','ကုန်စုံဆိုင်','အမှတ်(၆)၊ နတ်စင်ကုန်း ကျေးရွာ၊ တောင်ငူမြို့',9,'2025-01-22 01:20:23','2025-01-22 01:20:23'),(169,50,'ဦးကျော်နိုင်ဝင်း',86,1,1,'တောင်ငူမြို့','ကုန်စုံဆိုင်','ဖောတိကု ကျေးရွာ၊ မြိုင်ကြီးငူ၊ ဘားအံမြို့',9,'2025-01-22 01:20:23','2025-01-22 01:20:23'),(170,50,'ဦးကျော်တင့်',86,1,1,'တောင်ငူမြို့','ဒုတပ်ကြပ် စစ်မှုထမ်း(ငြိမ်း)','၁၈ရပ်ကွက်၊ ပြည်သူ့ ဆေးရုံကြီး၊ တောင်ငူမြို့',7,'2025-01-22 01:21:20','2025-01-22 01:21:20'),(171,50,'ဒေါ်သန်းသန်းမော်',86,1,2,'တောင်ငူမြို့','ကုန်စုံဆိုင်','ကေတုမတီ မြို့သစ်၊ ၁၀မိုင်ကုန်း၊ တောင်ငူမြို့',11,'2025-01-22 01:21:20','2025-01-22 01:21:20'),(172,50,'ဦးဌေးလင်း',86,1,1,'တောင်ငူမြို့','ကုန်စုံဆိုင်','အမှတ်(၆)၊ နတ်စင်ကုန်း ကျေးရွာ၊ တောင်ငူမြို့',9,'2025-01-22 01:21:20','2025-01-22 01:21:20'),(173,50,'ဦးကျော်နိုင်ဝင်း',86,1,1,'တောင်ငူမြို့','ကုန်စုံဆိုင်','ဖောတိကု ကျေးရွာ၊ မြိုင်ကြီးငူ၊ ဘားအံမြို့',9,'2025-01-22 01:21:20','2025-01-22 01:21:20'),(174,54,'ဒေါ်နှင်းဆီ',86,1,2,'ပေါက်ခေါင်း','မှီခို','ချောင်းကျိုးရွာ၊ ပေါက်ခေါင်းမြို့နယ်၊ ပဲခူးတိုင်းဒေသကြီး။',11,'2025-01-28 02:39:12','2025-01-28 02:39:12'),(175,54,'ဒေါ်လှတူး',86,1,2,'ပေါက်ခေါင်း','မှီခို','ချောင်းကျိုးရွာ၊ ပေါက်ခေါင်းမြို့နယ်၊ ပဲခူးတိုင်းဒေသကြီး။',11,'2025-01-28 02:39:12','2025-01-28 02:39:12'),(176,54,'ဦးမြင့်ဇော် ',86,1,1,'ပေါက်ခေါင်း','တောင်ယာ','ချောင်းကျိုးရွာ၊ ပေါက်ခေါင်းမြို့နယ်၊ ပဲခူးတိုင်းဒေသကြီး။',9,'2025-01-28 02:39:12','2025-01-28 02:39:12'),(179,53,'ဦးခင်မြင့်',86,1,1,'မရမ်းရွာသစ်ကျေးရွာ၊ ကျိုက်လတ်မြို့နယ်၊ ဧရာဝတီတိုင်းဒေသကြီး','လယ်','မရမ်းရွာသစ်ကျေးရွာ၊ ကျိုက်လတ်မြို့နယ်၊ ဧရာဝတီတိုင်းဒေသကြီး',7,'2025-01-28 02:55:23','2025-01-28 02:55:23'),(180,56,'ဒေါ်ဝင်းမြင့်',86,1,2,'တွင်းကြီးကျေးရွာ၊မြောင်မြို့နယ်','မှီခို','စစ်ကိုင်းတိုင်း၊မြောင်မြို့နယ်၊တွင်းကြီးကျေးရွာ',8,'2025-02-14 01:02:15','2025-02-14 01:02:15'),(181,56,'ဒေါ်ဝင်းဆင့်',86,1,2,'တွင်းကြီးကျေးရွာ၊မြောင်မြို့နယ်','မှီခို','စစ်ကိုင်းတိုင်း၊မြောင်မြို့နယ်၊တွင်းကြီးကျေးရွာ',11,'2025-02-14 01:02:15','2025-02-14 01:02:15'),(182,56,'ဦးကြည်လွင်',86,1,1,'တွင်းကြီးကျေးရွာ၊မြောင်မြို့နယ်','တောင်သူ','စစ်ကိုင်းတိုင်း၊မြောင်မြို့နယ်၊တွင်းကြီးကျေးရွာ',10,'2025-02-14 01:02:15','2025-02-14 01:02:15'),(183,60,'ဒေါ်မြင့်မြင့်ဝေ',86,1,2,'ပဲခူးတိုင်းဒေသကြီး','တောင်သူ','ရှမ်းကန်ကျေးရွာ၊ ကဝမြို့နယ်၊ ပဲခူးတိုင်းဒေသကြီး၊။',8,'2025-02-27 02:26:57','2025-02-27 23:02:29'),(184,55,'ဒေါ်အေးအေးဝင်း',86,1,2,'ရန်ကုန်မြို့','မှီခို','မီးဒုံးလမ်းသွယ်(၃)၊ သုဝဏ္ဏမြို့ တိုက်(၉၇)၊ အခန်း(၆)',11,'2025-02-27 22:06:09','2025-02-27 22:06:09'),(185,57,'ဦးသိန်းဝေ',96,1,1,'စစ်တွေမြို့','မြန်မာ့ သစ်လုပ်ငန်း (ငြိမ်း)၊ အမှတ်(၃)၊သစ်စက်','အမှတ်(1-D-3) ၊ ၂၂ ရပ်ကွက်၊ မြန်မာသစ်လုပ်ငန်း ဝန်ထမ်းအိမ်ရာ၊ ရွှေပြည်သာမြို့နယ်၊ ရန်ကုန်မြို့။',7,'2025-02-27 22:27:33','2025-02-27 22:27:33'),(186,57,'ဦးစောရွှေမောင်',96,1,1,'စစ်တွေမြို့','မှီခို','တိုက်(၄၄)၊ ၅ လွှာ၊ ဗဟိုလမ်း၊ စမ်းချောင်း (တောင်)၊ စမ်းချောင်းမြို့နယ်၊ ရန်ကုန်တိုင်းဒေသကြီး။',7,'2025-02-27 22:27:33','2025-02-27 22:39:05'),(189,61,'ဒေါ်သန်းသန်းတင့်',86,1,1,'ရန်ကုန်မြို့','အစိုးရဝန်ထမ်း(ငြိမ်း)','အမှတ်(၁၂၀)ကန်တော်လမ်း၊ လေးထောင့်ကန်ရပ်ကွက်၊ သင်္ဃန်းကျွန်းမြို့နယ်၊ ရန်ကုန်မြို့',8,'2025-02-28 02:41:56','2025-02-28 02:41:56'),(191,62,'ဦးသိန်းထွန်း',86,1,1,'ကျောက်ဆည်မြို့နယ်','တောင်သူ','အမှတ်-၂၊ တောင်နောက်၊ ကျောက်ဆည်မြို့နယ်၊ မန္တလေးတိုင်းဒေသကြီး။',7,'2025-02-28 03:33:47','2025-02-28 03:33:47');
/*!40000 ALTER TABLE `father_siblings` ENABLE KEYS */;
UNLOCK TABLES;

--
-- Table structure for table `genders`
--

DROP TABLE IF EXISTS `genders`;
/*!40101 SET @saved_cs_client     = @@character_set_client */;
/*!50503 SET character_set_client = utf8mb4 */;
CREATE TABLE `genders` (
  `id` bigint unsigned NOT NULL AUTO_INCREMENT,
  `name` varchar(255) CHARACTER SET utf8mb4 COLLATE utf8mb4_unicode_ci NOT NULL,
  `created_at` timestamp NULL DEFAULT NULL,
  `updated_at` timestamp NULL DEFAULT NULL,
  PRIMARY KEY (`id`)
) ENGINE=InnoDB AUTO_INCREMENT=3 DEFAULT CHARSET=utf8mb4 COLLATE=utf8mb4_unicode_ci;
/*!40101 SET character_set_client = @saved_cs_client */;

--
-- Dumping data for table `genders`
--

LOCK TABLES `genders` WRITE;
/*!40000 ALTER TABLE `genders` DISABLE KEYS */;
INSERT INTO `genders` VALUES (1,'ကျား','2024-12-12 22:33:20','2024-12-12 22:33:20'),(2,'မ','2024-12-12 22:33:20','2024-12-12 22:33:20');
/*!40000 ALTER TABLE `genders` ENABLE KEYS */;
UNLOCK TABLES;

--
-- Table structure for table `increments`
--

DROP TABLE IF EXISTS `increments`;
/*!40101 SET @saved_cs_client     = @@character_set_client */;
/*!50503 SET character_set_client = utf8mb4 */;
CREATE TABLE `increments` (
  `id` bigint unsigned NOT NULL AUTO_INCREMENT,
  `staff_id` bigint unsigned NOT NULL,
  `increment_rank_id` bigint unsigned DEFAULT NULL,
  `min_salary` int DEFAULT NULL,
  `increment` int DEFAULT NULL,
  `max_salary` int DEFAULT NULL,
  `increment_date` date DEFAULT NULL,
  `increment_time` int DEFAULT NULL,
  `order_no` varchar(255) CHARACTER SET utf8mb4 COLLATE utf8mb4_unicode_ci DEFAULT NULL,
  `remark` varchar(255) CHARACTER SET utf8mb4 COLLATE utf8mb4_unicode_ci DEFAULT NULL,
  `created_at` timestamp NULL DEFAULT NULL,
  `updated_at` timestamp NULL DEFAULT NULL,
  PRIMARY KEY (`id`),
  KEY `increments_staff_id_foreign` (`staff_id`),
  KEY `increments_increment_rank_id_foreign` (`increment_rank_id`),
  CONSTRAINT `increments_increment_rank_id_foreign` FOREIGN KEY (`increment_rank_id`) REFERENCES `ranks` (`id`) ON DELETE SET NULL,
  CONSTRAINT `increments_staff_id_foreign` FOREIGN KEY (`staff_id`) REFERENCES `staff` (`id`) ON DELETE CASCADE
) ENGINE=InnoDB AUTO_INCREMENT=6 DEFAULT CHARSET=utf8mb4 COLLATE=utf8mb4_unicode_ci;
/*!40101 SET character_set_client = @saved_cs_client */;

--
-- Dumping data for table `increments`
--

LOCK TABLES `increments` WRITE;
/*!40000 ALTER TABLE `increments` DISABLE KEYS */;
INSERT INTO `increments` VALUES (4,56,9,216000,2000,226000,'2023-02-26',1,'၂/၂၀၁၃','-','2025-02-17 02:09:50','2025-02-17 02:09:50'),(5,53,7,234000,2000,244000,'2025-02-26',-2,'61/2025','-','2025-02-27 02:19:10','2025-02-27 02:19:10');
/*!40000 ALTER TABLE `increments` ENABLE KEYS */;
UNLOCK TABLES;

--
-- Table structure for table `job_batches`
--

DROP TABLE IF EXISTS `job_batches`;
/*!40101 SET @saved_cs_client     = @@character_set_client */;
/*!50503 SET character_set_client = utf8mb4 */;
CREATE TABLE `job_batches` (
  `id` varchar(255) COLLATE utf8mb4_unicode_ci NOT NULL,
  `name` varchar(255) COLLATE utf8mb4_unicode_ci NOT NULL,
  `total_jobs` int NOT NULL,
  `pending_jobs` int NOT NULL,
  `failed_jobs` int NOT NULL,
  `failed_job_ids` longtext COLLATE utf8mb4_unicode_ci NOT NULL,
  `options` mediumtext COLLATE utf8mb4_unicode_ci,
  `cancelled_at` int DEFAULT NULL,
  `created_at` int NOT NULL,
  `finished_at` int DEFAULT NULL,
  PRIMARY KEY (`id`)
) ENGINE=InnoDB DEFAULT CHARSET=utf8mb4 COLLATE=utf8mb4_unicode_ci;
/*!40101 SET character_set_client = @saved_cs_client */;

--
-- Dumping data for table `job_batches`
--

LOCK TABLES `job_batches` WRITE;
/*!40000 ALTER TABLE `job_batches` DISABLE KEYS */;
/*!40000 ALTER TABLE `job_batches` ENABLE KEYS */;
UNLOCK TABLES;

--
-- Table structure for table `jobs`
--

DROP TABLE IF EXISTS `jobs`;
/*!40101 SET @saved_cs_client     = @@character_set_client */;
/*!50503 SET character_set_client = utf8mb4 */;
CREATE TABLE `jobs` (
  `id` bigint unsigned NOT NULL AUTO_INCREMENT,
  `queue` varchar(255) COLLATE utf8mb4_unicode_ci NOT NULL,
  `payload` longtext COLLATE utf8mb4_unicode_ci NOT NULL,
  `attempts` tinyint unsigned NOT NULL,
  `reserved_at` int unsigned DEFAULT NULL,
  `available_at` int unsigned NOT NULL,
  `created_at` int unsigned NOT NULL,
  PRIMARY KEY (`id`),
  KEY `jobs_queue_index` (`queue`)
) ENGINE=InnoDB DEFAULT CHARSET=utf8mb4 COLLATE=utf8mb4_unicode_ci;
/*!40101 SET character_set_client = @saved_cs_client */;

--
-- Dumping data for table `jobs`
--

LOCK TABLES `jobs` WRITE;
/*!40000 ALTER TABLE `jobs` DISABLE KEYS */;
/*!40000 ALTER TABLE `jobs` ENABLE KEYS */;
UNLOCK TABLES;

--
-- Table structure for table `labour_attendances`
--

DROP TABLE IF EXISTS `labour_attendances`;
/*!40101 SET @saved_cs_client     = @@character_set_client */;
/*!50503 SET character_set_client = utf8mb4 */;
CREATE TABLE `labour_attendances` (
  `id` bigint unsigned NOT NULL AUTO_INCREMENT,
  `staff_id` bigint unsigned NOT NULL,
  `att_date` json DEFAULT NULL,
  `month` int NOT NULL,
  `year` int NOT NULL,
  `created_at` timestamp NULL DEFAULT NULL,
  `updated_at` timestamp NULL DEFAULT NULL,
  `gender_id` bigint unsigned DEFAULT NULL,
  PRIMARY KEY (`id`),
  KEY `labour_attendances_staff_id_foreign` (`staff_id`),
  CONSTRAINT `labour_attendances_staff_id_foreign` FOREIGN KEY (`staff_id`) REFERENCES `staff` (`id`) ON DELETE CASCADE
) ENGINE=InnoDB AUTO_INCREMENT=2 DEFAULT CHARSET=utf8mb4 COLLATE=utf8mb4_unicode_ci;
/*!40101 SET character_set_client = @saved_cs_client */;

--
-- Dumping data for table `labour_attendances`
--

LOCK TABLES `labour_attendances` WRITE;
/*!40000 ALTER TABLE `labour_attendances` DISABLE KEYS */;
INSERT INTO `labour_attendances` VALUES (1,10,'\"[2,3,4,5,6,7,1,9,16,23,30,10,17,24,31,11,18,25,12,19,26,13,20,27,14,21,28]\"',12,2024,'2024-12-10 03:44:41','2024-12-10 03:44:41',NULL);
/*!40000 ALTER TABLE `labour_attendances` ENABLE KEYS */;
UNLOCK TABLES;

--
-- Table structure for table `languages`
--

DROP TABLE IF EXISTS `languages`;
/*!40101 SET @saved_cs_client     = @@character_set_client */;
/*!50503 SET character_set_client = utf8mb4 */;
CREATE TABLE `languages` (
  `id` bigint unsigned NOT NULL AUTO_INCREMENT,
  `name` varchar(255) CHARACTER SET utf8mb4 COLLATE utf8mb4_unicode_ci NOT NULL,
  `created_at` timestamp NULL DEFAULT NULL,
  `updated_at` timestamp NULL DEFAULT NULL,
  PRIMARY KEY (`id`)
) ENGINE=InnoDB AUTO_INCREMENT=21 DEFAULT CHARSET=utf8mb4 COLLATE=utf8mb4_unicode_ci;
/*!40101 SET character_set_client = @saved_cs_client */;

--
-- Dumping data for table `languages`
--

LOCK TABLES `languages` WRITE;
/*!40000 ALTER TABLE `languages` DISABLE KEYS */;
INSERT INTO `languages` VALUES (1,'English',NULL,NULL),(2,'Spanish',NULL,NULL),(3,'French',NULL,NULL),(4,'German',NULL,NULL),(5,'Chinese (Simplified)',NULL,NULL),(6,'Chinese (Traditional)',NULL,NULL),(7,'Japanese',NULL,NULL),(8,'Korean',NULL,NULL),(9,'Arabic',NULL,NULL),(10,'Russian',NULL,NULL),(11,'Portuguese',NULL,NULL),(12,'Italian',NULL,NULL),(13,'Dutch',NULL,NULL),(14,'Hindi',NULL,NULL),(15,'Bengali',NULL,NULL),(16,'Thai',NULL,NULL),(17,'Turkish',NULL,NULL),(18,'Vietnamese',NULL,NULL),(19,'Greek',NULL,NULL),(20,'Swedish',NULL,NULL);
/*!40000 ALTER TABLE `languages` ENABLE KEYS */;
UNLOCK TABLES;

--
-- Table structure for table `last_pay_certificates`
--

DROP TABLE IF EXISTS `last_pay_certificates`;
/*!40101 SET @saved_cs_client     = @@character_set_client */;
/*!50503 SET character_set_client = utf8mb4 */;
CREATE TABLE `last_pay_certificates` (
  `id` bigint unsigned NOT NULL AUTO_INCREMENT,
  `staff_id` bigint unsigned NOT NULL,
  `from_division_id` bigint unsigned NOT NULL,
  `to_division_id` bigint unsigned NOT NULL,
  `transfer_date` varchar(255) CHARACTER SET utf8mb4 COLLATE utf8mb4_unicode_ci NOT NULL,
  `ordered_date` varchar(255) CHARACTER SET utf8mb4 COLLATE utf8mb4_unicode_ci NOT NULL,
  `paid_up_to_date` varchar(255) CHARACTER SET utf8mb4 COLLATE utf8mb4_unicode_ci NOT NULL,
  `amount` int NOT NULL,
  `order_no` varchar(255) CHARACTER SET utf8mb4 COLLATE utf8mb4_unicode_ci NOT NULL,
  `created_at` timestamp NULL DEFAULT NULL,
  `updated_at` timestamp NULL DEFAULT NULL,
  PRIMARY KEY (`id`)
) ENGINE=InnoDB DEFAULT CHARSET=utf8mb4 COLLATE=utf8mb4_unicode_ci;
/*!40101 SET character_set_client = @saved_cs_client */;

--
-- Dumping data for table `last_pay_certificates`
--

LOCK TABLES `last_pay_certificates` WRITE;
/*!40000 ALTER TABLE `last_pay_certificates` DISABLE KEYS */;
/*!40000 ALTER TABLE `last_pay_certificates` ENABLE KEYS */;
UNLOCK TABLES;

--
-- Table structure for table `leave_types`
--

DROP TABLE IF EXISTS `leave_types`;
/*!40101 SET @saved_cs_client     = @@character_set_client */;
/*!50503 SET character_set_client = utf8mb4 */;
CREATE TABLE `leave_types` (
  `id` bigint unsigned NOT NULL AUTO_INCREMENT,
  `name` varchar(255) CHARACTER SET utf8mb4 COLLATE utf8mb4_unicode_ci NOT NULL,
  `allowed` int DEFAULT NULL,
  `day_or_month_id` bigint unsigned DEFAULT NULL,
  `sort_no` int DEFAULT NULL,
  `is_yearly` tinyint(1) NOT NULL DEFAULT '0',
  `created_at` timestamp NULL DEFAULT NULL,
  `updated_at` timestamp NULL DEFAULT NULL,
  PRIMARY KEY (`id`),
  KEY `leave_types_day_or_month_id_foreign` (`day_or_month_id`),
  CONSTRAINT `leave_types_day_or_month_id_foreign` FOREIGN KEY (`day_or_month_id`) REFERENCES `day_or_months` (`id`) ON DELETE SET NULL
) ENGINE=InnoDB AUTO_INCREMENT=13 DEFAULT CHARSET=utf8mb4 COLLATE=utf8mb4_unicode_ci;
/*!40101 SET character_set_client = @saved_cs_client */;

--
-- Dumping data for table `leave_types`
--

LOCK TABLES `leave_types` WRITE;
/*!40000 ALTER TABLE `leave_types` DISABLE KEYS */;
INSERT INTO `leave_types` VALUES (1,'ရှောင်တခင်ခွင့်',0,1,1,0,'2025-02-06 02:16:22','2025-02-21 02:14:26'),(2,'လုပ်သက်ခွင့်',NULL,NULL,2,0,'2025-02-06 02:16:22','2025-02-06 02:16:22'),(3,'မီးဖွားခွင့်/သားပျက်ခွင့်',NULL,NULL,3,0,'2025-02-06 02:16:22','2025-02-06 02:16:22'),(4,'ဆေးခွင့်',NULL,NULL,4,0,'2025-02-06 02:16:22','2025-02-06 02:16:22'),(5,'လစာမဲ့ခွင့်',NULL,NULL,5,0,'2025-02-06 02:16:22','2025-02-06 02:16:22'),(6,'ကြိုတင်ပြင်ဆင်ခွင့်',NULL,NULL,6,0,'2025-02-06 02:16:22','2025-02-06 02:16:22'),(7,'ကလေးပြုစုစောင့်ရှောက်ခွင့်',NULL,NULL,7,0,'2025-02-06 02:16:22','2025-02-06 02:16:22'),(8,'ကူးစက်ရောဂါကာကွယ်ခွင့်',NULL,NULL,8,0,'2025-02-06 02:16:22','2025-02-06 02:16:22'),(9,'အထူးမသန်စွမ်းခွင့်',NULL,NULL,9,0,'2025-02-06 02:16:22','2025-02-06 02:16:22'),(10,'ဆေးရုံခွင့်',NULL,NULL,10,0,'2025-02-06 02:16:22','2025-02-06 02:16:22'),(11,'သင်္ဘောသားနာမကျန်းခွင့်',NULL,NULL,11,0,'2025-02-06 02:16:22','2025-02-06 02:16:22'),(12,'ပညာလေ့လာဆည်းပူးခွင့်',NULL,NULL,12,0,'2025-02-06 02:16:22','2025-02-06 02:16:22');
/*!40000 ALTER TABLE `leave_types` ENABLE KEYS */;
UNLOCK TABLES;

--
-- Table structure for table `leaves`
--

DROP TABLE IF EXISTS `leaves`;
/*!40101 SET @saved_cs_client     = @@character_set_client */;
/*!50503 SET character_set_client = utf8mb4 */;
CREATE TABLE `leaves` (
  `id` bigint unsigned NOT NULL AUTO_INCREMENT,
  `staff_id` bigint unsigned DEFAULT NULL,
  `leave_type_id` bigint unsigned DEFAULT NULL,
  `current_division_id` bigint unsigned DEFAULT NULL,
  `from_date` date DEFAULT NULL,
  `to_date` date DEFAULT NULL,
  `qty` int DEFAULT NULL,
  `order_no` varchar(255) CHARACTER SET utf8mb4 COLLATE utf8mb4_unicode_ci DEFAULT NULL,
  `remark` varchar(255) CHARACTER SET utf8mb4 COLLATE utf8mb4_unicode_ci DEFAULT NULL,
  `created_at` timestamp NULL DEFAULT NULL,
  `updated_at` timestamp NULL DEFAULT NULL,
  PRIMARY KEY (`id`),
  KEY `leaves_current_division_id_foreign` (`current_division_id`),
  CONSTRAINT `leaves_current_division_id_foreign` FOREIGN KEY (`current_division_id`) REFERENCES `divisions` (`id`) ON DELETE SET NULL
) ENGINE=InnoDB AUTO_INCREMENT=4 DEFAULT CHARSET=utf8mb4 COLLATE=utf8mb4_unicode_ci;
/*!40101 SET character_set_client = @saved_cs_client */;

--
-- Dumping data for table `leaves`
--

LOCK TABLES `leaves` WRITE;
/*!40000 ALTER TABLE `leaves` DISABLE KEYS */;
INSERT INTO `leaves` VALUES (1,3,2,NULL,'2023-10-23','2023-10-25',3,'၁/၂၀၁၃','-','2024-11-22 03:02:26','2024-11-22 03:02:26'),(2,3,2,11,'2024-11-09','2024-11-20',12,'၄၀၀/၂၀၂၄','-','2024-12-09 01:48:33','2024-12-09 01:48:33'),(3,53,2,1,'2024-10-08','2024-10-11',4,'၈/၂၀၁၄','-','2025-02-17 02:25:34','2025-02-17 02:25:34');
/*!40000 ALTER TABLE `leaves` ENABLE KEYS */;
UNLOCK TABLES;

--
-- Table structure for table `letter_types`
--

DROP TABLE IF EXISTS `letter_types`;
/*!40101 SET @saved_cs_client     = @@character_set_client */;
/*!50503 SET character_set_client = utf8mb4 */;
CREATE TABLE `letter_types` (
  `id` bigint unsigned NOT NULL AUTO_INCREMENT,
  `name` varchar(255) CHARACTER SET utf8mb4 COLLATE utf8mb4_unicode_ci NOT NULL,
  `created_at` timestamp NULL DEFAULT NULL,
  `updated_at` timestamp NULL DEFAULT NULL,
  PRIMARY KEY (`id`)
) ENGINE=InnoDB AUTO_INCREMENT=4 DEFAULT CHARSET=utf8mb4 COLLATE=utf8mb4_unicode_ci;
/*!40101 SET character_set_client = @saved_cs_client */;

--
-- Dumping data for table `letter_types`
--

LOCK TABLES `letter_types` WRITE;
/*!40000 ALTER TABLE `letter_types` DISABLE KEYS */;
INSERT INTO `letter_types` VALUES (1,'လျှိုဝှက်','2024-12-12 22:33:20','2024-12-12 22:33:20'),(2,'ကန့်သက်','2024-12-12 22:33:20','2024-12-12 22:33:20'),(3,'အတွင်းရေး','2024-12-12 22:33:20','2024-12-12 22:33:20');
/*!40000 ALTER TABLE `letter_types` ENABLE KEYS */;
UNLOCK TABLES;

--
-- Table structure for table `marital_status_types`
--

DROP TABLE IF EXISTS `marital_status_types`;
/*!40101 SET @saved_cs_client     = @@character_set_client */;
/*!50503 SET character_set_client = utf8mb4 */;
CREATE TABLE `marital_status_types` (
  `id` bigint unsigned NOT NULL AUTO_INCREMENT,
  `name` varchar(255) CHARACTER SET utf8mb4 COLLATE utf8mb4_unicode_ci NOT NULL,
  `created_at` timestamp NULL DEFAULT NULL,
  `updated_at` timestamp NULL DEFAULT NULL,
  PRIMARY KEY (`id`)
) ENGINE=InnoDB AUTO_INCREMENT=3 DEFAULT CHARSET=utf8mb4 COLLATE=utf8mb4_unicode_ci;
/*!40101 SET character_set_client = @saved_cs_client */;

--
-- Dumping data for table `marital_status_types`
--

LOCK TABLES `marital_status_types` WRITE;
/*!40000 ALTER TABLE `marital_status_types` DISABLE KEYS */;
INSERT INTO `marital_status_types` VALUES (1,'single','2024-12-12 22:33:31','2024-12-12 22:33:31'),(2,'married','2024-12-12 22:33:31','2024-12-12 22:33:31');
/*!40000 ALTER TABLE `marital_status_types` ENABLE KEYS */;
UNLOCK TABLES;

--
-- Table structure for table `marital_statuses`
--

DROP TABLE IF EXISTS `marital_statuses`;
/*!40101 SET @saved_cs_client     = @@character_set_client */;
/*!50503 SET character_set_client = utf8mb4 */;
CREATE TABLE `marital_statuses` (
  `id` bigint unsigned NOT NULL AUTO_INCREMENT,
  `name` varchar(255) CHARACTER SET utf8mb4 COLLATE utf8mb4_unicode_ci NOT NULL,
  `marital_status_type_id` bigint unsigned DEFAULT NULL,
  `created_at` timestamp NULL DEFAULT NULL,
  `updated_at` timestamp NULL DEFAULT NULL,
  PRIMARY KEY (`id`)
) ENGINE=InnoDB AUTO_INCREMENT=7 DEFAULT CHARSET=utf8mb4 COLLATE=utf8mb4_unicode_ci;
/*!40101 SET character_set_client = @saved_cs_client */;

--
-- Dumping data for table `marital_statuses`
--

LOCK TABLES `marital_statuses` WRITE;
/*!40000 ALTER TABLE `marital_statuses` DISABLE KEYS */;
INSERT INTO `marital_statuses` VALUES (1,'လူပျို',1,'2024-12-12 22:33:31','2024-12-12 22:33:31'),(2,'အပျို',1,'2024-12-12 22:33:31','2024-12-12 22:33:31'),(3,'မုဆိုးဖို',1,'2024-12-12 22:33:31','2024-12-12 22:33:31'),(4,'မုဆိုးမ',1,'2024-12-12 22:33:31','2024-12-12 22:33:31'),(5,'တခုလပ်',1,'2024-12-12 22:33:31','2024-12-12 22:33:31'),(6,'အိမ်ထောင်သည်',2,'2024-12-12 22:33:31','2024-12-12 22:33:31');
/*!40000 ALTER TABLE `marital_statuses` ENABLE KEYS */;
UNLOCK TABLES;

--
-- Table structure for table `migrations`
--

DROP TABLE IF EXISTS `migrations`;
/*!40101 SET @saved_cs_client     = @@character_set_client */;
/*!50503 SET character_set_client = utf8mb4 */;
CREATE TABLE `migrations` (
  `id` int unsigned NOT NULL AUTO_INCREMENT,
  `migration` varchar(255) CHARACTER SET utf8mb4 COLLATE utf8mb4_unicode_ci NOT NULL,
  `batch` int NOT NULL,
  PRIMARY KEY (`id`)
) ENGINE=InnoDB AUTO_INCREMENT=142 DEFAULT CHARSET=utf8mb4 COLLATE=utf8mb4_unicode_ci;
/*!40101 SET character_set_client = @saved_cs_client */;

--
-- Dumping data for table `migrations`
--

LOCK TABLES `migrations` WRITE;
/*!40000 ALTER TABLE `migrations` DISABLE KEYS */;
INSERT INTO `migrations` VALUES (1,'2024_08_01_041615_create_staff_types_table',1),(2,'2024_08_01_041835_create_payscales_table',1),(3,'2024_08_01_042516_create_ranks_table',1),(4,'2024_08_01_042847_create_posts_table',1),(5,'2024_08_01_043156_create_day_or_months_table',1),(6,'2024_08_01_043213_create_leave_types_table',1),(7,'2024_08_01_044118_create_countries_table',1),(8,'2024_08_01_045728_create_penalty_types_table',1),(9,'2024_08_01_045933_create_pension_types_table',1),(10,'2024_08_01_050049_create_education_groups_table',1),(11,'2024_08_01_050109_create_education_types_table',1),(12,'2024_08_01_050119_create_education_table',1),(13,'2024_08_01_050247_create_training_locations_table',1),(14,'2024_08_01_050824_create_ethnics_table',1),(15,'2024_08_01_051012_create_religions_table',1),(16,'2024_08_01_051132_create_genders_table',1),(17,'2024_08_01_052354_create_relations_table',1),(18,'2024_08_01_052548_create_pension_years_table',1),(19,'2024_08_01_053024_create_roles_table',1),(20,'2024_08_01_054220_create_permissions_table',1),(21,'2024_08_01_054327_create_role_permissions_table',1),(22,'2024_08_01_075544_create_blood_types_table',1),(23,'2024_08_01_081339_create_regions_table',1),(24,'2024_08_01_081513_create_districts_table',1),(25,'2024_08_01_081743_create_townships_table',1),(26,'2024_08_01_083204_create_nrc_region_ids_table',1),(27,'2024_08_01_083222_create_nrc_township_codes_table',1),(28,'2024_08_01_083242_create_nrc_signs_table',1),(29,'2024_08_01_101536_create_difficulty_levels_table',1),(30,'2024_08_01_110414_create_ministries_table',1),(31,'2024_08_01_110545_create_departments_table',1),(32,'2024_08_01_110637_create_divisions_table',1),(33,'2024_08_01_110728_create_sections_table',1),(34,'2024_08_01_112615_create_nationalities_table',1),(35,'2024_08_02_022151_create_marital_status_types_table',1),(36,'2024_08_02_038941_create_marital_statuses_table',1),(37,'2024_08_02_040941_create_staff_table',1),(38,'2024_08_02_041956_create_training_types_table',1),(39,'2024_08_02_044816_create_award_types_table',1),(40,'2024_08_02_045525_create_recommendations_table',1),(41,'2024_08_02_046256_create_division_ranks_table',1),(42,'2024_08_02_051401_create_social_activities_table',1),(43,'2024_08_02_051542_create_siblings_table',1),(44,'2024_08_02_060817_create_father__siblings_table',1),(45,'2024_08_02_062619_create_mother__siblings_table',1),(46,'2024_08_02_064647_create_spouses_table',1),(47,'2024_08_02_065449_create_childrens_table',1),(48,'2024_08_02_070351_create_spouse__siblings_table',1),(49,'2024_08_02_072029_create_spouse__father__siblings_table',1),(50,'2024_08_02_072421_create_spouse__mother__siblings_table',1),(51,'2024_08_03_040343_create_abroads_table',1),(52,'2024_08_03_040629_create_schools_table',1),(53,'2024_08_03_042802_create_punishment_criminals_table',1),(54,'2024_08_14_045444_create_staff_education_table',1),(55,'2024_08_14_053052_create_awards_table',1),(56,'2024_08_15_052753_create_awardings_table',1),(57,'2024_08_27_074039_create_past_occupations_table',1),(58,'2024_09_07_083226_create_division_types_table',1),(59,'2024_09_07_092720_create_leaves_table',1),(60,'2024_09_07_093933_create_increments_table',1),(61,'2024_09_17_091544_create_languages_table',1),(62,'2024_09_18_082046_create_staff_languages_table',1),(63,'2024_09_21_040942_create_postings_table',1),(64,'2024_09_22_042505_create_trainings_table',1),(65,'2024_09_23_044046_create_punishments_table',1),(66,'2024_09_23_063529_create_retire_types_table',1),(67,'2024_10_05_091718_create_salaries_table',1),(68,'2024_10_05_092818_create_promotions_table',1),(69,'2024_11_11_062157_create_statuses_table',1),(70,'2024_11_12_105304_create_labour_attendances_table',1),(71,'2024_11_13_025217_create_depromotions_table',1),(72,'2024_11_16_111332_create_last_pay_certificates_table',1),(73,'2024_11_23_074721_create_letter_types_table',1),(74,'2025_0001_01_01_000001_create_cache_table',1),(75,'2025_0001_01_01_000002_create_jobs_table',1),(76,'2025_01_01_01_000000_create_users_table',1),(77,'2024_12_04_042836_add_family_in_politics_text_to_staff',2),(78,'2024_12_04_033923_change_integer_to_string_in_military_pension',3),(79,'2024_12_06_055747_change_fees_from_training_from_integer_to_string--table=trainings',4),(80,'2024_12_06_064356_add_country_id_to_staff_education',4),(81,'2024_12_06_070135_add_column_name_to_labour_attendances_table',4),(82,'2024_12_06_071321_add_batch_to_trainings',4),(83,'2024_12_07_084852_create_failed_jobs_table',5),(84,'2024_12_07_085017_create_job_batches_table',6),(85,'2024_12_07_085110_create_jobs_table',7),(86,'2024_12_10_064125_add_is_dica_column_to_rank',7),(87,'2024_12_11_112726_add_column_has_military_friend_to_staffs',8),(88,'2024_12_12_075706_add_sort_no_to_staff_table',8),(89,'2024_12_12_094419_add_column_change_date_type_of_sort_no_to_staff',8),(90,'2024_12_13_090027_modify_allowed_qty_column_in_ranks_table',9),(93,'2024_12_13_090948_change_dep_idand_divisin_id_to_postings',10),(94,'2024_12_14_075510_modify_columns_to_schools_table',10),(95,'2024_12_14_093011_drop_column_name_to_awardings_table',10),(96,'2024_12_14_101044_drop_column_name_to_awards_table',10),(97,'2024_12_14_110308_drop_columns_from_abroads_table',10),(98,'2024_12_17_095926_drop_column_name_to_staffs_table',10),(99,'2024_12_17_110222_remove_columns_from_recommendations_table',10),(100,'2024_12_18_040359_drop_column_name_to_schools_table',10),(101,'2024_12_18_043211_drop_column_name_to_trainings_table',10),(102,'2024_12_19_094746_change_column_types_for_schools_table',10),(103,'2024_12_19_102836_remove_column_from_abroads_table',10),(104,'2024_12_19_103012_create_abroad_countries_table',10),(105,'2024_12_23_101911_drop_columns_from_social_activities_table',10),(106,'2024_12_23_103535_add_column_to_staff_education_table',10),(107,'2024_12_27_080258_change_column_type_from_staffs_table',10),(108,'2022_11_06_085110_create_jobs_table',11),(109,'2022_11_07_085017_create_job_batches_table',11),(110,'2022_12_07_084852_create_failed_jobs_table',11),(111,'2025_01_10_103253_add_feats_country_id_column_from_staff_educations_table',12),(112,'2025_01_11_044907_change_data_types_of_name_in_dep_tables',13),(113,'2025_01_11_100342_create_relation_ship_types_table',13),(119,'2025_01_11_105530_add_relation_type_id_to_relations',14),(120,'2025_01_15_070240_drop_and_add_cols_from_postings_table',14),(121,'2025_01_15_091627_drop_and_add_cols_from_past_occupations_table',14),(122,'2025_01_15_143218_create_military_services_table',14),(123,'2025_01_15_143232_add_new_col_to_staffs_table',14),(124,'2025_01_13_102204_add_new_columns_to_ranks_table',15),(125,'2025_01_16_105914_drop_table_from_past_occupations_table',16),(126,'2025_01_16_111534_create_rewards_table',16),(127,'2025_01_18_085025_add_columns_to_staff_table',16),(128,'2025_01_22_090014_remove_columns_from_staff_table',17),(129,'2025_01_22_090924_change_column_type_from_pension_years_table',17),(130,'2025_01_22_093935_manage_education_column_in_schools_table',17),(131,'2025_02_04_101429_add_column_to_pension_types_table',18),(132,'2025_02_08_085213_add_education_group_id_to_education',19),(133,'2025_02_10_084039_add_request_attach_col_to_staffs_table',19),(134,'2025_02_10_103353_remove_columns_for_retirement_in_staff_table',19),(135,'2025_02_13_040731_add_last_increment_date_to_staff',19),(136,'2025_02_14_081453_drop_column_education_group_id_from_education_types',19),(137,'2025_02_14_081926_drop_column_education_group_id_education_type_id_from_staff_education',19),(138,'2025_02_17_081321_add_new_cols_to_education_table',20),(139,'2025_02_19_040115_new_column_name_to_staff_table',20),(140,'2025_02_28_075441_add_towns_in_abroads',21),(141,'2025_02_28_082436_add_is_training_in_abroads',21);
/*!40000 ALTER TABLE `migrations` ENABLE KEYS */;
UNLOCK TABLES;

--
-- Table structure for table `military_services`
--

DROP TABLE IF EXISTS `military_services`;
/*!40101 SET @saved_cs_client     = @@character_set_client */;
/*!50503 SET character_set_client = utf8mb4 */;
CREATE TABLE `military_services` (
  `id` bigint unsigned NOT NULL AUTO_INCREMENT,
  `name` text COLLATE utf8mb4_unicode_ci,
  `created_at` timestamp NULL DEFAULT NULL,
  `updated_at` timestamp NULL DEFAULT NULL,
  PRIMARY KEY (`id`)
) ENGINE=InnoDB AUTO_INCREMENT=4 DEFAULT CHARSET=utf8mb4 COLLATE=utf8mb4_unicode_ci;
/*!40101 SET character_set_client = @saved_cs_client */;

--
-- Dumping data for table `military_services`
--

LOCK TABLES `military_services` WRITE;
/*!40000 ALTER TABLE `military_services` DISABLE KEYS */;
INSERT INTO `military_services` VALUES (1,'တာ၀န်ထမ်းဆောင်ရန်ကျန်','2025-01-15 21:04:56','2025-01-15 21:04:56'),(2,'တာ၀န်ထမ်းဆောင်စဲ','2025-01-15 21:04:56','2025-01-15 21:04:56'),(3,'တာ၀န်ထမ်းဆောင်ပြီး','2025-01-15 21:04:56','2025-01-15 21:04:56');
/*!40000 ALTER TABLE `military_services` ENABLE KEYS */;
UNLOCK TABLES;

--
-- Table structure for table `ministries`
--

DROP TABLE IF EXISTS `ministries`;
/*!40101 SET @saved_cs_client     = @@character_set_client */;
/*!50503 SET character_set_client = utf8mb4 */;
CREATE TABLE `ministries` (
  `id` bigint unsigned NOT NULL AUTO_INCREMENT,
  `name` varchar(255) CHARACTER SET utf8mb4 COLLATE utf8mb4_unicode_ci NOT NULL,
  `created_at` timestamp NULL DEFAULT NULL,
  `updated_at` timestamp NULL DEFAULT NULL,
  PRIMARY KEY (`id`)
) ENGINE=InnoDB AUTO_INCREMENT=61 DEFAULT CHARSET=utf8mb4 COLLATE=utf8mb4_unicode_ci;
/*!40101 SET character_set_client = @saved_cs_client */;

--
-- Dumping data for table `ministries`
--

LOCK TABLES `ministries` WRITE;
/*!40000 ALTER TABLE `ministries` DISABLE KEYS */;
INSERT INTO `ministries` VALUES (1,'နိုင်ငံတော်စီမံအုပ်ချုပ်ရေးကောင်စီရုံး','2025-01-15 21:10:03','2025-01-15 21:10:03'),(2,'ပြည်ထောင်စုအစိုးရအဖွဲ့ရုံး','2025-01-15 21:10:03','2025-01-15 21:10:03'),(3,'ပြည်ထောင်စုလွှတ်တော်ရုံး','2025-01-15 21:10:03','2025-01-15 21:10:03'),(4,'ပြည်သူ့လွှတ်တော်ရုံး','2025-01-15 21:10:03','2025-01-15 21:10:03'),(5,'အမျိုးသားလွှတ်တော်ရုံး','2025-01-15 21:10:03','2025-01-15 21:10:03'),(6,'ပြည်ထောင်စုတရားလွှတ်တော်ချုပ်','2025-01-15 21:10:03','2025-01-15 21:10:03'),(7,'နိုင်ငံတော်ဖွဲ့စည်းပုံအခြေခံဥပဒေဆိုင်ရာခုံရုံး','2025-01-15 21:10:03','2025-01-15 21:10:03'),(8,'ပြည်ထောင်စုရွေးကောက်ပွဲကော်မရှင်ရုံး','2025-01-15 21:10:03','2025-01-15 21:10:03'),(9,'ပို့ဆောင်ရေးနှင့်ဆက်သွယ်ရေးဝန်ကြီးဌာန','2025-01-15 21:10:03','2025-01-15 21:10:03'),(10,'ကာကွယ်ရေးဝန်ကြီးဌာန','2025-01-15 21:10:03','2025-01-15 21:10:03'),(11,'ပြည်ထဲရေးဝန်ကြီးဌာန','2025-01-15 21:10:03','2025-01-15 21:10:03'),(12,'စီမံကိန်းနှင့်ဘဏ္ဍာရေးဝန်ကြီးဌာန','2025-01-15 21:10:03','2025-01-15 21:10:03'),(13,'နိုင်ငံခြားရေးဝန်ကြီးဌာန','2025-01-15 21:10:03','2025-01-15 21:10:03'),(14,'နယ်စပ်ရေးရာဝန်ကြီးဌာန','2025-01-15 21:10:03','2025-01-15 21:10:03'),(15,'ရင်းနှီးမြှုပ်နှံမှုနှင့်နိုင်ငံခြားစီးပွားဆက်သွယ်ရေးဝန်ကြီးဌာန','2025-01-15 21:10:03','2025-01-15 21:10:03'),(16,'ဥပဒေရေးရာဝန်ကြီးဌာန','2025-01-15 21:10:03','2025-01-15 21:10:03'),(17,'အပြည်ပြည်ဆိုင်ရာပူးပေါင်းဆောင်ရွက်ရေးဝန်ကြီးဌာန','2025-01-15 21:10:03','2025-01-15 21:10:03'),(18,'ပြန်ကြားရေးဝန်ကြီးဌာန','2025-01-15 21:10:03','2025-01-15 21:10:03'),(19,'သာသနာရေးနှင့် ယဉ်ကျေးမှုဝန်ကြီးဌာန','2025-01-15 21:10:03','2025-01-15 21:10:03'),(20,'စိုက်ပျိုးရေး၊ မွေးမြူရေးနှင့်ဆည်မြောင်းဝန်ကြီးဌာန','2025-01-15 21:10:03','2025-01-15 21:10:03'),(21,'သမဝါယမနှင့်ကျေးလက်ဖွံ့ဖြိုးရေးဝန်ကြီးဌာန','2025-01-15 21:10:03','2025-01-15 21:10:03'),(22,'သယံဇာတနှင့်သဘာဝပတ်ဝန်းကျင်ထိန်းသိမ်းရေးဝန်ကြီးဌာန','2025-01-15 21:10:03','2025-01-15 21:10:03'),(23,'လျှပ်စစ်စွမ်းအားဝန်ကြီးဌာန','2025-01-15 21:10:03','2025-01-15 21:10:03'),(24,'စွမ်းအင်ဝန်ကြီးဌာန','2025-01-15 21:10:03','2025-01-15 21:10:03'),(25,'စက်မှုဝန်ကြီးဌာန','2025-01-15 21:10:03','2025-01-15 21:10:03'),(26,'လူဝင်မှုကြီးကြပ်ရေးနှင့်ပြည်သူ့အင်အားဝန်ကြီးဌာန','2025-01-15 21:10:03','2025-01-15 21:10:03'),(27,'အလုပ်သမားဝန်ကြီးဌာန','2025-01-15 21:10:03','2025-01-15 21:10:03'),(28,'စီးပွားရေးနှင့်ကူးသန်းရောင်းဝယ်ရေးဝန်ကြီးဌာန','2025-01-15 21:10:03','2025-01-15 21:10:03'),(29,'ပညာရေးဝန်ကြီးဌာန','2025-01-15 21:10:03','2025-01-15 21:10:03'),(30,'သိပ္ပံနှင့်နည်းပညာဝန်ကြီးဌာန','2025-01-15 21:10:03','2025-01-15 21:10:03'),(31,'ကျန်းမာရေးဝန်ကြီးဌာန','2025-01-15 21:10:03','2025-01-15 21:10:03'),(32,'အားကစားနှင့်လူငယ်ရေးရာဝန်ကြီးဌာန','2025-01-15 21:10:03','2025-01-15 21:10:03'),(33,'ဆောက်လုပ်ရေးဝန်ကြီးဌာန','2025-01-15 21:10:03','2025-01-15 21:10:03'),(34,'လူမှုဝန်ထမ်းကယ်ဆယ်ရေးနှင့်ပြန်လည်နေရာချထားရေးဝန်ကြီးဌာန','2025-01-15 21:10:03','2025-01-15 21:10:03'),(35,'ဟိုတယ်နှင့်ခရီးသွားလာရေးဝန်ကြီးဌာန','2025-01-15 21:10:03','2025-01-15 21:10:03'),(36,'တိုင်းရင်းသားလူမျိုးများရေးရာဝန်ကြီးဌာန','2025-01-15 21:10:03','2025-01-15 21:10:03'),(37,'ပြည်ထောင်စုစာရင်းစစ်ချုပ်ရုံး','2025-01-15 21:10:03','2025-01-15 21:10:03'),(38,'ပြည်ထောင်စုရာထူးဝန်အဖွဲ့','2025-01-15 21:10:03','2025-01-15 21:10:03'),(39,'နေပြည်တော်ကောင်စီ','2025-01-15 21:10:03','2025-01-15 21:10:03'),(40,'ကချင်ပြည်နယ်အစိုးရအဖွဲ့','2025-01-15 21:10:03','2025-01-15 21:10:03'),(41,'ကယားပြည်နယ်အစိုးရအဖွဲ့','2025-01-15 21:10:03','2025-01-15 21:10:03'),(42,'ကရင်ပြည်နယ်အစိုးရအဖွဲ့','2025-01-15 21:10:03','2025-01-15 21:10:03'),(43,'ချင်းပြည်နယ်အစိုးရအဖွဲ့','2025-01-15 21:10:03','2025-01-15 21:10:03'),(44,'စစ်ကိုင်းတိုင်းဒေသကြီးအစိုးရအဖွဲ့','2025-01-15 21:10:03','2025-01-15 21:10:03'),(45,'တနင်္သာရီတိုင်းဒေသကြီးအစိုးရအဖွဲ့','2025-01-15 21:10:03','2025-01-15 21:10:03'),(46,'ပဲခူးတိုင်းဒေသကြီးအစိုးရအဖွဲ့','2025-01-15 21:10:03','2025-01-15 21:10:03'),(47,'မကွေးတိုင်းဒေသကြီးအစိုးရအဖွဲ့','2025-01-15 21:10:03','2025-01-15 21:10:03'),(48,'မန္တလေးတိုင်းဒေသကြီးအစိုးရအဖွဲ့','2025-01-15 21:10:03','2025-01-15 21:10:03'),(49,'မွန်ပြည်နယ်အစိုးရအဖွဲ့','2025-01-15 21:10:03','2025-01-15 21:10:03'),(50,'ရခိုင်ပြည်နယ်အစိုးရအဖွဲ့','2025-01-15 21:10:03','2025-01-15 21:10:03'),(51,'ရန်ကုန်တိုင်းဒေသကြီးအစိုးရအဖွဲ့','2025-01-15 21:10:03','2025-01-15 21:10:03'),(52,'ရှမ်းပြည်နယ်အစိုးရအဖွဲ့','2025-01-15 21:10:03','2025-01-15 21:10:03'),(53,'ဧရာဝတီတိုင်းဒေသကြီးအစိုးရအဖွဲ့','2025-01-15 21:10:03','2025-01-15 21:10:03'),(54,'မြန်မာနိုင်ငံတော်ဗဟိုဘဏ်','2025-01-15 21:10:03','2025-01-15 21:10:03'),(55,'အဂတိလိုက်စားမှုတိုက်ဖျက်ရေးကော်မရှင်ရုံး','2025-01-15 21:10:03','2025-01-15 21:10:03'),(56,'နေပြည်တော်စည်ပင်သာယာရေးကော်မတီ','2025-01-15 21:10:03','2025-01-15 21:10:03'),(57,'ရန်ကုန်မြို့တော်စည်ပင်သာယာရေးကော်မတီ','2025-01-15 21:10:03','2025-01-15 21:10:03'),(58,'မန္တလေးမြို့တော်စည်ပင်သာယာရေးကော်မတီ','2025-01-15 21:10:03','2025-01-15 21:10:03'),(59,'အမျိုးသားစီမံကိန်းနှင့် စီးပွားရေးဖွံ့ဖြိုးတိုးတက်မှုဝန်ကြီးဌာန','2025-01-15 21:58:54','2025-01-15 21:58:54'),(60,'သမ္မတရုံးဝန်ကြီးဌာန (၅)','2025-01-30 02:47:39','2025-01-30 02:47:39');
/*!40000 ALTER TABLE `ministries` ENABLE KEYS */;
UNLOCK TABLES;

--
-- Table structure for table `mother_siblings`
--

DROP TABLE IF EXISTS `mother_siblings`;
/*!40101 SET @saved_cs_client     = @@character_set_client */;
/*!50503 SET character_set_client = utf8mb4 */;
CREATE TABLE `mother_siblings` (
  `id` bigint unsigned NOT NULL AUTO_INCREMENT,
  `staff_id` bigint unsigned DEFAULT NULL,
  `name` varchar(255) CHARACTER SET utf8mb4 COLLATE utf8mb4_unicode_ci NOT NULL,
  `ethnic_id` bigint unsigned DEFAULT NULL,
  `religion_id` bigint unsigned DEFAULT NULL,
  `gender_id` bigint unsigned DEFAULT NULL,
  `place_of_birth` varchar(255) CHARACTER SET utf8mb4 COLLATE utf8mb4_unicode_ci NOT NULL,
  `occupation` varchar(255) CHARACTER SET utf8mb4 COLLATE utf8mb4_unicode_ci NOT NULL,
  `address` varchar(255) CHARACTER SET utf8mb4 COLLATE utf8mb4_unicode_ci NOT NULL,
  `relation_id` bigint unsigned DEFAULT NULL,
  `created_at` timestamp NULL DEFAULT NULL,
  `updated_at` timestamp NULL DEFAULT NULL,
  PRIMARY KEY (`id`),
  KEY `mother_siblings_staff_id_foreign` (`staff_id`),
  KEY `mother_siblings_ethnic_id_foreign` (`ethnic_id`),
  KEY `mother_siblings_religion_id_foreign` (`religion_id`),
  KEY `mother_siblings_gender_id_foreign` (`gender_id`),
  KEY `mother_siblings_relation_id_foreign` (`relation_id`),
  CONSTRAINT `mother_siblings_ethnic_id_foreign` FOREIGN KEY (`ethnic_id`) REFERENCES `ethnics` (`id`) ON DELETE SET NULL,
  CONSTRAINT `mother_siblings_gender_id_foreign` FOREIGN KEY (`gender_id`) REFERENCES `genders` (`id`) ON DELETE SET NULL,
  CONSTRAINT `mother_siblings_relation_id_foreign` FOREIGN KEY (`relation_id`) REFERENCES `relations` (`id`) ON DELETE SET NULL,
  CONSTRAINT `mother_siblings_religion_id_foreign` FOREIGN KEY (`religion_id`) REFERENCES `religions` (`id`) ON DELETE SET NULL,
  CONSTRAINT `mother_siblings_staff_id_foreign` FOREIGN KEY (`staff_id`) REFERENCES `staff` (`id`) ON DELETE CASCADE
) ENGINE=InnoDB AUTO_INCREMENT=136 DEFAULT CHARSET=utf8mb4 COLLATE=utf8mb4_unicode_ci;
/*!40101 SET character_set_client = @saved_cs_client */;

--
-- Dumping data for table `mother_siblings`
--

LOCK TABLES `mother_siblings` WRITE;
/*!40000 ALTER TABLE `mother_siblings` DISABLE KEYS */;
INSERT INTO `mother_siblings` VALUES (7,8,'ဒေါ်နန်းမြအေး',103,1,1,'ပင်လုံ','မှီခို','အမှတ် (၁၃)၊ ခွာညို လမ်း၊ ရပ်ကွက် (၁)၊ ပင်လုံမြို့',8,'2024-12-08 22:37:54','2024-12-08 22:37:54'),(23,7,'(ဒေါ်ငွေယိမ်း) ၂၀၂၁',86,1,2,'လပွတ္တာ','မြို့နယ် ပညာရေးမှူး (ငြိမ်း)','၆၃၅ A(C-2)၊ ရိုးမရိပ်သာပြည်လမ်း၊ ကမာရွတ်မြို့နယ်၊ရန်ကုန်။',11,'2024-12-10 22:14:38','2025-02-24 01:57:06'),(27,21,'ဒေါ်စိုးစိုး',86,1,2,'ရန်ကုန်','ကွယ်လွန် (၂၀၂၁ ခုနှစ်)','အမှတ်(၁၂၈/ခ)၊ စပယ်မြိုင်လမ်း၊ (၁၇)ရပ်ကွက်၊ ဒဂုံမြို့သစ်(တောင်ပိုင်း) မြို့နယ်၊ ရန်ကုန်တိုင်းဒေသကြီး။',11,'2024-12-12 22:53:03','2024-12-12 22:53:03'),(29,25,'ဦးရှောကြည် ',103,4,1,'တောင်ကြီး','အင်ဂျင်နီယာချုပ်(ငြိမ်း) ',' ဆ.လ.က	အမှတ်(၁၈)၊ ဝန်ကြီးလမ်း၊ ရေအေးကွင်းရပ်၊ တောင်ကြီးမြို့',7,'2024-12-13 03:24:02','2024-12-13 03:24:02'),(99,33,'ဒေါ်ရွှေမြိုင်',86,1,2,'မြောင်မြို့နယ်၊ စစ်ကိုင်းတိုင်း ဒေသကြီး','','(၂၇-၆-၂၀၂၂) ရက်နေ့တွင် ကွယ်လွန်',11,'2025-01-10 02:30:47','2025-01-10 02:30:47'),(100,33,'ဦးမြသိန်း',86,1,1,'မြောင်မြို့နယ်၊ စစ်ကိုင်းတိုင်း ဒေသကြီး','','(၂၇-၁-၂၀၁၅) ရက်နေ့တွင် ကွယ်လွန်',10,'2025-01-10 02:30:47','2025-01-10 02:30:47'),(104,34,'ဒေါ်အုန်းကြည်',86,1,2,'အထက်ပေကုန်းကျေးရွာ၊ ဝါးခယ်မမြို့နယ်၊ ဧရာဝတီ တိုင်းဒေသကြီး။','','ကွယ်လွန် (၂၀၀၈ ခုနှစ်)',8,'2025-01-13 22:58:58','2025-01-13 22:58:58'),(105,34,'ဦးထွန်းရင်',86,1,1,'အထက်ပေကုန်းကျေးရွာ၊ ဝါးခယ်မ မြို့နယ်၊ ဧရာဝတီတိုင်း ဒေသကြီး။','','ကွယ်လွန် (၁၉၈၄ ခုနှစ်)',7,'2025-01-13 22:58:58','2025-01-13 22:58:58'),(106,34,'ဦးစန်းမြင့်',86,1,1,'အထက်ပေကုန်းကျေးရွာ၊ ဝါးခယ်မ မြို့နယ်၊ ဧရာဝတီတိုင်း ဒေသကြီး။','ဝန်ထမ်း (အငြိမ်းစား)၊ ကျန်းမာရေး ဝန်ကြီးဌာန','ကွယ်လွန် (၂၀၁၁ ခုနှစ်) ',7,'2025-01-13 22:58:58','2025-01-13 22:58:58'),(107,35,'ဒေါ်မေရီမြင့်',86,1,2,'ဂန့်ဂေါမြို့','စက်ချုပ်','အပိုင်း(၂) ၊ အေးမြသာယာ၊ မြစ်ကြီးနားမြို့',11,'2025-01-16 01:34:07','2025-01-16 01:34:07'),(108,35,'ဦးထွန်းထွန်းနိုင်',86,1,1,'မြစ်ကြီးနားမြို့','ဘဏ်ဝန်ထမ်း','အပိုင်း(၄) ၊ အေးမြသာယာ၊ မြစ်ကြီးနားမြို့',10,'2025-01-16 01:34:07','2025-01-16 01:34:07'),(109,35,'ဦးချန်ထွန်းဝင်း',86,1,1,'မြစ်ကြီးနားမြို့','မှီခို','ပမ္မတီး ရပ်ကွက်၊ မြစ်ကြီးနားမြို့',10,'2025-01-16 01:34:07','2025-01-16 01:34:07'),(110,35,'ဦးအောင်မိုးနိုင်',86,1,1,'မြစ်ကြီးနားမြို့','တောင်သူ','ရွှေအိုက်ရပ်ကွက်၊ မြစ်ကြီးနားမြို့',10,'2025-01-16 01:49:23','2025-01-16 01:49:23'),(111,35,'ဦးအောင်သန်း မြင့်',86,1,1,'မြစ်ကြီးနားမြို့','စစ်မှုထမ်း (ငြိမ်း)','ဘုတ်ပြင်းမြို့၊ တနင်္သာရီတိုင်း',10,'2025-01-16 01:49:23','2025-01-16 01:49:23'),(112,35,'ဦးယဉ်ထွေး',86,1,1,'မြစ်ကြီးနားမြို့','တောင်သူ','အပိုင်း(၄)၊ အေးမြသာယာ၊ မြစ်ကြီးနားမြို့',10,'2025-01-16 01:49:23','2025-01-16 01:49:23'),(113,36,'ဒေါ်သန်းသန်းနု',86,1,2,'ကျားကျေးရွာ၊ ရွှေဘိုမြို့','မှီခို','ကျားကျေးရွာ၊ ‌ရွှေဘိုမြို့',11,'2025-01-16 02:38:49','2025-01-16 02:38:49'),(124,54,'ဒေါ်ဌေးကြည်',86,1,2,'ပေါက်ခေါင်း','မှီခို','ပိန်းတောကျေးရွာ၊ ပေါက်ခေါင်းမြို့နယ်၊ ပဲခူးတိုင်းဒေသကြီး',11,'2025-01-28 02:39:12','2025-01-28 02:39:12'),(127,53,'ဒေါ်ခင်မာ',86,1,2,'မြင်းကကုန်းကျေးရွာ၊ ဘိုကလေးမြို့နယ်၊ ဧရာဝတီတိုင်းဒေသကြီး','ကုန်သည်','မြင်းကကုန်းကျေးရွာ၊ ဘိုကလေးမြို့နယ်၊ ဧရာဝတီတိုင်းဒေသကြီး',11,'2025-01-28 02:55:23','2025-01-28 02:55:23'),(128,60,'ဒေါ်ကြည်ကြည်ခိုင်',86,1,2,'ရန်ကုန်တိုင်းဒေသကြီး','ဒုတိယညွှန်ကြားရေးမှူး(ကျောက်ဆည်တက္ကသိုလ်)','အခန်း(၂၀၂)၊ တိုက်အမှတ်(၂)၊ မြိုင်ဟေဝန်အိမ်ရာ၊ မရမ်းကုန်းမြို့နယ်၊ ရန်ကုန်တိုင်းဒေသကြီး။',11,'2025-02-27 02:26:57','2025-02-27 23:04:30'),(129,55,'ဒေါ်စန်းစန်းထွေး',86,1,2,'ရန်ကုန်မြို့','အငြိမ်းစား','မီးဒုံးလမ်းသွယ်(၃)၊ သုဝဏ္ဏမြို့ တိုက်(၉၇)၊ အခန်း(၆)',11,'2025-02-27 22:06:09','2025-02-27 22:06:09'),(130,57,'ဒေါ်လှသန္တာ',96,1,2,'စစ်တွေမြို့','မှီခို','အိမ်အမှတ်၊ (ဘီ-၁၀၀)၊ ပန်းခြံ(၃)လမ်း၊  (၇) ရပ်ကွက်၊ မင်းရဲ ကျော်စွာလမ်း၊ရွှေပြည်သာမြို့နယ်၊ရန်ကုန်မြို့။',8,'2025-02-27 22:27:33','2025-02-27 22:27:33'),(131,57,'ဒေါ်လှသဇင်',96,1,2,'စစ်တွေမြို့','မှီခို','အိမ်အမှတ်၊ (ဘီ-၁၀၀)၊ ပန်းခြံ(၃)လမ်း၊ (၇)ရပ်ကွက်၊ မင်းရဲကျော်စွာလမ်း၊ ရွှေပြည်သာမြို့နယ်၊ရန်ကုန်မြို့။',11,'2025-02-27 22:27:33','2025-02-27 22:27:33'),(134,61,'ဒေါ်ညိုညိုစန်း',86,1,1,'ရန်ကုန်မြို့','မှီခို','လေးထောင့်ကန်ကျေးရွာ၊ ဘူတာပိုင်းအမှတ်(၂)လမ်း၊ ဒဂုံမြို့သစ်အရှေ့ပိုင်း မြို့နယ်',11,'2025-02-28 02:42:16','2025-02-28 02:42:16'),(135,62,'ဦးတင်ကြိုင်',86,1,1,'ကျောက်ဆည်မြို့နယ်','တောင်သူ','အမှတ်-၂၊ တောင်နောက်၊ ကျောက်ဆည်မြို့နယ်၊ မန္တလေးတိုင်းဒေသကြီး။',7,'2025-02-28 03:33:47','2025-02-28 03:33:47');
/*!40000 ALTER TABLE `mother_siblings` ENABLE KEYS */;
UNLOCK TABLES;

--
-- Table structure for table `nationalities`
--

DROP TABLE IF EXISTS `nationalities`;
/*!40101 SET @saved_cs_client     = @@character_set_client */;
/*!50503 SET character_set_client = utf8mb4 */;
CREATE TABLE `nationalities` (
  `id` bigint unsigned NOT NULL AUTO_INCREMENT,
  `name` varchar(255) CHARACTER SET utf8mb4 COLLATE utf8mb4_unicode_ci NOT NULL,
  `created_at` timestamp NULL DEFAULT NULL,
  `updated_at` timestamp NULL DEFAULT NULL,
  PRIMARY KEY (`id`)
) ENGINE=InnoDB AUTO_INCREMENT=9 DEFAULT CHARSET=utf8mb4 COLLATE=utf8mb4_unicode_ci;
/*!40101 SET character_set_client = @saved_cs_client */;

--
-- Dumping data for table `nationalities`
--

LOCK TABLES `nationalities` WRITE;
/*!40000 ALTER TABLE `nationalities` DISABLE KEYS */;
INSERT INTO `nationalities` VALUES (1,'ကချင်','2024-12-12 22:33:21','2024-12-12 22:33:21'),(2,'ကယား','2024-12-12 22:33:21','2024-12-12 22:33:21'),(3,'ကရင်','2024-12-12 22:33:21','2024-12-12 22:33:21'),(4,'ချင်း','2024-12-12 22:33:21','2024-12-12 22:33:21'),(5,'ဗမာ','2024-12-12 22:33:21','2024-12-12 22:33:21'),(6,'မွန်','2024-12-12 22:33:21','2024-12-12 22:33:21'),(7,'ရခိုင်','2024-12-12 22:33:21','2024-12-12 22:33:21'),(8,'ရှမ်း','2024-12-12 22:33:21','2024-12-12 22:33:21');
/*!40000 ALTER TABLE `nationalities` ENABLE KEYS */;
UNLOCK TABLES;

--
-- Table structure for table `nrc_region_ids`
--

DROP TABLE IF EXISTS `nrc_region_ids`;
/*!40101 SET @saved_cs_client     = @@character_set_client */;
/*!50503 SET character_set_client = utf8mb4 */;
CREATE TABLE `nrc_region_ids` (
  `id` bigint unsigned NOT NULL AUTO_INCREMENT,
  `name` varchar(255) CHARACTER SET utf8mb4 COLLATE utf8mb4_unicode_ci NOT NULL,
  `created_at` timestamp NULL DEFAULT NULL,
  `updated_at` timestamp NULL DEFAULT NULL,
  PRIMARY KEY (`id`)
) ENGINE=InnoDB AUTO_INCREMENT=15 DEFAULT CHARSET=utf8mb4 COLLATE=utf8mb4_unicode_ci;
/*!40101 SET character_set_client = @saved_cs_client */;

--
-- Dumping data for table `nrc_region_ids`
--

LOCK TABLES `nrc_region_ids` WRITE;
/*!40000 ALTER TABLE `nrc_region_ids` DISABLE KEYS */;
INSERT INTO `nrc_region_ids` VALUES (1,'၁/','2024-12-12 22:33:26','2024-12-12 22:33:26'),(2,'၂/','2024-12-12 22:33:26','2024-12-12 22:33:26'),(3,'၃/','2024-12-12 22:33:26','2024-12-12 22:33:26'),(4,'၄/','2024-12-12 22:33:26','2024-12-12 22:33:26'),(5,'၅/','2024-12-12 22:33:26','2024-12-12 22:33:26'),(6,'၆/','2024-12-12 22:33:26','2024-12-12 22:33:26'),(7,'၇/','2024-12-12 22:33:26','2024-12-12 22:33:26'),(8,'၈/','2024-12-12 22:33:26','2024-12-12 22:33:26'),(9,'၉/','2024-12-12 22:33:26','2024-12-12 22:33:26'),(10,'၁၀/','2024-12-12 22:33:26','2024-12-12 22:33:26'),(11,'၁၁/','2024-12-12 22:33:26','2024-12-12 22:33:26'),(12,'၁၂/','2024-12-12 22:33:26','2024-12-12 22:33:26'),(13,'၁၃/','2024-12-12 22:33:26','2024-12-12 22:33:26'),(14,'၁၄/','2024-12-12 22:33:26','2024-12-12 22:33:26');
/*!40000 ALTER TABLE `nrc_region_ids` ENABLE KEYS */;
UNLOCK TABLES;

--
-- Table structure for table `nrc_signs`
--

DROP TABLE IF EXISTS `nrc_signs`;
/*!40101 SET @saved_cs_client     = @@character_set_client */;
/*!50503 SET character_set_client = utf8mb4 */;
CREATE TABLE `nrc_signs` (
  `id` bigint unsigned NOT NULL AUTO_INCREMENT,
  `name` varchar(255) CHARACTER SET utf8mb4 COLLATE utf8mb4_unicode_ci NOT NULL,
  `created_at` timestamp NULL DEFAULT NULL,
  `updated_at` timestamp NULL DEFAULT NULL,
  PRIMARY KEY (`id`)
) ENGINE=InnoDB AUTO_INCREMENT=4 DEFAULT CHARSET=utf8mb4 COLLATE=utf8mb4_unicode_ci;
/*!40101 SET character_set_client = @saved_cs_client */;

--
-- Dumping data for table `nrc_signs`
--

LOCK TABLES `nrc_signs` WRITE;
/*!40000 ALTER TABLE `nrc_signs` DISABLE KEYS */;
INSERT INTO `nrc_signs` VALUES (1,'(နိုင်)','2024-12-12 22:33:26','2024-12-12 22:33:26'),(2,'(ပြု)','2024-12-12 22:33:26','2024-12-12 22:33:26'),(3,'(ဧည့်)','2024-12-12 22:33:26','2024-12-12 22:33:26');
/*!40000 ALTER TABLE `nrc_signs` ENABLE KEYS */;
UNLOCK TABLES;

--
-- Table structure for table `nrc_township_codes`
--

DROP TABLE IF EXISTS `nrc_township_codes`;
/*!40101 SET @saved_cs_client     = @@character_set_client */;
/*!50503 SET character_set_client = utf8mb4 */;
CREATE TABLE `nrc_township_codes` (
  `id` bigint unsigned NOT NULL AUTO_INCREMENT,
  `name` varchar(255) CHARACTER SET utf8mb4 COLLATE utf8mb4_unicode_ci DEFAULT NULL,
  `nrc_region_id_id` bigint unsigned DEFAULT NULL,
  `created_at` timestamp NULL DEFAULT NULL,
  `updated_at` timestamp NULL DEFAULT NULL,
  PRIMARY KEY (`id`),
  KEY `nrc_township_codes_nrc_region_id_id_foreign` (`nrc_region_id_id`),
  CONSTRAINT `nrc_township_codes_nrc_region_id_id_foreign` FOREIGN KEY (`nrc_region_id_id`) REFERENCES `nrc_region_ids` (`id`) ON DELETE SET NULL
) ENGINE=InnoDB AUTO_INCREMENT=431 DEFAULT CHARSET=utf8mb4 COLLATE=utf8mb4_unicode_ci;
/*!40101 SET character_set_client = @saved_cs_client */;

--
-- Dumping data for table `nrc_township_codes`
--

LOCK TABLES `nrc_township_codes` WRITE;
/*!40000 ALTER TABLE `nrc_township_codes` DISABLE KEYS */;
INSERT INTO `nrc_township_codes` VALUES (1,'ကမတ',1,'2024-12-12 22:33:26','2024-12-12 22:33:26'),(2,'ကမန',1,'2024-12-12 22:33:26','2024-12-12 22:33:26'),(3,'ကပတ',1,'2024-12-12 22:33:26','2024-12-12 22:33:26'),(4,'ခဘဒ',1,'2024-12-12 22:33:26','2024-12-12 22:33:26'),(5,'ခလဖ',1,'2024-12-12 22:33:26','2024-12-12 22:33:26'),(6,'ခဖန',1,'2024-12-12 22:33:26','2024-12-12 22:33:26'),(7,'‌ဆဘတ',1,'2024-12-12 22:33:26','2024-12-12 22:33:26'),(8,'ဆဒန',1,'2024-12-12 22:33:26','2024-12-12 22:33:26'),(9,'ဆလန',1,'2024-12-12 22:33:26','2024-12-12 22:33:26'),(10,'ဆပဘ',1,'2024-12-12 22:33:26','2024-12-12 22:33:26'),(11,'တနန',1,'2024-12-12 22:33:26','2024-12-12 22:33:26'),(12,'ဒဖယ',1,'2024-12-12 22:33:26','2024-12-12 22:33:26'),(13,'နမန',1,'2024-12-12 22:33:26','2024-12-12 22:33:26'),(14,'ပဝန',1,'2024-12-12 22:33:26','2024-12-12 22:33:26'),(15,'ပတအ',1,'2024-12-12 22:33:26','2024-12-12 22:33:26'),(16,'ပနဒ',1,'2024-12-12 22:33:26','2024-12-12 22:33:26'),(17,'ဖကန',1,'2024-12-12 22:33:26','2024-12-12 22:33:26'),(18,'ဗမန',1,'2024-12-12 22:33:26','2024-12-12 22:33:26'),(19,'မခဘ',1,'2024-12-12 22:33:26','2024-12-12 22:33:26'),(20,'မကန',1,'2024-12-12 22:33:26','2024-12-12 22:33:26'),(21,'မလန',1,'2024-12-12 22:33:26','2024-12-12 22:33:26'),(22,'မကတ',1,'2024-12-12 22:33:26','2024-12-12 22:33:26'),(23,'မမန',1,'2024-12-12 22:33:26','2024-12-12 22:33:26'),(24,'မညန',1,'2024-12-12 22:33:26','2024-12-12 22:33:26'),(25,'မစန',1,'2024-12-12 22:33:26','2024-12-12 22:33:26'),(26,'ရဗယ',1,'2024-12-12 22:33:26','2024-12-12 22:33:26'),(27,'ရကန',1,'2024-12-12 22:33:26','2024-12-12 22:33:26'),(28,'လဂန',1,'2024-12-12 22:33:26','2024-12-12 22:33:26'),(29,'ဝမန',1,'2024-12-12 22:33:26','2024-12-12 22:33:26'),(30,'ဟပန',1,'2024-12-12 22:33:26','2024-12-12 22:33:26'),(31,'အဂယ',1,'2024-12-12 22:33:26','2024-12-12 22:33:26'),(32,'ဒမဆ',2,'2024-12-12 22:33:26','2024-12-12 22:33:26'),(33,'ဖဆန',2,'2024-12-12 22:33:26','2024-12-12 22:33:26'),(34,'ဖရဆ',2,'2024-12-12 22:33:26','2024-12-12 22:33:26'),(35,'ဘလခ',2,'2024-12-12 22:33:26','2024-12-12 22:33:26'),(36,'မစန',2,'2024-12-12 22:33:26','2024-12-12 22:33:26'),(37,'ရတန',2,'2024-12-12 22:33:26','2024-12-12 22:33:26'),(38,'ရသန',2,'2024-12-12 22:33:26','2024-12-12 22:33:26'),(39,'လကန',2,'2024-12-12 22:33:26','2024-12-12 22:33:26'),(40,'ကမမ',3,'2024-12-12 22:33:26','2024-12-12 22:33:26'),(41,'ကကရ',3,'2024-12-12 22:33:26','2024-12-12 22:33:26'),(42,'ကဆက',3,'2024-12-12 22:33:26','2024-12-12 22:33:26'),(43,'ကဒန',3,'2024-12-12 22:33:26','2024-12-12 22:33:26'),(44,'စကလ',3,'2024-12-12 22:33:26','2024-12-12 22:33:26'),(45,'ပကန',3,'2024-12-12 22:33:26','2024-12-12 22:33:26'),(46,'ဖပန',3,'2024-12-12 22:33:26','2024-12-12 22:33:26'),(47,'ဘသဆ',3,'2024-12-12 22:33:26','2024-12-12 22:33:26'),(48,'ဘအန',3,'2024-12-12 22:33:26','2024-12-12 22:33:26'),(49,'ဘဂလ',3,'2024-12-12 22:33:26','2024-12-12 22:33:26'),(50,'မဝတ',3,'2024-12-12 22:33:26','2024-12-12 22:33:26'),(51,'ရရသ',3,'2024-12-12 22:33:26','2024-12-12 22:33:26'),(52,'လဘန',3,'2024-12-12 22:33:26','2024-12-12 22:33:26'),(53,'လသန',3,'2024-12-12 22:33:26','2024-12-12 22:33:26'),(54,'ဝလမ',3,'2024-12-12 22:33:26','2024-12-12 22:33:26'),(55,'သတက',3,'2024-12-12 22:33:26','2024-12-12 22:33:26'),(56,'သတန',3,'2024-12-12 22:33:26','2024-12-12 22:33:26'),(57,'ကခန',4,'2024-12-12 22:33:26','2024-12-12 22:33:26'),(58,'ကပလ',4,'2024-12-12 22:33:26','2024-12-12 22:33:26'),(59,'ဆမန',4,'2024-12-12 22:33:26','2024-12-12 22:33:26'),(60,'တတန',4,'2024-12-12 22:33:26','2024-12-12 22:33:26'),(61,'တဇန',4,'2024-12-12 22:33:26','2024-12-12 22:33:26'),(62,'ထတလ',4,'2024-12-12 22:33:26','2024-12-12 22:33:26'),(63,'ပလဝ',4,'2024-12-12 22:33:26','2024-12-12 22:33:26'),(64,'ဖလန',4,'2024-12-12 22:33:26','2024-12-12 22:33:26'),(65,'မတန',4,'2024-12-12 22:33:26','2024-12-12 22:33:26'),(66,'မတပ',4,'2024-12-12 22:33:26','2024-12-12 22:33:26'),(67,'ရခဒ',4,'2024-12-12 22:33:26','2024-12-12 22:33:26'),(68,'ရဇန',4,'2024-12-12 22:33:26','2024-12-12 22:33:26'),(69,'ဟခန',4,'2024-12-12 22:33:26','2024-12-12 22:33:26'),(70,'ကလထ',5,'2024-12-12 22:33:26','2024-12-12 22:33:26'),(71,'ကလဝ',5,'2024-12-12 22:33:26','2024-12-12 22:33:26'),(72,'ကဘလ',5,'2024-12-12 22:33:26','2024-12-12 22:33:26'),(73,'ကလန',5,'2024-12-12 22:33:26','2024-12-12 22:33:26'),(74,'ကမန',5,'2024-12-12 22:33:26','2024-12-12 22:33:26'),(75,'ကနန',5,'2024-12-12 22:33:26','2024-12-12 22:33:26'),(76,'ကသန',5,'2024-12-12 22:33:26','2024-12-12 22:33:26'),(77,'ကလတ',5,'2024-12-12 22:33:26','2024-12-12 22:33:26'),(78,'ခပန',5,'2024-12-12 22:33:26','2024-12-12 22:33:26'),(79,'ခတန',5,'2024-12-12 22:33:26','2024-12-12 22:33:26'),(80,'ခဥန',5,'2024-12-12 22:33:26','2024-12-12 22:33:26'),(81,'ခဥတ',5,'2024-12-12 22:33:26','2024-12-12 22:33:26'),(82,'ငဇန',5,'2024-12-12 22:33:26','2024-12-12 22:33:26'),(83,'စကန',5,'2024-12-12 22:33:26','2024-12-12 22:33:26'),(84,'ဆမရ',5,'2024-12-12 22:33:26','2024-12-12 22:33:26'),(85,'ဆလက',5,'2024-12-12 22:33:26','2024-12-12 22:33:26'),(86,'တဆန',5,'2024-12-12 22:33:26','2024-12-12 22:33:26'),(87,'တမန',5,'2024-12-12 22:33:26','2024-12-12 22:33:26'),(88,'ထခန',5,'2024-12-12 22:33:26','2024-12-12 22:33:26'),(89,'ထပခ',5,'2024-12-12 22:33:26','2024-12-12 22:33:26'),(90,'ဒဟန',5,'2024-12-12 22:33:26','2024-12-12 22:33:26'),(91,'ဒပယ',5,'2024-12-12 22:33:26','2024-12-12 22:33:26'),(92,'နယန',5,'2024-12-12 22:33:26','2024-12-12 22:33:26'),(93,'ပလန',5,'2024-12-12 22:33:26','2024-12-12 22:33:26'),(94,'ပလဘ',5,'2024-12-12 22:33:26','2024-12-12 22:33:26'),(95,'ပဆန',5,'2024-12-12 22:33:26','2024-12-12 22:33:26'),(96,'ဖပန',5,'2024-12-12 22:33:26','2024-12-12 22:33:26'),(97,'ဗမန',5,'2024-12-12 22:33:26','2024-12-12 22:33:26'),(98,'ဘတလ',5,'2024-12-12 22:33:26','2024-12-12 22:33:26'),(99,'မမတ',5,'2024-12-12 22:33:26','2024-12-12 22:33:26'),(100,'မမန',5,'2024-12-12 22:33:26','2024-12-12 22:33:26'),(101,'မသန',5,'2024-12-12 22:33:26','2024-12-12 22:33:26'),(102,'မလန',5,'2024-12-12 22:33:26','2024-12-12 22:33:26'),(103,'မရန',5,'2024-12-12 22:33:26','2024-12-12 22:33:26'),(104,'မကန',5,'2024-12-12 22:33:26','2024-12-12 22:33:26'),(105,'မပလ',5,'2024-12-12 22:33:26','2024-12-12 22:33:26'),(106,'ယမပ',5,'2024-12-12 22:33:26','2024-12-12 22:33:26'),(107,'ရဘန',5,'2024-12-12 22:33:26','2024-12-12 22:33:26'),(108,'ရဥန',5,'2024-12-12 22:33:26','2024-12-12 22:33:26'),(109,'လရန',5,'2024-12-12 22:33:26','2024-12-12 22:33:26'),(110,'လဟန',5,'2024-12-12 22:33:26','2024-12-12 22:33:26'),(111,'ဝလန',5,'2024-12-12 22:33:26','2024-12-12 22:33:26'),(112,'ဝသန',5,'2024-12-12 22:33:26','2024-12-12 22:33:26'),(113,'ဟမလ',5,'2024-12-12 22:33:26','2024-12-12 22:33:26'),(114,'အရတ',5,'2024-12-12 22:33:26','2024-12-12 22:33:26'),(115,'အတန',5,'2024-12-12 22:33:26','2024-12-12 22:33:26'),(116,'ကစန',6,'2024-12-12 22:33:26','2024-12-12 22:33:26'),(117,'ကလအ',6,'2024-12-12 22:33:26','2024-12-12 22:33:26'),(118,'ကသန',6,'2024-12-12 22:33:26','2024-12-12 22:33:26'),(119,'ကရရ',6,'2024-12-12 22:33:26','2024-12-12 22:33:26'),(120,'ခမက',6,'2024-12-12 22:33:26','2024-12-12 22:33:26'),(121,'တသရ',6,'2024-12-12 22:33:26','2024-12-12 22:33:26'),(122,'ထဝန',6,'2024-12-12 22:33:26','2024-12-12 22:33:26'),(123,'ပကမ',6,'2024-12-12 22:33:26','2024-12-12 22:33:26'),(124,'ပလန',6,'2024-12-12 22:33:26','2024-12-12 22:33:26'),(125,'ပလတ',6,'2024-12-12 22:33:26','2024-12-12 22:33:26'),(126,'ဘပန',6,'2024-12-12 22:33:26','2024-12-12 22:33:26'),(127,'မတန',6,'2024-12-12 22:33:26','2024-12-12 22:33:26'),(128,'မအရ',6,'2024-12-12 22:33:26','2024-12-12 22:33:26'),(129,'မအန',6,'2024-12-12 22:33:26','2024-12-12 22:33:26'),(130,'မမန',6,'2024-12-12 22:33:26','2024-12-12 22:33:26'),(131,'ရဖန',6,'2024-12-12 22:33:26','2024-12-12 22:33:26'),(132,'လလန',6,'2024-12-12 22:33:26','2024-12-12 22:33:26'),(133,'သရခ',6,'2024-12-12 22:33:26','2024-12-12 22:33:26'),(134,'ကကန',7,'2024-12-12 22:33:26','2024-12-12 22:33:26'),(135,'ကတခ',7,'2024-12-12 22:33:26','2024-12-12 22:33:26'),(136,'ကဝန',7,'2024-12-12 22:33:26','2024-12-12 22:33:26'),(137,'ကပက',7,'2024-12-12 22:33:26','2024-12-12 22:33:26'),(138,'ဇကန',7,'2024-12-12 22:33:26','2024-12-12 22:33:26'),(139,'ညလပ',7,'2024-12-12 22:33:26','2024-12-12 22:33:26'),(140,'တငန',7,'2024-12-12 22:33:26','2024-12-12 22:33:26'),(141,'ထတပ',7,'2024-12-12 22:33:26','2024-12-12 22:33:26'),(142,'ဒဥန',7,'2024-12-12 22:33:26','2024-12-12 22:33:26'),(143,'နတလ',7,'2024-12-12 22:33:26','2024-12-12 22:33:26'),(144,'ပခန',7,'2024-12-12 22:33:26','2024-12-12 22:33:26'),(145,'ပမန',7,'2024-12-12 22:33:26','2024-12-12 22:33:26'),(146,'ပတတ',7,'2024-12-12 22:33:26','2024-12-12 22:33:26'),(147,'ပတန',7,'2024-12-12 22:33:26','2024-12-12 22:33:26'),(148,'ပခတ',7,'2024-12-12 22:33:26','2024-12-12 22:33:26'),(149,'ဖမန',7,'2024-12-12 22:33:26','2024-12-12 22:33:26'),(150,'မလန',7,'2024-12-12 22:33:26','2024-12-12 22:33:26'),(151,'မညန',7,'2024-12-12 22:33:26','2024-12-12 22:33:26'),(152,'ရတန',7,'2024-12-12 22:33:26','2024-12-12 22:33:26'),(153,'ရတရ',7,'2024-12-12 22:33:26','2024-12-12 22:33:26'),(154,'ရကန',7,'2024-12-12 22:33:26','2024-12-12 22:33:26'),(155,'လပတ',7,'2024-12-12 22:33:26','2024-12-12 22:33:26'),(156,'ဝမန',7,'2024-12-12 22:33:26','2024-12-12 22:33:26'),(157,'သဝတ',7,'2024-12-12 22:33:26','2024-12-12 22:33:26'),(158,'သနပ',7,'2024-12-12 22:33:26','2024-12-12 22:33:26'),(159,'သကန',7,'2024-12-12 22:33:26','2024-12-12 22:33:26'),(160,'အဖန',7,'2024-12-12 22:33:26','2024-12-12 22:33:26'),(161,'အတန',7,'2024-12-12 22:33:26','2024-12-12 22:33:26'),(162,'ကမန',8,'2024-12-12 22:33:26','2024-12-12 22:33:26'),(163,'ကထန',8,'2024-12-12 22:33:26','2024-12-12 22:33:26'),(164,'ခမန',8,'2024-12-12 22:33:26','2024-12-12 22:33:26'),(165,'ဂဂန',8,'2024-12-12 22:33:26','2024-12-12 22:33:26'),(166,'ငဖန',8,'2024-12-12 22:33:26','2024-12-12 22:33:26'),(167,'စလန',8,'2024-12-12 22:33:26','2024-12-12 22:33:26'),(168,'စတရ',8,'2024-12-12 22:33:26','2024-12-12 22:33:26'),(169,'ဆပဝ',8,'2024-12-12 22:33:26','2024-12-12 22:33:26'),(170,'ဆဖန',8,'2024-12-12 22:33:26','2024-12-12 22:33:26'),(171,'ဆမန',8,'2024-12-12 22:33:26','2024-12-12 22:33:26'),(172,'တတက',8,'2024-12-12 22:33:26','2024-12-12 22:33:26'),(173,'ထလန',8,'2024-12-12 22:33:26','2024-12-12 22:33:26'),(174,'နမန',8,'2024-12-12 22:33:26','2024-12-12 22:33:26'),(175,'ပဖန',8,'2024-12-12 22:33:26','2024-12-12 22:33:26'),(176,'ပခက',8,'2024-12-12 22:33:26','2024-12-12 22:33:26'),(177,'ပမန',8,'2024-12-12 22:33:26','2024-12-12 22:33:26'),(178,'မကန',8,'2024-12-12 22:33:26','2024-12-12 22:33:26'),(179,'မသန',8,'2024-12-12 22:33:26','2024-12-12 22:33:26'),(180,'မဘန',8,'2024-12-12 22:33:26','2024-12-12 22:33:26'),(181,'မလန',8,'2024-12-12 22:33:26','2024-12-12 22:33:26'),(182,'မမန',8,'2024-12-12 22:33:26','2024-12-12 22:33:26'),(183,'မထန',8,'2024-12-12 22:33:26','2024-12-12 22:33:26'),(184,'မတန',8,'2024-12-12 22:33:26','2024-12-12 22:33:26'),(185,'ရနခ',8,'2024-12-12 22:33:26','2024-12-12 22:33:26'),(186,'ရစက',8,'2024-12-12 22:33:26','2024-12-12 22:33:26'),(187,'သရန',8,'2024-12-12 22:33:26','2024-12-12 22:33:26'),(188,'အလန',8,'2024-12-12 22:33:26','2024-12-12 22:33:26'),(189,'ကဆန',9,'2024-12-12 22:33:27','2024-12-12 22:33:27'),(190,'ကပတ',9,'2024-12-12 22:33:27','2024-12-12 22:33:27'),(191,'ခအဇ',9,'2024-12-12 22:33:27','2024-12-12 22:33:27'),(192,'ခမစ',9,'2024-12-12 22:33:27','2024-12-12 22:33:27'),(193,'ငဇန',9,'2024-12-12 22:33:27','2024-12-12 22:33:27'),(194,'ငသရ',9,'2024-12-12 22:33:27','2024-12-12 22:33:27'),(195,'ညဥန',9,'2024-12-12 22:33:27','2024-12-12 22:33:27'),(196,'စကန',9,'2024-12-12 22:33:27','2024-12-12 22:33:27'),(197,'စကတ',9,'2024-12-12 22:33:27','2024-12-12 22:33:27'),(198,'ဇဗသ',9,'2024-12-12 22:33:27','2024-12-12 22:33:27'),(199,'ဇယသ',9,'2024-12-12 22:33:27','2024-12-12 22:33:27'),(200,'တကတ',9,'2024-12-12 22:33:27','2024-12-12 22:33:27'),(201,'တတဥ',9,'2024-12-12 22:33:27','2024-12-12 22:33:27'),(202,'တကန',9,'2024-12-12 22:33:27','2024-12-12 22:33:27'),(203,'တသန',9,'2024-12-12 22:33:27','2024-12-12 22:33:27'),(204,'ဒခသ',9,'2024-12-12 22:33:27','2024-12-12 22:33:27'),(205,'နထက',9,'2024-12-12 22:33:27','2024-12-12 22:33:27'),(206,'ပကခ',9,'2024-12-12 22:33:27','2024-12-12 22:33:27'),(207,'ပသက',9,'2024-12-12 22:33:27','2024-12-12 22:33:27'),(208,'ပဥလ',9,'2024-12-12 22:33:27','2024-12-12 22:33:27'),(209,'ပဘန',9,'2024-12-12 22:33:27','2024-12-12 22:33:27'),(210,'ပဗသ',9,'2024-12-12 22:33:27','2024-12-12 22:33:27'),(211,'ပမန',9,'2024-12-12 22:33:27','2024-12-12 22:33:27'),(212,'မနတ',9,'2024-12-12 22:33:27','2024-12-12 22:33:27'),(213,'မရမ',9,'2024-12-12 22:33:27','2024-12-12 22:33:27'),(214,'မရတ',9,'2024-12-12 22:33:27','2024-12-12 22:33:27'),(215,'မဟမ',9,'2024-12-12 22:33:27','2024-12-12 22:33:27'),(216,'မမန',9,'2024-12-12 22:33:27','2024-12-12 22:33:27'),(217,'မတရ',9,'2024-12-12 22:33:27','2024-12-12 22:33:27'),(218,'မကန',9,'2024-12-12 22:33:27','2024-12-12 22:33:27'),(219,'မနမ',9,'2024-12-12 22:33:27','2024-12-12 22:33:27'),(220,'မသန',9,'2024-12-12 22:33:27','2024-12-12 22:33:27'),(221,'မခန',9,'2024-12-12 22:33:27','2024-12-12 22:33:27'),(222,'မထလ',9,'2024-12-12 22:33:27','2024-12-12 22:33:27'),(223,'မလန',9,'2024-12-12 22:33:27','2024-12-12 22:33:27'),(224,'ရမသ',9,'2024-12-12 22:33:27','2024-12-12 22:33:27'),(225,'လဝန',9,'2024-12-12 22:33:27','2024-12-12 22:33:27'),(226,'ဝတန',9,'2024-12-12 22:33:27','2024-12-12 22:33:27'),(227,'သစန',9,'2024-12-12 22:33:27','2024-12-12 22:33:27'),(228,'သပက',9,'2024-12-12 22:33:27','2024-12-12 22:33:27'),(229,'အမဇ',9,'2024-12-12 22:33:27','2024-12-12 22:33:27'),(230,'အမရ',9,'2024-12-12 22:33:27','2024-12-12 22:33:27'),(231,'ဥတသ',9,'2024-12-12 22:33:27','2024-12-12 22:33:27'),(232,'ကမရ',10,'2024-12-12 22:33:27','2024-12-12 22:33:27'),(233,'ကထန',10,'2024-12-12 22:33:27','2024-12-12 22:33:27'),(234,'ခဆန',10,'2024-12-12 22:33:27','2024-12-12 22:33:27'),(235,'ခဇန',10,'2024-12-12 22:33:27','2024-12-12 22:33:27'),(236,'ပမန',10,'2024-12-12 22:33:27','2024-12-12 22:33:27'),(237,'ဘလန',10,'2024-12-12 22:33:27','2024-12-12 22:33:27'),(238,'မလမ',10,'2024-12-12 22:33:27','2024-12-12 22:33:27'),(239,'မဒန',10,'2024-12-12 22:33:27','2024-12-12 22:33:27'),(240,'ရမန',10,'2024-12-12 22:33:27','2024-12-12 22:33:27'),(241,'လမန',10,'2024-12-12 22:33:27','2024-12-12 22:33:27'),(242,'သဖရ',10,'2024-12-12 22:33:27','2024-12-12 22:33:27'),(243,'သထန',10,'2024-12-12 22:33:27','2024-12-12 22:33:27'),(244,'ကတန',11,'2024-12-12 22:33:27','2024-12-12 22:33:27'),(245,'ကဖန',11,'2024-12-12 22:33:27','2024-12-12 22:33:27'),(246,'ကတလ',11,'2024-12-12 22:33:27','2024-12-12 22:33:27'),(247,'ဂမန',11,'2024-12-12 22:33:27','2024-12-12 22:33:27'),(248,'စတန',11,'2024-12-12 22:33:27','2024-12-12 22:33:27'),(249,'တပဝ',11,'2024-12-12 22:33:27','2024-12-12 22:33:27'),(250,'တကန',11,'2024-12-12 22:33:27','2024-12-12 22:33:27'),(251,'ပဏက',11,'2024-12-12 22:33:27','2024-12-12 22:33:27'),(252,'ပတန',11,'2024-12-12 22:33:27','2024-12-12 22:33:27'),(253,'ဘသတ',11,'2024-12-12 22:33:27','2024-12-12 22:33:27'),(254,'မဥန',11,'2024-12-12 22:33:27','2024-12-12 22:33:27'),(255,'မပန',11,'2024-12-12 22:33:27','2024-12-12 22:33:27'),(256,'မအန',11,'2024-12-12 22:33:27','2024-12-12 22:33:27'),(257,'မပန',11,'2024-12-12 22:33:27','2024-12-12 22:33:27'),(258,'မအတ',11,'2024-12-12 22:33:27','2024-12-12 22:33:27'),(259,'မတန',11,'2024-12-12 22:33:27','2024-12-12 22:33:27'),(260,'ရသတ',11,'2024-12-12 22:33:27','2024-12-12 22:33:27'),(261,'ရဗန',11,'2024-12-12 22:33:27','2024-12-12 22:33:27'),(262,'ရဗန',11,'2024-12-12 22:33:27','2024-12-12 22:33:27'),(263,'သတန',11,'2024-12-12 22:33:27','2024-12-12 22:33:27'),(264,'အမန',11,'2024-12-12 22:33:27','2024-12-12 22:33:27'),(265,'ကတတ',12,'2024-12-12 22:33:27','2024-12-12 22:33:27'),(266,'ကမတ',12,'2024-12-12 22:33:27','2024-12-12 22:33:27'),(267,'ကမရ',12,'2024-12-12 22:33:27','2024-12-12 22:33:27'),(268,'ကတန',12,'2024-12-12 22:33:27','2024-12-12 22:33:27'),(269,'ကမန',12,'2024-12-12 22:33:27','2024-12-12 22:33:27'),(270,'ကခက',12,'2024-12-12 22:33:27','2024-12-12 22:33:27'),(271,'ကကက',12,'2024-12-12 22:33:27','2024-12-12 22:33:27'),(272,'ခရန',12,'2024-12-12 22:33:27','2024-12-12 22:33:27'),(273,'စခန',12,'2024-12-12 22:33:27','2024-12-12 22:33:27'),(274,'ဆကခ',12,'2024-12-12 22:33:27','2024-12-12 22:33:27'),(275,'ဆကန',12,'2024-12-12 22:33:27','2024-12-12 22:33:27'),(276,'တမန',12,'2024-12-12 22:33:27','2024-12-12 22:33:27'),(277,'တတတ',12,'2024-12-12 22:33:27','2024-12-12 22:33:27'),(278,'တတန',12,'2024-12-12 22:33:27','2024-12-12 22:33:27'),(279,'တကန',12,'2024-12-12 22:33:27','2024-12-12 22:33:27'),(280,'တတထ',12,'2024-12-12 22:33:27','2024-12-12 22:33:27'),(281,'ထတပ',12,'2024-12-12 22:33:27','2024-12-12 22:33:27'),(282,'ဒပန',12,'2024-12-12 22:33:27','2024-12-12 22:33:27'),(283,'ဒဂန',12,'2024-12-12 22:33:27','2024-12-12 22:33:27'),(284,'ဒဂမ',12,'2024-12-12 22:33:27','2024-12-12 22:33:27'),(285,'ဒဂရ',12,'2024-12-12 22:33:27','2024-12-12 22:33:27'),(286,'ဒဂတ',12,'2024-12-12 22:33:27','2024-12-12 22:33:27'),(287,'ဒဂဆ',12,'2024-12-12 22:33:27','2024-12-12 22:33:27'),(288,'ဒလန',12,'2024-12-12 22:33:27','2024-12-12 22:33:27'),(289,'ပဇတ',12,'2024-12-12 22:33:27','2024-12-12 22:33:27'),(290,'ပဘတ',12,'2024-12-12 22:33:27','2024-12-12 22:33:27'),(291,'ဗတထ',12,'2024-12-12 22:33:27','2024-12-12 22:33:27'),(292,'ဗဟန',12,'2024-12-12 22:33:27','2024-12-12 22:33:27'),(293,'မရက',12,'2024-12-12 22:33:27','2024-12-12 22:33:27'),(294,'မဂဒ',12,'2024-12-12 22:33:27','2024-12-12 22:33:27'),(295,'မဘန',12,'2024-12-12 22:33:27','2024-12-12 22:33:27'),(296,'မဂတ',12,'2024-12-12 22:33:27','2024-12-12 22:33:27'),(297,'ရကန',12,'2024-12-12 22:33:27','2024-12-12 22:33:27'),(298,'ရပသ',12,'2024-12-12 22:33:27','2024-12-12 22:33:27'),(299,'လမတ',12,'2024-12-12 22:33:27','2024-12-12 22:33:27'),(300,'လသန',12,'2024-12-12 22:33:27','2024-12-12 22:33:27'),(301,'လမန',12,'2024-12-12 22:33:27','2024-12-12 22:33:27'),(302,'လကန',12,'2024-12-12 22:33:27','2024-12-12 22:33:27'),(303,'လသယ',12,'2024-12-12 22:33:27','2024-12-12 22:33:27'),(304,'သဃက',12,'2024-12-12 22:33:27','2024-12-12 22:33:27'),(305,'သလန',12,'2024-12-12 22:33:27','2024-12-12 22:33:27'),(306,'သခန',12,'2024-12-12 22:33:27','2024-12-12 22:33:27'),(307,'သကတ',12,'2024-12-12 22:33:27','2024-12-12 22:33:27'),(308,'အစန',12,'2024-12-12 22:33:27','2024-12-12 22:33:27'),(309,'အလန',12,'2024-12-12 22:33:27','2024-12-12 22:33:27'),(310,'ဥကတ',12,'2024-12-12 22:33:27','2024-12-12 22:33:27'),(311,'ဥကမ',12,'2024-12-12 22:33:27','2024-12-12 22:33:27'),(312,'ကလန',13,'2024-12-12 22:33:27','2024-12-12 22:33:27'),(313,'ကတလ',13,'2024-12-12 22:33:27','2024-12-12 22:33:27'),(314,'ကဟန',13,'2024-12-12 22:33:27','2024-12-12 22:33:27'),(315,'ကသန',13,'2024-12-12 22:33:27','2024-12-12 22:33:27'),(316,'ကလဒ',13,'2024-12-12 22:33:27','2024-12-12 22:33:27'),(317,'ကတတ',13,'2024-12-12 22:33:27','2024-12-12 22:33:27'),(318,'ကလတ',13,'2024-12-12 22:33:27','2024-12-12 22:33:27'),(319,'ကခန',13,'2024-12-12 22:33:27','2024-12-12 22:33:27'),(320,'ကမန',13,'2024-12-12 22:33:27','2024-12-12 22:33:27'),(321,'ကကန',13,'2024-12-12 22:33:27','2024-12-12 22:33:27'),(322,'ကတန',13,'2024-12-12 22:33:27','2024-12-12 22:33:27'),(323,'ကလထ',13,'2024-12-12 22:33:27','2024-12-12 22:33:27'),(324,'ခလန',13,'2024-12-12 22:33:27','2024-12-12 22:33:27'),(325,'ခရဟ',13,'2024-12-12 22:33:27','2024-12-12 22:33:27'),(326,'ဆဆန',13,'2024-12-12 22:33:27','2024-12-12 22:33:27'),(327,'ညရန',13,'2024-12-12 22:33:27','2024-12-12 22:33:27'),(328,'တကန',13,'2024-12-12 22:33:27','2024-12-12 22:33:27'),(329,'တယန',13,'2024-12-12 22:33:27','2024-12-12 22:33:27'),(330,'တခလ',13,'2024-12-12 22:33:27','2024-12-12 22:33:27'),(331,'တလန',13,'2024-12-12 22:33:27','2024-12-12 22:33:27'),(332,'တမည',13,'2024-12-12 22:33:27','2024-12-12 22:33:27'),(333,'တတန',13,'2024-12-12 22:33:27','2024-12-12 22:33:27'),(334,'နတရ',13,'2024-12-12 22:33:27','2024-12-12 22:33:27'),(335,'နစန',13,'2024-12-12 22:33:27','2024-12-12 22:33:27'),(336,'နဖန',13,'2024-12-12 22:33:27','2024-12-12 22:33:27'),(337,'နခန',13,'2024-12-12 22:33:27','2024-12-12 22:33:27'),(338,'နခတ',13,'2024-12-12 22:33:27','2024-12-12 22:33:27'),(339,'နမတ',13,'2024-12-12 22:33:27','2024-12-12 22:33:27'),(340,'နဆန',13,'2024-12-12 22:33:27','2024-12-12 22:33:27'),(341,'နတန',13,'2024-12-12 22:33:27','2024-12-12 22:33:27'),(342,'ပတယ',13,'2024-12-12 22:33:27','2024-12-12 22:33:27'),(343,'ပဝန',13,'2024-12-12 22:33:27','2024-12-12 22:33:27'),(344,'ပလန',13,'2024-12-12 22:33:27','2024-12-12 22:33:27'),(345,'ပယန',13,'2024-12-12 22:33:27','2024-12-12 22:33:27'),(346,'ပလတ',13,'2024-12-12 22:33:27','2024-12-12 22:33:27'),(347,'ပဆန',13,'2024-12-12 22:33:27','2024-12-12 22:33:27'),(348,'ပဆတ',13,'2024-12-12 22:33:27','2024-12-12 22:33:27'),(349,'ပလထ',13,'2024-12-12 22:33:27','2024-12-12 22:33:27'),(350,'ပပက',13,'2024-12-12 22:33:27','2024-12-12 22:33:27'),(351,'ဖခန',13,'2024-12-12 22:33:27','2024-12-12 22:33:27'),(352,'မကန',13,'2024-12-12 22:33:27','2024-12-12 22:33:27'),(353,'မရန',13,'2024-12-12 22:33:27','2024-12-12 22:33:27'),(354,'မနတ',13,'2024-12-12 22:33:27','2024-12-12 22:33:27'),(355,'မနန',13,'2024-12-12 22:33:27','2024-12-12 22:33:27'),(356,'မမန',13,'2024-12-12 22:33:27','2024-12-12 22:33:27'),(357,'မပန',13,'2024-12-12 22:33:27','2024-12-12 22:33:27'),(358,'မစန',13,'2024-12-12 22:33:27','2024-12-12 22:33:27'),(359,'မရတ',13,'2024-12-12 22:33:27','2024-12-12 22:33:27'),(360,'မဖတ',13,'2024-12-12 22:33:27','2024-12-12 22:33:27'),(361,'မကထ',13,'2024-12-12 22:33:27','2024-12-12 22:33:27'),(362,'မဆတ',13,'2024-12-12 22:33:27','2024-12-12 22:33:27'),(363,'မထတ',13,'2024-12-12 22:33:27','2024-12-12 22:33:27'),(364,'မလန',13,'2024-12-12 22:33:27','2024-12-12 22:33:27'),(365,'မယန',13,'2024-12-12 22:33:27','2024-12-12 22:33:27'),(366,'မပထ',13,'2024-12-12 22:33:27','2024-12-12 22:33:27'),(367,'မခန',13,'2024-12-12 22:33:27','2024-12-12 22:33:27'),(368,'မပတ',13,'2024-12-12 22:33:27','2024-12-12 22:33:27'),(369,'မတတ',13,'2024-12-12 22:33:27','2024-12-12 22:33:27'),(370,'မငန',13,'2024-12-12 22:33:27','2024-12-12 22:33:27'),(371,'မလတ',13,'2024-12-12 22:33:27','2024-12-12 22:33:27'),(372,'မမတ',13,'2024-12-12 22:33:27','2024-12-12 22:33:27'),(373,'မဘန',13,'2024-12-12 22:33:27','2024-12-12 22:33:27'),(374,'မဟရ',13,'2024-12-12 22:33:27','2024-12-12 22:33:27'),(375,'မမထ',13,'2024-12-12 22:33:27','2024-12-12 22:33:27'),(376,'မဆန',13,'2024-12-12 22:33:27','2024-12-12 22:33:27'),(377,'မခတ',13,'2024-12-12 22:33:27','2024-12-12 22:33:27'),(378,'မတန',13,'2024-12-12 22:33:27','2024-12-12 22:33:27'),(379,'မကတ',13,'2024-12-12 22:33:27','2024-12-12 22:33:27'),(380,'မထန',13,'2024-12-12 22:33:27','2024-12-12 22:33:27'),(381,'မဖန',13,'2024-12-12 22:33:27','2024-12-12 22:33:27'),(382,'မယတ',13,'2024-12-12 22:33:27','2024-12-12 22:33:27'),(383,'မယထ',13,'2024-12-12 22:33:27','2024-12-12 22:33:27'),(384,'ရငန',13,'2024-12-12 22:33:27','2024-12-12 22:33:27'),(385,'ရစန',13,'2024-12-12 22:33:27','2024-12-12 22:33:27'),(386,'လလန',13,'2024-12-12 22:33:27','2024-12-12 22:33:27'),(387,'လခန',13,'2024-12-12 22:33:27','2024-12-12 22:33:27'),(388,'လခတ',13,'2024-12-12 22:33:27','2024-12-12 22:33:27'),(389,'လရန',13,'2024-12-12 22:33:27','2024-12-12 22:33:27'),(390,'လကန',13,'2024-12-12 22:33:27','2024-12-12 22:33:27'),(391,'သနန',13,'2024-12-12 22:33:27','2024-12-12 22:33:27'),(392,'သပန',13,'2024-12-12 22:33:27','2024-12-12 22:33:27'),(393,'ဟပန',13,'2024-12-12 22:33:27','2024-12-12 22:33:27'),(394,'ဟမန',13,'2024-12-12 22:33:27','2024-12-12 22:33:27'),(395,'ဟပတ',13,'2024-12-12 22:33:27','2024-12-12 22:33:27'),(396,'အတန',13,'2024-12-12 22:33:27','2024-12-12 22:33:27'),(397,'ကကထ',14,'2024-12-12 22:33:27','2024-12-12 22:33:27'),(398,'ကကန',14,'2024-12-12 22:33:27','2024-12-12 22:33:27'),(399,'ကပန',14,'2024-12-12 22:33:27','2024-12-12 22:33:27'),(400,'ကခန',14,'2024-12-12 22:33:27','2024-12-12 22:33:27'),(401,'ကလန',14,'2024-12-12 22:33:27','2024-12-12 22:33:27'),(402,'ငဆန',14,'2024-12-12 22:33:27','2024-12-12 22:33:27'),(403,'ငပတ',14,'2024-12-12 22:33:27','2024-12-12 22:33:27'),(404,'ငရက',14,'2024-12-12 22:33:27','2024-12-12 22:33:27'),(405,'ငသခ',14,'2024-12-12 22:33:27','2024-12-12 22:33:27'),(406,'ဇလန',14,'2024-12-12 22:33:27','2024-12-12 22:33:27'),(407,'ညတန',14,'2024-12-12 22:33:27','2024-12-12 22:33:27'),(408,'ဒဒရ',14,'2024-12-12 22:33:27','2024-12-12 22:33:27'),(409,'ဓနဖ',14,'2024-12-12 22:33:27','2024-12-12 22:33:27'),(410,'ပသန',14,'2024-12-12 22:33:27','2024-12-12 22:33:27'),(411,'ပတန',14,'2024-12-12 22:33:27','2024-12-12 22:33:27'),(412,'ပသရ',14,'2024-12-12 22:33:27','2024-12-12 22:33:27'),(413,'ပစလ',14,'2024-12-12 22:33:27','2024-12-12 22:33:27'),(414,'ဖပန',14,'2024-12-12 22:33:27','2024-12-12 22:33:27'),(415,'ဘကလ',14,'2024-12-12 22:33:27','2024-12-12 22:33:27'),(416,'မအန',14,'2024-12-12 22:33:27','2024-12-12 22:33:27'),(417,'မအပ',14,'2024-12-12 22:33:27','2024-12-12 22:33:27'),(418,'မမက',14,'2024-12-12 22:33:27','2024-12-12 22:33:27'),(419,'မမန',14,'2024-12-12 22:33:27','2024-12-12 22:33:27'),(420,'ရသယ',14,'2024-12-12 22:33:27','2024-12-12 22:33:27'),(421,'ရကန',14,'2024-12-12 22:33:27','2024-12-12 22:33:27'),(422,'လမန',14,'2024-12-12 22:33:27','2024-12-12 22:33:27'),(423,'လပတ',14,'2024-12-12 22:33:27','2024-12-12 22:33:27'),(424,'ဝခမ',14,'2024-12-12 22:33:27','2024-12-12 22:33:27'),(425,'သပန',14,'2024-12-12 22:33:27','2024-12-12 22:33:27'),(426,'ဟသတ',14,'2024-12-12 22:33:27','2024-12-12 22:33:27'),(427,'ဟကက',14,'2024-12-12 22:33:27','2024-12-12 22:33:27'),(428,'အမတ',14,'2024-12-12 22:33:27','2024-12-12 22:33:27'),(429,'အဂပ',14,'2024-12-12 22:33:27','2024-12-12 22:33:27'),(430,'အမန',14,'2024-12-12 22:33:27','2024-12-12 22:33:27');
/*!40000 ALTER TABLE `nrc_township_codes` ENABLE KEYS */;
UNLOCK TABLES;

--
-- Table structure for table `password_reset_tokens`
--

DROP TABLE IF EXISTS `password_reset_tokens`;
/*!40101 SET @saved_cs_client     = @@character_set_client */;
/*!50503 SET character_set_client = utf8mb4 */;
CREATE TABLE `password_reset_tokens` (
  `email` varchar(255) CHARACTER SET utf8mb4 COLLATE utf8mb4_unicode_ci NOT NULL,
  `token` varchar(255) CHARACTER SET utf8mb4 COLLATE utf8mb4_unicode_ci NOT NULL,
  `created_at` timestamp NULL DEFAULT NULL,
  PRIMARY KEY (`email`)
) ENGINE=InnoDB DEFAULT CHARSET=utf8mb4 COLLATE=utf8mb4_unicode_ci;
/*!40101 SET character_set_client = @saved_cs_client */;

--
-- Dumping data for table `password_reset_tokens`
--

LOCK TABLES `password_reset_tokens` WRITE;
/*!40000 ALTER TABLE `password_reset_tokens` DISABLE KEYS */;
/*!40000 ALTER TABLE `password_reset_tokens` ENABLE KEYS */;
UNLOCK TABLES;

--
-- Table structure for table `payscales`
--

DROP TABLE IF EXISTS `payscales`;
/*!40101 SET @saved_cs_client     = @@character_set_client */;
/*!50503 SET character_set_client = utf8mb4 */;
CREATE TABLE `payscales` (
  `id` bigint unsigned NOT NULL AUTO_INCREMENT,
  `name` varchar(255) CHARACTER SET utf8mb4 COLLATE utf8mb4_unicode_ci NOT NULL,
  `min_salary` varchar(255) CHARACTER SET utf8mb4 COLLATE utf8mb4_unicode_ci NOT NULL,
  `increment` varchar(255) CHARACTER SET utf8mb4 COLLATE utf8mb4_unicode_ci NOT NULL,
  `similiar_rank` varchar(255) CHARACTER SET utf8mb4 COLLATE utf8mb4_unicode_ci NOT NULL,
  `max_salary` varchar(255) CHARACTER SET utf8mb4 COLLATE utf8mb4_unicode_ci NOT NULL,
  `supply` int NOT NULL DEFAULT '0',
  `staff_type_id` bigint unsigned DEFAULT NULL,
  `allowed_qty` int NOT NULL DEFAULT '0',
  `created_at` timestamp NULL DEFAULT NULL,
  `updated_at` timestamp NULL DEFAULT NULL,
  PRIMARY KEY (`id`),
  KEY `payscales_staff_type_id_foreign` (`staff_type_id`),
  CONSTRAINT `payscales_staff_type_id_foreign` FOREIGN KEY (`staff_type_id`) REFERENCES `staff_types` (`id`) ON DELETE SET NULL
) ENGINE=InnoDB AUTO_INCREMENT=14 DEFAULT CHARSET=utf8mb4 COLLATE=utf8mb4_unicode_ci;
/*!40101 SET character_set_client = @saved_cs_client */;

--
-- Dumping data for table `payscales`
--

LOCK TABLES `payscales` WRITE;
/*!40000 ALTER TABLE `payscales` DISABLE KEYS */;
INSERT INTO `payscales` VALUES (1,'၅၅၀၀၀၀','550000','0','ညွှန်ကြားရေးမှုးချုပ် / ဦးဆောင်ညွှန်ကြားရေးမှုးနှင့်အဆင့်တူ','550000',0,1,1,'2024-12-12 22:33:20','2024-12-12 22:33:20'),(2,'၄၁၈၀၀၀-၄၀၀၀-၄၃၈၀၀၀','418000','40000','ဒုတိယညွှန်ကြားရေးမှုးချုပ်နှင့် အဆင့်တူ','438000',0,1,4,'2024-12-12 22:33:20','2024-12-12 22:33:20'),(3,'၃၇၄၀၀၀-၄၀၀၀-၃၉၄၀၀၀','374000','40000','ညွှန်ကြားရေးမှုးနှင့်အဆင့်တူ','394000',0,1,26,'2024-12-12 22:33:20','2024-12-12 22:33:20'),(4,'၃၄၁၀၀၀-၄၀၀၀-၃၆၁၀၀၀','341000','40000','ဒုတိယညွှန်ကြားရေးမှုးနှင့်အဆင့်တူ','361000',0,1,68,'2024-12-12 22:33:20','2024-12-12 22:33:20'),(5,'၃၀၈၀၀၀-၄၀၀၀-၃၂၈၀၀၀','308000','40000','လက်ထောက်ညွှန်ကြားရေးမှုးနှင့်အဆင့်တူ','328000',0,1,101,'2024-12-12 22:33:20','2024-12-12 22:33:20'),(6,'၂၇၅၀၀၀-၄၀၀၀-၂၉၅၀၀၀','275000','40000','ဦးစီးအရာရှိနှင့်အဆင့်တူ','295000',0,1,175,'2024-12-12 22:33:20','2024-12-12 22:33:20'),(7,'၂၃၄၀၀၀-၂၀၀၀-၂၄၄၀၀၀','234000','2000','ရုံးအုပ်နှင့်အဆင့်တူ','244000',0,2,6,'2024-12-12 22:33:20','2024-12-12 22:33:20'),(8,'၂၁၆၀၀၀-၂၀၀၀-၂၂၆၀၀၀','216000','2000','ဒုတိယဦးစီးမှုးနှင့်အဆင့်တူ','226000',0,2,194,'2024-12-12 22:33:20','2024-12-12 22:33:20'),(9,'၁၉၈၀၀၀-၂၀၀၀-၂၀၈၀၀၀','198000','2000','အကြီးတန်းစာရေးနှင့်အဆင့်တူ','208000',0,2,98,'2024-12-12 22:33:20','2024-12-12 22:33:20'),(10,'၁၈၀၀၀၀-၂၀၀၀-၁၉၀၀၀၀','180000','2000','အငယ်တန်းစာရေးနှင့်အဆင့်တူ','190000',0,2,91,'2024-12-12 22:33:20','2024-12-12 22:33:20'),(11,'၁၆၂၀၀၀-၂၀၀၀-၁၇၂၀၀၀','162000','2000','ရုံးအကူမှူးနှင့်အဆင့်တူ','172000',0,2,39,'2024-12-12 22:33:20','2024-12-12 22:33:20'),(12,'၁၄၄၀၀၀-၂၀၀၀-၁၅၄၀၀၀','144000','2000','ရုံးအကူနှင့်အဆင့်တူ','154000',0,2,56,'2024-12-12 22:33:20','2024-12-12 22:33:20'),(13,'၄၈၀၀','4800','0','နေ့စား','6800',0,3,100,'2024-12-12 22:33:20','2024-12-12 22:33:20');
/*!40000 ALTER TABLE `payscales` ENABLE KEYS */;
UNLOCK TABLES;

--
-- Table structure for table `penalty_types`
--

DROP TABLE IF EXISTS `penalty_types`;
/*!40101 SET @saved_cs_client     = @@character_set_client */;
/*!50503 SET character_set_client = utf8mb4 */;
CREATE TABLE `penalty_types` (
  `id` bigint unsigned NOT NULL AUTO_INCREMENT,
  `name` varchar(255) CHARACTER SET utf8mb4 COLLATE utf8mb4_unicode_ci NOT NULL,
  `created_at` timestamp NULL DEFAULT NULL,
  `updated_at` timestamp NULL DEFAULT NULL,
  PRIMARY KEY (`id`)
) ENGINE=InnoDB AUTO_INCREMENT=12 DEFAULT CHARSET=utf8mb4 COLLATE=utf8mb4_unicode_ci;
/*!40101 SET character_set_client = @saved_cs_client */;

--
-- Dumping data for table `penalty_types`
--

LOCK TABLES `penalty_types` WRITE;
/*!40000 ALTER TABLE `penalty_types` DISABLE KEYS */;
INSERT INTO `penalty_types` VALUES (1,'စာဖြင့်သတိပေးခြင်း','2024-12-12 22:33:21','2024-12-12 22:33:21'),(2,'နှစ်တိုးလစာရပ်ဆိုင်းခြင်း','2024-12-12 22:33:21','2024-12-12 22:33:21'),(3,'ရာထူးတိုးမြှင့်ခြင်းကိုရပ်ဆိုင်းခြင်း','2024-12-12 22:33:21','2024-12-12 22:33:21'),(4,'လစာနှုန်းအတွင်း လစာလျှော့ချခြင်း','2024-12-12 22:33:21','2024-12-12 22:33:21'),(5,'ရာထူးအဆင့်လျှော့ချခြင်း','2024-12-12 22:33:21','2024-12-12 22:33:21'),(6,'ငွေကြေးဆုံးရှုံးမှုတန်ဖိုး အပြည့်အဝ (သို့) တစ်စိတ်တစ်ဒေသကို ပေးလျော်စေခြင်း','2024-12-12 22:33:21','2024-12-12 22:33:21'),(7,'တာဝန်မှယာယီရပ်ဆိုင်းခဲ့သည့်ကာလအတွက် လစာအပြည့်ခံစားခွင့်မပြုခြင်း (သို့) တာဝန်ချိန်အဖြစ်မသတ်မှတ်ခြင်း','2024-12-12 22:33:21','2024-12-12 22:33:21'),(8,'ရာထူးမှထုတ်ပယ်ခြင်း','2024-12-12 22:33:21','2024-12-12 22:33:21'),(9,'ဝန်ထမ်းအဖြစ်မှထုတ်ပစ်ခြင်း','2024-12-12 22:33:21','2024-12-12 22:33:21'),(10,'တာဝန်မှယာယီရပ်စဲခြင်း','2024-12-12 22:33:21','2024-12-12 22:33:21'),(11,'ဒေသပြောင်းရွှေ့ခြင်း','2024-12-12 22:33:21','2024-12-12 22:33:21');
/*!40000 ALTER TABLE `penalty_types` ENABLE KEYS */;
UNLOCK TABLES;

--
-- Table structure for table `pension_types`
--

DROP TABLE IF EXISTS `pension_types`;
/*!40101 SET @saved_cs_client     = @@character_set_client */;
/*!50503 SET character_set_client = utf8mb4 */;
CREATE TABLE `pension_types` (
  `id` bigint unsigned NOT NULL AUTO_INCREMENT,
  `name` varchar(255) CHARACTER SET utf8mb4 COLLATE utf8mb4_unicode_ci NOT NULL,
  `created_at` timestamp NULL DEFAULT NULL,
  `updated_at` timestamp NULL DEFAULT NULL,
  `retire_type_id` bigint unsigned DEFAULT NULL,
  PRIMARY KEY (`id`),
  KEY `pension_types_retire_type_id_foreign` (`retire_type_id`),
  CONSTRAINT `pension_types_retire_type_id_foreign` FOREIGN KEY (`retire_type_id`) REFERENCES `retire_types` (`id`) ON DELETE SET NULL
) ENGINE=InnoDB AUTO_INCREMENT=8 DEFAULT CHARSET=utf8mb4 COLLATE=utf8mb4_unicode_ci;
/*!40101 SET character_set_client = @saved_cs_client */;

--
-- Dumping data for table `pension_types`
--

LOCK TABLES `pension_types` WRITE;
/*!40000 ALTER TABLE `pension_types` DISABLE KEYS */;
INSERT INTO `pension_types` VALUES (1,'သက်ပြည့်ပင်စင်','2025-02-05 02:05:33','2025-02-05 02:05:33',5),(2,'နှစ်ပြည့်ပင်စင်','2025-02-05 02:05:33','2025-02-05 02:05:33',5),(3,'နာမကျန်းပင်စင်','2025-02-05 02:05:33','2025-02-05 02:05:33',5),(4,'လျော်ကြေးပင်စင်','2025-02-05 02:05:33','2025-02-05 02:05:33',5),(5,'အထူးပင်စင်','2025-02-05 02:05:33','2025-02-05 02:05:33',5),(6,'မိသားစုပင်စင်','2025-02-05 02:05:33','2025-02-05 02:05:33',5),(7,'လျှော့ပေါ့ပင်စင်','2025-02-05 02:05:33','2025-02-05 02:05:33',5);
/*!40000 ALTER TABLE `pension_types` ENABLE KEYS */;
UNLOCK TABLES;

--
-- Table structure for table `pension_years`
--

DROP TABLE IF EXISTS `pension_years`;
/*!40101 SET @saved_cs_client     = @@character_set_client */;
/*!50503 SET character_set_client = utf8mb4 */;
CREATE TABLE `pension_years` (
  `id` bigint unsigned NOT NULL AUTO_INCREMENT,
  `year` int NOT NULL,
  `created_at` timestamp NULL DEFAULT NULL,
  `updated_at` timestamp NULL DEFAULT NULL,
  PRIMARY KEY (`id`)
) ENGINE=InnoDB AUTO_INCREMENT=2 DEFAULT CHARSET=utf8mb4 COLLATE=utf8mb4_unicode_ci;
/*!40101 SET character_set_client = @saved_cs_client */;

--
-- Dumping data for table `pension_years`
--

LOCK TABLES `pension_years` WRITE;
/*!40000 ALTER TABLE `pension_years` DISABLE KEYS */;
INSERT INTO `pension_years` VALUES (1,1010,'2024-12-12 22:33:28','2024-12-12 22:33:28');
/*!40000 ALTER TABLE `pension_years` ENABLE KEYS */;
UNLOCK TABLES;

--
-- Table structure for table `permissions`
--

DROP TABLE IF EXISTS `permissions`;
/*!40101 SET @saved_cs_client     = @@character_set_client */;
/*!50503 SET character_set_client = utf8mb4 */;
CREATE TABLE `permissions` (
  `id` bigint unsigned NOT NULL AUTO_INCREMENT,
  `name` varchar(255) CHARACTER SET utf8mb4 COLLATE utf8mb4_unicode_ci NOT NULL,
  `created_at` timestamp NULL DEFAULT NULL,
  `updated_at` timestamp NULL DEFAULT NULL,
  PRIMARY KEY (`id`)
) ENGINE=InnoDB DEFAULT CHARSET=utf8mb4 COLLATE=utf8mb4_unicode_ci;
/*!40101 SET character_set_client = @saved_cs_client */;

--
-- Dumping data for table `permissions`
--

LOCK TABLES `permissions` WRITE;
/*!40000 ALTER TABLE `permissions` DISABLE KEYS */;
/*!40000 ALTER TABLE `permissions` ENABLE KEYS */;
UNLOCK TABLES;

--
-- Table structure for table `postings`
--

DROP TABLE IF EXISTS `postings`;
/*!40101 SET @saved_cs_client     = @@character_set_client */;
/*!50503 SET character_set_client = utf8mb4 */;
CREATE TABLE `postings` (
  `id` bigint unsigned NOT NULL AUTO_INCREMENT,
  `staff_id` bigint unsigned DEFAULT NULL,
  `rank_id` bigint unsigned DEFAULT NULL,
  `from_date` date DEFAULT NULL,
  `to_date` date DEFAULT NULL,
  `department_id` bigint unsigned DEFAULT NULL,
  `location` varchar(255) CHARACTER SET utf8mb4 COLLATE utf8mb4_unicode_ci DEFAULT NULL,
  `remark` varchar(255) CHARACTER SET utf8mb4 COLLATE utf8mb4_unicode_ci DEFAULT NULL,
  `ministry_id` bigint unsigned DEFAULT NULL,
  `created_at` timestamp NULL DEFAULT NULL,
  `updated_at` timestamp NULL DEFAULT NULL,
  `sub_department` varchar(255) COLLATE utf8mb4_unicode_ci DEFAULT NULL,
  PRIMARY KEY (`id`),
  KEY `postings_staff_id_foreign` (`staff_id`),
  KEY `postings_rank_id_foreign` (`rank_id`),
  KEY `postings_department_id_foreign` (`department_id`),
  CONSTRAINT `postings_department_id_foreign` FOREIGN KEY (`department_id`) REFERENCES `departments` (`id`) ON DELETE SET NULL,
  CONSTRAINT `postings_rank_id_foreign` FOREIGN KEY (`rank_id`) REFERENCES `ranks` (`id`) ON DELETE SET NULL,
  CONSTRAINT `postings_staff_id_foreign` FOREIGN KEY (`staff_id`) REFERENCES `staff` (`id`) ON DELETE CASCADE
) ENGINE=InnoDB AUTO_INCREMENT=351 DEFAULT CHARSET=utf8mb4 COLLATE=utf8mb4_unicode_ci;
/*!40101 SET character_set_client = @saved_cs_client */;

--
-- Dumping data for table `postings`
--

LOCK TABLES `postings` WRITE;
/*!40000 ALTER TABLE `postings` DISABLE KEYS */;
INSERT INTO `postings` VALUES (177,21,20,'1995-02-23','1995-12-31',1,'ရန်ကုန်မြို့','မရှိပါ။',1,'2024-12-12 22:29:38','2024-12-12 22:29:38',NULL),(178,21,15,'1996-01-01','1998-03-15',1,'ရန်ကုန်မြို့','မရှိပါ။',1,'2024-12-12 22:29:38','2024-12-12 22:29:38',NULL),(179,21,13,'1998-03-16','2001-01-21',1,'ရန်ကုန်မြို့','မရှိပါ။',1,'2024-12-12 22:29:38','2024-12-12 22:29:38',NULL),(180,21,10,'2001-09-14','2007-01-21',1,'နေပြည်တေ်','မရှိပါ။',1,'2024-12-12 22:29:38','2024-12-12 22:29:38',NULL),(181,21,9,'2007-01-22','2011-03-13',1,'‌နေပြည်တေ်','မရှိပါ။',1,'2024-12-12 22:29:38','2024-12-12 22:29:38',NULL),(182,21,6,'2011-03-14','2014-06-17',1,'နေပြည်တော်၊ ရန်ကုန်မြို့','မရှိပါ။',1,'2024-12-12 22:29:38','2024-12-12 22:29:38',NULL),(183,21,5,'2014-06-18','2021-02-25',1,'ရန်ကုန်မြို့','မရှိပါ။',1,'2024-12-12 22:29:38','2024-12-12 22:29:38',NULL),(184,21,4,'2021-02-26',NULL,1,'ရန်ကုန်မြို့','မရှိပါ။',1,'2024-12-12 22:29:38','2025-02-17 02:48:00',NULL),(185,8,857,'2002-04-06','2006-08-16',7255,'ရန်ကုန်မြို့',NULL,10,'2024-12-12 23:18:39','2025-01-30 02:47:52',NULL),(186,8,6,'2006-09-12','2007-01-16',7254,'နေပြည်တော်',NULL,28,'2024-12-12 23:18:39','2025-01-30 02:47:52',NULL),(187,8,5,'2007-01-17','2012-12-06',7256,'နေပြည်တော်',NULL,28,'2024-12-12 23:18:39','2025-01-30 02:54:26',NULL),(188,8,4,'2012-12-07','2013-02-05',244,'နေပြည်တော်',NULL,28,'2024-12-12 23:18:39','2025-01-30 02:47:52',NULL),(189,8,4,'2013-02-06','2015-10-07',NULL,'နေပြည်တော်',NULL,60,'2024-12-12 23:18:39','2025-01-30 02:53:14',NULL),(190,8,4,'2015-10-08','2016-03-24',129,'နေပြည်တော်',NULL,15,'2024-12-12 23:18:39','2025-01-30 02:53:14',NULL),(191,8,3,'2016-03-25',NULL,129,'ရန်ကုန်မြို့',NULL,15,'2024-12-12 23:18:39','2025-01-30 02:55:38',NULL),(196,7,896,'1987-10-22','2008-07-20',NULL,'ရန်ကုန်',NULL,10,'2024-12-13 03:13:14','2025-02-05 01:19:28',NULL),(201,25,881,'1981-07-01','1987-07-19',8,'ပဲခူး/ မင်္ဂလာဒုံ','',2,'2024-12-15 21:23:48','2024-12-15 21:23:48',NULL),(202,25,882,'1987-07-20','2013-01-20',9,'ရန်ကုန်မြို့','',7,'2024-12-15 21:23:48','2024-12-15 21:23:48',NULL),(203,25,5,'2013-01-21','2013-07-01',1,'ရန်ကုန်မြို့','',1,'2024-12-15 21:23:48','2024-12-15 21:23:48',NULL),(204,25,4,'2013-07-02','2015-03-31',1,'တောင်ကြီးမြို့','',1,'2024-12-15 21:23:48','2024-12-15 21:23:48',NULL),(205,25,3,'2015-04-01','2024-12-16',1,'တောင်ကြီးမြို့','',1,'2024-12-15 21:23:48','2024-12-15 21:23:48',NULL),(211,30,6,'2013-11-29','2014-07-13',129,'နေပြည်တော်','',59,'2024-12-16 02:15:52','2025-02-26 01:45:51','ကုမ္ပဏီရေးရာဌာနခွဲ'),(212,30,6,'2014-07-14','2017-05-25',129,'ရန်ကုန်ရုံးချုပ်','',59,'2024-12-16 02:15:52','2025-02-26 01:45:51','ရင်းနှီးမြှုပ် နှံမှုမြှင့်တင်ရေးဌာနခွဲ'),(213,30,5,'2017-05-26','2021-03-14',129,'ရန်ကုန်ရုံးချုပ်','',15,'2024-12-16 02:15:52','2025-02-26 01:45:51','ရင်းနှီးမြှုပ် နှံမှုမြှင့်တင်ရေးဌာနခွဲ'),(214,30,5,'2021-03-15','2023-11-14',129,'နေပြည်တော်','',15,'2024-12-16 02:15:52','2025-02-26 01:45:51','ရုံးချုပ်အထောက်အကူပြုရုံးအဖွဲ့'),(215,30,5,'2023-11-15',NULL,129,'ရန်ကုန်ရုံးချုပ်','',15,'2024-12-16 02:15:52','2025-02-26 01:45:51','စီမံရေးနှင့်ငွေစာရင်းဌာနခွဲ'),(262,34,9,'1998-10-13','2003-07-08',1,'ရန်ကုန်မြို့',NULL,6,'2025-01-13 22:48:19','2025-01-13 22:48:19',NULL),(263,34,6,'2003-07-09','2008-08-30',1,'ရန်ကုန်မြို့',NULL,6,'2025-01-13 22:48:19','2025-01-13 22:48:19',NULL),(264,34,5,'2011-04-01','2013-06-12',1,'နေပြည်တော်',NULL,5,'2025-01-13 22:48:19','2025-01-13 22:48:19',NULL),(265,34,858,'2013-06-13','2015-12-10',1,'အမေရိကန် ပြည်ထောင်စု ဝါရှင်တန်ဒီစီမြို့','မြန်မာသံရုံး၊ ဝါရှင်တန်ဒီစီမြို့ (နိုင်ငံခြားရေးဝန်ကြီးဌာန တွဲဖက်တာဝန်)',5,'2025-01-13 22:48:19','2025-01-13 22:48:19',NULL),(266,34,5,'2015-12-11','2016-02-10',1,'ရန်ကုန်မြို့',NULL,5,'2025-01-13 22:48:19','2025-01-13 22:48:19',NULL),(267,34,4,'2016-02-11','2017-11-20',1,'ရန်ကုန်မြို့',NULL,5,'2025-01-13 22:48:19','2025-01-13 22:48:19',NULL),(268,34,4,'2017-11-21','2018-01-31',1,'နေပြည်တော်',NULL,5,'2025-01-13 22:48:19','2025-01-13 22:48:19',NULL),(269,34,3,'2018-02-01','2018-12-31',1,'နေပြည်တော်',NULL,1,'2025-01-13 22:48:19','2025-01-13 22:48:19',NULL),(270,34,2,'2023-05-19',NULL,1,'ရန်ကုန်မြို့',NULL,1,'2025-01-13 22:48:19','2025-02-17 02:45:32',NULL),(272,36,881,'2003-11-21','2005-07-03',7253,'ရန်ကုန်မြို့',NULL,28,'2025-01-16 03:21:30','2025-01-16 03:39:41',NULL),(273,36,882,'2005-07-04','2007-01-15',7253,'ရန်ကုန်မြို့',NULL,28,'2025-01-16 03:21:30','2025-01-16 03:39:41',NULL),(274,36,9,'2007-01-16',NULL,7254,'ရန်ကုန်မြို့',NULL,28,'2025-01-16 03:26:54','2025-02-17 02:49:22',NULL),(275,50,883,'2007-12-14','2024-09-01',NULL,'ခမရ(၄၂၂) မိုးဗြဲ',NULL,10,'2025-01-21 23:28:43','2025-01-21 23:28:43',NULL),(277,50,6,'2024-09-02','2025-01-22',983,'ရန်ကုန်မြို့',NULL,15,'2025-01-21 23:30:36','2025-01-21 23:30:36','စီမံရေးနှင့်ငွေစာရင်းဌာနခွဲ'),(278,51,849,'1999-11-04','2004-10-04',NULL,'အမှတ်-၂၊ ပင်မအလုပ်ရုံ(လျှပ်စက်) အမရပူရမြို့',NULL,10,'2025-01-24 02:41:04','2025-01-24 02:41:04',NULL),(279,51,850,'0005-11-04','2006-05-31',NULL,'တပ်မတော်သိပ္ပံနှင့်နည်းပညာ   သုတေသနဌာန၊ ပြင်ဦးလွင်မြို့',NULL,10,'2025-01-24 02:41:04','2025-01-24 02:41:04',NULL),(280,51,5,'2006-06-01','2009-03-20',NULL,'နေပြည်တော်',NULL,59,'2025-01-24 02:41:04','2025-01-24 02:41:04',NULL),(281,51,4,'2009-03-21','2011-03-28',NULL,'နေပြည်တော်',NULL,59,'2025-01-24 02:41:04','2025-01-24 02:41:04',NULL),(282,51,3,'2011-03-29','2012-11-23',NULL,'နေပြည်တော်',NULL,59,'2025-01-24 02:41:04','2025-01-28 01:30:33',NULL),(283,51,3,'2012-11-24','2013-01-21',7252,'နေပြည်တော်',NULL,59,'2025-01-28 01:30:33','2025-01-28 01:55:07','စီမံရေးနှင့်ငွေစာရင်းဌာနခွဲ'),(284,51,3,'2013-01-22','2014-01-22',7252,'နေပြည်တော်',NULL,59,'2025-01-28 01:55:07','2025-01-28 01:55:07','ရင်းနှီးမြှုပ်နှံမှုကြီးကြပ်ရေးဌာနခွဲ'),(285,51,3,'2014-01-23','2017-11-22',7253,'နေပြည်တော်',NULL,12,'2025-01-28 01:55:07','2025-01-28 02:59:55','နေပြည်တော်ဦးစီးမှူးရုံး'),(286,51,3,'2017-11-23','2019-06-28',129,'ရန်ကုန်မြို့',NULL,15,'2025-01-28 01:55:07','2025-01-28 01:55:07','ကုမ္ပဏီရေးရာဌာနခွဲ'),(287,51,3,'2019-06-29','2021-02-25',129,'ရန်ကုန်မြို့',NULL,15,'2025-01-28 01:55:07','2025-01-28 01:55:07','ရင်းနှီးမြှုပ်နှံမှုဌာနခွဲ(၁)'),(288,51,3,'2021-02-26','2024-11-05',129,'ရန်ကုန်မြို့',NULL,15,'2025-01-28 02:16:11','2025-01-28 02:16:11','ကုမ္ပဏီရေးရာဌာနခွဲ'),(289,51,3,'2024-11-06',NULL,129,'ရန်ကုန်မြို့',NULL,15,'2025-01-28 02:16:12','2025-01-28 02:16:12','ပဲခူးတိုင်းဒေသကြီးညွှန်ကြားရေးမှူးရုံး'),(290,54,14,'2018-02-05','2021-02-25',129,'ရန်ကုန်မြို့',NULL,15,'2025-01-28 02:29:39','2025-01-28 02:29:39','ရင်းနှီးမြှုပ်နှံမှုဌာနခွဲ(၄)'),(291,54,12,'2021-02-26','2023-06-25',129,'ရန်ကုန်မြို့',NULL,15,'2025-01-28 02:29:39','2025-01-28 02:29:39','စီမံရေးနှင့်ငွေစာရင်းဌာနခွဲ'),(292,54,9,'2023-06-26',NULL,129,'ရန်ကုန်မြို့',NULL,15,'2025-01-28 02:29:39','2025-01-28 02:29:39','စီမံရေးနှင့်ငွေစာရင်းဌာနခွဲ'),(293,53,255,'2011-03-09','2012-08-17',7252,'နေပြည်တော်',NULL,59,'2025-01-28 02:31:35','2025-02-26 02:21:02','ကုမ္ပဏီရေးရာဌာနခွဲ'),(294,53,240,'2012-08-18','2016-03-17',7252,'ရန်ကုန်',NULL,59,'2025-01-28 02:31:35','2025-02-26 02:21:02','ကုမ္ပဏီရေးရာဌာနခွဲ'),(295,53,12,'2016-03-18','2018-05-31',7253,'ရန်ကုန်',NULL,12,'2025-01-28 02:36:24','2025-02-26 02:21:02','ရင်းနှီးမြှုပ်နှံမှုဌာနခွဲ(၂)'),(296,53,11,'2018-06-01','2019-04-02',129,'ရန်ကုန်',NULL,15,'2025-01-28 02:36:24','2025-02-26 02:21:02','ကုမ္ပဏီရေးရာဌာနခွဲ'),(299,8,2,'2019-10-04',NULL,129,'',NULL,15,'2025-01-30 02:55:38','2025-01-30 02:55:38',NULL),(300,7,4,'2008-07-21','2009-09-25',7257,'နေပြည်တော်',NULL,59,'2025-02-05 01:19:28','2025-02-05 01:44:40',NULL),(301,7,3,'2009-09-26','2015-03-24',7257,'နေပြည်တော်',NULL,59,'2025-02-05 01:27:51','2025-02-05 01:27:51',NULL),(302,7,37,'2015-03-25','2016-03-17',7258,'နေပြည်တော်',NULL,59,'2025-02-05 01:27:51','2025-02-05 01:27:51',NULL),(303,7,2,'2016-03-18','2019-01-02',129,'ရန်ကုန်မြို့',NULL,15,'2025-02-05 01:27:51','2025-02-05 01:27:51',NULL),(304,7,37,'2019-01-03','2019-04-02',7259,'နေပြည်တော်',NULL,15,'2025-02-05 01:27:51','2025-02-05 01:37:27',NULL),(305,7,2,'2019-04-03','2019-04-09',129,'ရန်ကုန်မြို့',NULL,15,'2025-02-05 01:37:27','2025-02-24 01:50:02',NULL),(306,7,846,'2019-04-10','2019-07-23',129,'ရန်ကုန်မြို့',NULL,15,'2025-02-05 01:47:39','2025-02-24 01:50:02',NULL),(307,7,1,'2019-07-24',NULL,129,'ရန်ကုန်မြို့',NULL,15,'2025-02-05 01:47:39','2025-02-05 01:47:39',NULL),(308,33,6,'2006-12-15','2011-02-15',7260,'နေပြည်တော်',NULL,28,'2025-02-06 00:44:08','2025-02-06 00:56:23',NULL),(309,33,5,'2011-02-16','2011-04-06',7261,'နေပြည်တော်',NULL,28,'2025-02-06 00:56:23','2025-02-06 00:56:23',NULL),(310,33,5,'2011-04-07','2012-04-05',7257,'နေပြည်တော်',NULL,59,'2025-02-06 00:56:23','2025-02-06 01:01:00','(နိုင်ငံခြားစီးပွား ဆက်သွယ်ရေး ဦးစီးဌာန-တွဲဖက်) '),(311,33,5,'2012-04-06',NULL,NULL,'နေပြည်တော်',NULL,59,'2025-02-06 01:01:00','2025-02-17 02:44:02',NULL),(312,55,835,'2011-03-17','2021-05-02',103,'နေပြည်တော်',NULL,12,'2025-02-13 22:44:09','2025-02-27 22:00:31','ပုဂ္ဂလိကပိုင်ပြုလုပ်ရေးကော်မရှင်'),(313,55,9,'2021-05-03','2022-06-08',7259,'နေပြည်တော်',NULL,15,'2025-02-13 22:44:09','2025-02-27 22:00:31','စီမံကိန်းနှင့်စာရင်းအင်းဌာနခွဲ'),(314,55,6,'2022-06-09',NULL,129,'ရန်ကုန်',NULL,15,'2025-02-13 22:44:09','2025-02-28 02:24:53','စီမံနှင့်ငွေစာရင်းဌာနခွဲ'),(327,56,255,'2013-11-15','2016-03-24',7252,'နေပြည်တော်',NULL,59,'2025-02-14 00:35:39','2025-02-14 00:35:39','ရင်းနှီးမြှုပ်နှံမှုဌာနခွဲ(၁)'),(328,56,14,'2016-03-25','2016-11-10',7252,'ရန်ကုန်',NULL,59,'2025-02-14 00:35:39','2025-02-14 00:35:39','ရင်းနှီးမြှုပ်နှံမှုဌာနခွဲ(၁)'),(329,56,12,'2016-11-11','2021-02-20',129,'ရန်ကုန်မြို့',NULL,15,'2025-02-14 00:35:39','2025-02-14 00:35:39','ရင်းနှီးမြှုပ်နှံမှုဌာနခွဲ(၁)'),(330,56,9,'2021-02-21',NULL,129,'ရန်ကုန်မြို့',NULL,15,'2025-02-14 00:35:39','2025-02-14 02:08:40','စီမံရေးနှင့်ငွေစာရင်းဌာနခွဲ'),(331,59,14,'2022-10-12',NULL,129,'ရန်ကုန်',NULL,15,'2025-02-24 01:25:52','2025-02-26 02:54:50','စီမံရေးနှင့် ငွေစာရင်းဌာနခွဲ'),(332,57,12,'2009-06-22','2011-03-20',7252,'နေပြည်တော်',NULL,59,'2025-02-24 01:58:44','2025-02-27 22:17:24','စီမံရေးနှင့်ငွေစာရင်းဌာနခွဲ'),(333,57,11,'2011-03-21','2013-07-01',7253,'ရန်ကုန်',NULL,12,'2025-02-24 01:58:44','2025-02-24 01:58:44','ကုမ္ပဏီရေးရာဌာနခွဲ'),(334,57,7,'2013-07-02','2017-07-20',7253,'ရန်ကုန်',NULL,12,'2025-02-24 01:58:44','2025-02-24 01:58:44','ကုမ္ပဏီရေးရာဌာနခွဲ'),(335,57,6,'2017-07-21','2022-05-25',129,'ရန်ကုန်',NULL,15,'2025-02-24 01:58:44','2025-02-24 01:58:44','စီမံရေးနှင့်ငွေစာရင်းဌာနခွဲ'),(336,57,5,'2022-05-26',NULL,129,'ရန်ကုန်',NULL,15,'2025-02-24 01:58:44','2025-02-24 01:58:44','စီမံရေးနှင့်ငွေစာရင်းဌာနခွဲ'),(337,53,11,'2019-04-03','2021-02-25',129,'ရန်ကုန်',NULL,15,'2025-02-26 02:21:02','2025-02-26 02:21:02','စီမံရေးနှင့်ငွေစာရင်းဌာနခွဲ'),(338,53,7,'2021-02-26',NULL,129,'ရန်ကုန်',NULL,15,'2025-02-26 02:21:02','2025-02-26 02:21:02','စီမံရေးနှင့်ငွေစာရင်းဌာနခွဲ'),(339,60,20,'2019-09-03','2021-11-07',129,'ရန်ကုန်မြို့။',NULL,15,'2025-02-27 02:11:47','2025-02-27 23:03:09','စီမံရေးနှင့် ငွေစာရင်းဌာနခွဲ'),(340,60,14,'2021-11-08',NULL,129,'ရန်ကုန်မြို့။',NULL,15,'2025-02-27 03:07:07','2025-02-27 23:03:09','စီမံရေးနှင့် ငွေစာရင်းဌာနခွဲ'),(341,61,20,'2022-10-12',NULL,129,'ရန်ကုန်',NULL,15,'2025-02-28 02:25:08','2025-02-28 02:25:08','စီမံရေးနှင့်ငွေစာရင်းဌာနခွဲ'),(342,62,888,'2001-01-01','2004-02-02',NULL,'ပြင်ဦးလွင်မြို့',NULL,30,'2025-02-28 02:33:25','2025-02-28 02:33:25',NULL),(343,62,815,'2004-02-03','2004-10-31',NULL,'မန္တလေးမြို့၊ MTU',NULL,30,'2025-02-28 02:33:25','2025-02-28 02:33:25',NULL),(344,62,100,'2004-11-01','2007-03-31',NULL,'မန္တလေးမြို့၊ MTU',NULL,30,'2025-02-28 02:33:25','2025-02-28 02:33:25',NULL),(345,62,898,'2007-04-01',NULL,7264,'ကျောက်ဆည်မြို့။',NULL,30,'2025-02-28 02:38:46','2025-02-28 02:45:02',NULL),(346,62,890,'2009-03-17','2011-05-16',7265,'သန်လျင်၊ ရန်ကုန်။',NULL,30,'2025-02-28 03:02:16','2025-02-28 03:02:16',NULL),(347,62,890,'2011-05-17','2012-12-25',7266,'ပြင်ဦးလွင်မြို့။',NULL,30,'2025-02-28 03:02:16','2025-02-28 03:02:16',NULL),(348,62,70,'2012-12-26','2015-08-31',7267,'မိတ္ထီလာမြို့။',NULL,30,'2025-02-28 03:02:16','2025-02-28 03:02:16',NULL),(349,62,4,'2015-09-01','2017-07-27',129,'ရန်ကုန်မြို့။',NULL,15,'2025-02-28 03:02:16','2025-02-28 03:02:16',NULL),(350,62,3,'2017-07-28',NULL,129,'ရန်ကုန်မြို့။',NULL,15,'2025-02-28 03:02:16','2025-02-28 03:02:16',NULL);
/*!40000 ALTER TABLE `postings` ENABLE KEYS */;
UNLOCK TABLES;

--
-- Table structure for table `posts`
--

DROP TABLE IF EXISTS `posts`;
/*!40101 SET @saved_cs_client     = @@character_set_client */;
/*!50503 SET character_set_client = utf8mb4 */;
CREATE TABLE `posts` (
  `id` bigint unsigned NOT NULL AUTO_INCREMENT,
  `name` varchar(255) CHARACTER SET utf8mb4 COLLATE utf8mb4_unicode_ci NOT NULL,
  `created_at` timestamp NULL DEFAULT NULL,
  `updated_at` timestamp NULL DEFAULT NULL,
  PRIMARY KEY (`id`)
) ENGINE=InnoDB AUTO_INCREMENT=2 DEFAULT CHARSET=utf8mb4 COLLATE=utf8mb4_unicode_ci;
/*!40101 SET character_set_client = @saved_cs_client */;

--
-- Dumping data for table `posts`
--

LOCK TABLES `posts` WRITE;
/*!40000 ALTER TABLE `posts` DISABLE KEYS */;
INSERT INTO `posts` VALUES (1,'aa','2024-12-12 22:33:31','2024-12-12 22:33:31');
/*!40000 ALTER TABLE `posts` ENABLE KEYS */;
UNLOCK TABLES;

--
-- Table structure for table `promotions`
--

DROP TABLE IF EXISTS `promotions`;
/*!40101 SET @saved_cs_client     = @@character_set_client */;
/*!50503 SET character_set_client = utf8mb4 */;
CREATE TABLE `promotions` (
  `id` bigint unsigned NOT NULL AUTO_INCREMENT,
  `staff_id` bigint unsigned DEFAULT NULL,
  `rank_id` bigint unsigned DEFAULT NULL,
  `previous_rank_id` bigint unsigned DEFAULT NULL,
  `promotion_date` date NOT NULL,
  `order_no` varchar(255) CHARACTER SET utf8mb4 COLLATE utf8mb4_unicode_ci DEFAULT NULL,
  `created_at` timestamp NULL DEFAULT NULL,
  `updated_at` timestamp NULL DEFAULT NULL,
  PRIMARY KEY (`id`),
  KEY `promotions_previous_rank_id_foreign` (`previous_rank_id`),
  CONSTRAINT `promotions_previous_rank_id_foreign` FOREIGN KEY (`previous_rank_id`) REFERENCES `ranks` (`id`) ON DELETE SET NULL
) ENGINE=InnoDB DEFAULT CHARSET=utf8mb4 COLLATE=utf8mb4_unicode_ci;
/*!40101 SET character_set_client = @saved_cs_client */;

--
-- Dumping data for table `promotions`
--

LOCK TABLES `promotions` WRITE;
/*!40000 ALTER TABLE `promotions` DISABLE KEYS */;
/*!40000 ALTER TABLE `promotions` ENABLE KEYS */;
UNLOCK TABLES;

--
-- Table structure for table `punishment_criminals`
--

DROP TABLE IF EXISTS `punishment_criminals`;
/*!40101 SET @saved_cs_client     = @@character_set_client */;
/*!50503 SET character_set_client = utf8mb4 */;
CREATE TABLE `punishment_criminals` (
  `id` bigint unsigned NOT NULL AUTO_INCREMENT,
  `staff_id` bigint unsigned DEFAULT NULL,
  `verdict` varchar(255) CHARACTER SET utf8mb4 COLLATE utf8mb4_unicode_ci NOT NULL,
  `reason` varchar(255) CHARACTER SET utf8mb4 COLLATE utf8mb4_unicode_ci NOT NULL,
  `from_date` date NOT NULL,
  `to_date` date NOT NULL,
  `created_at` timestamp NULL DEFAULT NULL,
  `updated_at` timestamp NULL DEFAULT NULL,
  PRIMARY KEY (`id`),
  KEY `punishment_criminals_staff_id_foreign` (`staff_id`),
  CONSTRAINT `punishment_criminals_staff_id_foreign` FOREIGN KEY (`staff_id`) REFERENCES `staff` (`id`) ON DELETE CASCADE
) ENGINE=InnoDB DEFAULT CHARSET=utf8mb4 COLLATE=utf8mb4_unicode_ci;
/*!40101 SET character_set_client = @saved_cs_client */;

--
-- Dumping data for table `punishment_criminals`
--

LOCK TABLES `punishment_criminals` WRITE;
/*!40000 ALTER TABLE `punishment_criminals` DISABLE KEYS */;
/*!40000 ALTER TABLE `punishment_criminals` ENABLE KEYS */;
UNLOCK TABLES;

--
-- Table structure for table `punishments`
--

DROP TABLE IF EXISTS `punishments`;
/*!40101 SET @saved_cs_client     = @@character_set_client */;
/*!50503 SET character_set_client = utf8mb4 */;
CREATE TABLE `punishments` (
  `id` bigint unsigned NOT NULL AUTO_INCREMENT,
  `staff_id` bigint unsigned DEFAULT NULL,
  `penalty_type_id` bigint unsigned DEFAULT NULL,
  `reason` varchar(255) CHARACTER SET utf8mb4 COLLATE utf8mb4_unicode_ci NOT NULL,
  `from_date` date NOT NULL,
  `to_date` date NOT NULL,
  `created_at` timestamp NULL DEFAULT NULL,
  `updated_at` timestamp NULL DEFAULT NULL,
  PRIMARY KEY (`id`),
  KEY `punishments_staff_id_foreign` (`staff_id`),
  KEY `punishments_penalty_type_id_foreign` (`penalty_type_id`),
  CONSTRAINT `punishments_penalty_type_id_foreign` FOREIGN KEY (`penalty_type_id`) REFERENCES `penalty_types` (`id`) ON DELETE SET NULL,
  CONSTRAINT `punishments_staff_id_foreign` FOREIGN KEY (`staff_id`) REFERENCES `staff` (`id`) ON DELETE CASCADE
) ENGINE=InnoDB AUTO_INCREMENT=2 DEFAULT CHARSET=utf8mb4 COLLATE=utf8mb4_unicode_ci;
/*!40101 SET character_set_client = @saved_cs_client */;

--
-- Dumping data for table `punishments`
--

LOCK TABLES `punishments` WRITE;
/*!40000 ALTER TABLE `punishments` DISABLE KEYS */;
/*!40000 ALTER TABLE `punishments` ENABLE KEYS */;
UNLOCK TABLES;

--
-- Table structure for table `ranks`
--

DROP TABLE IF EXISTS `ranks`;
/*!40101 SET @saved_cs_client     = @@character_set_client */;
/*!50503 SET character_set_client = utf8mb4 */;
CREATE TABLE `ranks` (
  `id` bigint unsigned NOT NULL AUTO_INCREMENT,
  `name` varchar(255) CHARACTER SET utf8mb4 COLLATE utf8mb4_unicode_ci NOT NULL,
  `staff_type_id` bigint unsigned DEFAULT NULL,
  `payscale_id` bigint unsigned DEFAULT NULL,
  `allowed_qty` int DEFAULT '0',
  `sort_no` int DEFAULT NULL,
  `created_at` timestamp NULL DEFAULT NULL,
  `updated_at` timestamp NULL DEFAULT NULL,
  `is_dica` tinyint(1) NOT NULL DEFAULT '0',
  `name1` varchar(255) COLLATE utf8mb4_unicode_ci DEFAULT NULL,
  `name2` varchar(255) COLLATE utf8mb4_unicode_ci DEFAULT NULL,
  PRIMARY KEY (`id`),
  KEY `ranks_staff_type_id_foreign` (`staff_type_id`),
  KEY `ranks_payscale_id_foreign` (`payscale_id`),
  CONSTRAINT `ranks_payscale_id_foreign` FOREIGN KEY (`payscale_id`) REFERENCES `payscales` (`id`) ON DELETE SET NULL,
  CONSTRAINT `ranks_staff_type_id_foreign` FOREIGN KEY (`staff_type_id`) REFERENCES `staff_types` (`id`) ON DELETE SET NULL
) ENGINE=InnoDB AUTO_INCREMENT=899 DEFAULT CHARSET=utf8mb4 COLLATE=utf8mb4_unicode_ci;
/*!40101 SET character_set_client = @saved_cs_client */;

--
-- Dumping data for table `ranks`
--

LOCK TABLES `ranks` WRITE;
/*!40000 ALTER TABLE `ranks` DISABLE KEYS */;
INSERT INTO `ranks` VALUES (1,'ညွှန်ကြားရေးမှူးချုပ်',1,1,1,1,'2025-01-16 03:28:58','2025-01-16 03:28:58',1,'အမြဲတမ်းအတွင်းဝန်','ညွှန်ချုပ်'),(2,'ဒုတိယညွှန်ကြားရေးမှူးချုပ်',1,2,4,2,'2025-01-16 03:28:58','2025-01-16 03:28:58',1,'ဒုတိယအမြဲတမ်းအတွင်းဝန်','ဒု-ညွှန်ချုပ်'),(3,'ညွှန်ကြားရေးမှူး',1,3,26,3,'2025-01-16 03:28:58','2025-01-16 03:28:58',1,'လက်ထောက်အတွင်းဝန်','ညွှန်မှူး'),(4,'ဒုတိယညွှန်ကြားရေးမှူး',1,4,68,4,'2025-01-16 03:28:58','2025-01-16 03:28:58',1,NULL,NULL),(5,'လက်ထောက်ညွှန်ကြားရေးမှူး',1,5,101,5,'2025-01-16 03:28:58','2025-01-16 03:28:58',1,NULL,NULL),(6,'ဦးစီးအရာရှိ',1,6,175,6,'2025-01-16 03:28:58','2025-01-16 03:28:58',1,NULL,NULL),(7,'ရုံးအုပ်',2,7,3,7,'2025-01-16 03:28:58','2025-01-16 03:28:58',1,NULL,NULL),(8,'စာရင်းကိုင်(၁)',2,7,3,8,'2025-01-16 03:28:58','2025-01-16 03:28:58',1,NULL,NULL),(9,'ဒုတိယဦးစီးမှူး',2,8,179,9,'2025-01-16 03:28:58','2025-01-16 03:28:58',1,NULL,NULL),(10,'စာရင်းကိုင်(၂)',2,8,8,10,'2025-01-16 03:28:58','2025-01-16 03:28:58',1,NULL,NULL),(11,'ဌာနခွဲစာရေး',2,8,7,11,'2025-01-16 03:28:58','2025-01-16 03:28:58',1,NULL,NULL),(12,'အကြီးတန်းစာ‌ရေး',2,9,86,13,'2025-01-16 03:28:58','2025-01-16 03:28:58',1,NULL,NULL),(13,'စာရင်းကိုင်(၃)',2,9,12,12,'2025-01-16 03:28:58','2025-01-16 03:28:58',1,NULL,NULL),(14,'အငယ်တန်းစာရေး',2,10,78,15,'2025-01-16 03:28:58','2025-01-16 03:28:58',1,NULL,NULL),(15,'စာရင်းကိုင်(၄)',2,10,12,14,'2025-01-16 03:28:58','2025-01-16 03:28:58',1,NULL,NULL),(16,'ယာဉ်မောင်းစက်ပြင်(၄)',2,10,1,16,'2025-01-16 03:28:58','2025-01-16 03:28:58',1,NULL,NULL),(17,'ရုံးအကူမှူး',2,11,2,19,'2025-01-16 03:28:58','2025-01-16 03:28:58',1,NULL,NULL),(18,'စာကူးစက်လှည့်အကူ',2,11,1,17,'2025-01-16 03:28:58','2025-01-16 03:28:58',1,NULL,NULL),(19,'ယာဉ်မောင်း(၅)',2,11,36,18,'2025-01-16 03:28:58','2025-01-16 03:28:58',1,NULL,NULL),(20,'ရုံးအကူ',2,12,37,20,'2025-01-16 03:28:58','2025-01-16 03:28:58',1,NULL,NULL),(21,'သန့်ရှင်း‌ရေးအကူ',2,12,17,21,'2025-01-16 03:28:58','2025-01-16 03:28:58',1,NULL,NULL),(22,'အစောင့်',2,12,2,22,'2025-01-16 03:28:58','2025-01-16 03:28:58',1,NULL,NULL),(23,'နေ့စား',3,13,100,23,'2025-01-16 03:28:58','2025-01-16 03:28:58',1,NULL,NULL),(24,'အမြဲတမ်းအတွင်းဝန်',NULL,NULL,0,NULL,'2025-01-16 03:28:58','2025-01-16 03:28:58',0,NULL,NULL),(25,'တာဝန်ခံညွှန်ကြားရေးမှူးချုပ်',NULL,NULL,0,NULL,'2025-01-16 03:28:58','2025-01-16 03:28:58',0,NULL,NULL),(26,'ဦးဆောင်ညွှန်ကြားရေးမှူး',NULL,NULL,0,NULL,'2025-01-16 03:28:58','2025-01-16 03:28:58',0,NULL,NULL),(27,'ရဲချုပ်(ဒုတိယရဲဗိုလ်ချုပ်ကြီး)',NULL,NULL,0,NULL,'2025-01-16 03:28:58','2025-01-16 03:28:58',0,NULL,NULL),(28,'သံအမတ်ကြီး',NULL,NULL,0,NULL,'2025-01-16 03:28:58','2025-01-16 03:28:58',0,NULL,NULL),(29,'ပါမောက္ခချုပ်',NULL,NULL,0,NULL,'2025-01-16 03:28:59','2025-01-16 03:28:59',0,NULL,NULL),(30,'ကျောင်းအုပ်ကြီး',NULL,NULL,0,NULL,'2025-01-16 03:28:59','2025-01-16 03:28:59',0,NULL,NULL),(31,'ပျံသန်းရေးဌာနမှူးချုပ်',NULL,NULL,0,NULL,'2025-01-16 03:28:59','2025-01-16 03:28:59',0,NULL,NULL),(32,'ဒုတိယပျံသန်းရေးဌာနမှူးချုပ်',NULL,NULL,0,NULL,'2025-01-16 03:28:59','2025-01-16 03:28:59',0,NULL,NULL),(33,'လေယာဉ်မှူးချုပ်',NULL,NULL,0,NULL,'2025-01-16 03:28:59','2025-01-16 03:28:59',0,NULL,NULL),(34,'လေယာဉ်မှူးကြီး',NULL,NULL,0,NULL,'2025-01-16 03:28:59','2025-01-16 03:28:59',0,NULL,NULL),(35,'ဌာနကြီးမှူး',NULL,NULL,0,NULL,'2025-01-16 03:28:59','2025-01-16 03:28:59',0,NULL,NULL),(36,'ဆေးရုံအုပ်ကြီး',NULL,NULL,0,NULL,'2025-01-16 03:28:59','2025-01-16 03:28:59',0,NULL,NULL),(37,'ဒုတိယအမြဲတမ်းအတွင်းဝန်',NULL,NULL,0,NULL,'2025-01-16 03:28:59','2025-01-16 03:28:59',0,NULL,NULL),(38,'ဒုတိယဦးဆောင်ညွှန်ကြားရေးမှူး',NULL,NULL,0,NULL,'2025-01-16 03:28:59','2025-01-16 03:28:59',0,NULL,NULL),(39,'အထွေထွေမန်နေဂျာ',NULL,NULL,0,NULL,'2025-01-16 03:28:59','2025-01-16 03:28:59',0,NULL,NULL),(40,'ဒုတိယရဲချုပ်(ရဲဗိုလ်ချုပ်)',NULL,NULL,0,NULL,'2025-01-16 03:28:59','2025-01-16 03:28:59',0,NULL,NULL),(41,'ရဲမှူးချုပ်',NULL,NULL,0,NULL,'2025-01-16 03:28:59','2025-01-16 03:28:59',0,NULL,NULL),(42,'သံအမတ်',NULL,NULL,0,NULL,'2025-01-16 03:28:59','2025-01-16 03:28:59',0,NULL,NULL),(43,'ဒုတိယပါမောက္ခချုပ်',NULL,NULL,0,NULL,'2025-01-16 03:28:59','2025-01-16 03:28:59',0,NULL,NULL),(44,'ပါမောက္ခ',NULL,NULL,0,NULL,'2025-01-16 03:28:59','2025-01-16 03:28:59',0,NULL,NULL),(45,'ကျောင်းအုပ်ကြီး',NULL,NULL,0,NULL,'2025-01-16 03:28:59','2025-01-16 03:28:59',0,NULL,NULL),(46,'ဒုတိယကျောင်းအုပ်ကြီး',NULL,NULL,0,NULL,'2025-01-16 03:28:59','2025-01-16 03:28:59',0,NULL,NULL),(47,'အင်ဂျင်နီယာချုပ်',NULL,NULL,0,NULL,'2025-01-16 03:28:59','2025-01-16 03:28:59',0,NULL,NULL),(48,'စစ်ဆေးရေးအရာရှိချုပ်',NULL,NULL,0,NULL,'2025-01-16 03:28:59','2025-01-16 03:28:59',0,NULL,NULL),(49,'စက်ရုံမှူး',NULL,NULL,0,NULL,'2025-01-16 03:28:59','2025-01-16 03:28:59',0,NULL,NULL),(50,'လက်ထောက်အတွင်းဝန်',NULL,NULL,0,NULL,'2025-01-16 03:28:59','2025-01-16 03:28:59',0,NULL,NULL),(51,'ဒုတိယအထွေထွေမန်နေဂျာ',NULL,NULL,0,NULL,'2025-01-16 03:28:59','2025-01-16 03:28:59',0,NULL,NULL),(52,'ဌာနကြီးမှူး',NULL,NULL,0,NULL,'2025-01-16 03:28:59','2025-01-16 03:28:59',0,NULL,NULL),(53,'ဌာနမှူး',NULL,NULL,0,NULL,'2025-01-16 03:28:59','2025-01-16 03:28:59',0,NULL,NULL),(54,'ဒုတိယဌာနမှူး',NULL,NULL,0,NULL,'2025-01-16 03:28:59','2025-01-16 03:28:59',0,NULL,NULL),(55,'ဒုတိယပါမောက္ခချုပ်',NULL,NULL,0,NULL,'2025-01-16 03:28:59','2025-01-16 03:28:59',0,NULL,NULL),(56,'တွဲဖက်ပါမောက္ခ',NULL,NULL,0,NULL,'2025-01-16 03:28:59','2025-01-16 03:28:59',0,NULL,NULL),(57,'ရဲမှူးကြီး',NULL,NULL,0,NULL,'2025-01-16 03:28:59','2025-01-16 03:28:59',0,NULL,NULL),(58,'သံမှူးကြီး',NULL,NULL,0,NULL,'2025-01-16 03:28:59','2025-01-16 03:28:59',0,NULL,NULL),(59,'ကောင်စစ်ဝန်ချုပ်',NULL,NULL,0,NULL,'2025-01-16 03:28:59','2025-01-16 03:28:59',0,NULL,NULL),(60,'ကျောင်းအုပ်ကြီး',NULL,NULL,0,NULL,'2025-01-16 03:28:59','2025-01-16 03:28:59',0,NULL,NULL),(61,'ဒုတိယကျောင်းအုပ်ကြီး',NULL,NULL,0,NULL,'2025-01-16 03:28:59','2025-01-16 03:28:59',0,NULL,NULL),(62,'ဆေးရုံအုပ်ကြီး',NULL,NULL,0,NULL,'2025-01-16 03:28:59','2025-01-16 03:28:59',0,NULL,NULL),(63,'လက်ထောက်အထွေထွေမန်နေဂျာ',NULL,NULL,0,NULL,'2025-01-16 03:28:59','2025-01-16 03:28:59',0,NULL,NULL),(64,'မန်နေဂျာ ',NULL,NULL,0,NULL,'2025-01-16 03:28:59','2025-01-16 03:28:59',0,NULL,NULL),(65,'ဌာနမှူး',NULL,NULL,0,NULL,'2025-01-16 03:28:59','2025-01-16 03:28:59',0,NULL,NULL),(66,'လက်ထောက်ဌာနမှူး',NULL,NULL,0,NULL,'2025-01-16 03:28:59','2025-01-16 03:28:59',0,NULL,NULL),(67,'ဒုတိယဌာနမှူး',NULL,NULL,0,NULL,'2025-01-16 03:28:59','2025-01-16 03:28:59',0,NULL,NULL),(68,'ဒုတိယရဲမှူးကြီး',NULL,NULL,0,NULL,'2025-01-16 03:28:59','2025-01-16 03:28:59',0,NULL,NULL),(69,'သံမှူး',NULL,NULL,0,NULL,'2025-01-16 03:28:59','2025-01-16 03:28:59',0,NULL,NULL),(70,'ဒုတိယပါမောက္ခ',NULL,NULL,0,NULL,'2025-01-16 03:28:59','2025-01-16 03:28:59',0,NULL,NULL),(71,'ကထိက',NULL,NULL,0,NULL,'2025-01-16 03:28:59','2025-01-16 03:28:59',0,NULL,NULL),(72,'အထူးကုဆရာဝန်ကြီး',NULL,NULL,0,NULL,'2025-01-16 03:28:59','2025-01-16 03:28:59',0,NULL,NULL),(73,'အတိုင်ပင်ခံအထူးကုဆရာဝန်ကြီး',NULL,NULL,0,NULL,'2025-01-16 03:28:59','2025-01-16 03:28:59',0,NULL,NULL),(74,'ဒု-လက်ထောက်ညွှန်ကြားရေးမှူး',NULL,NULL,0,NULL,'2025-01-16 03:28:59','2025-01-16 03:28:59',0,NULL,NULL),(75,'မန်နေဂျာ ',NULL,NULL,0,NULL,'2025-01-16 03:28:59','2025-01-16 03:28:59',0,NULL,NULL),(76,'ဌာနခွဲမှူး',NULL,NULL,0,NULL,'2025-01-16 03:28:59','2025-01-16 03:28:59',0,NULL,NULL),(77,'ရဲမှူး',NULL,NULL,0,NULL,'2025-01-16 03:28:59','2025-01-16 03:28:59',0,NULL,NULL),(78,'ပထမအတွင်းဝန်',NULL,NULL,0,NULL,'2025-01-16 03:28:59','2025-01-16 03:28:59',0,NULL,NULL),(79,'ကထိက',NULL,NULL,0,NULL,'2025-01-16 03:28:59','2025-01-16 03:28:59',0,NULL,NULL),(80,'ဒုတိယကျောင်းအုပ်ကြီး',NULL,NULL,0,NULL,'2025-01-16 03:28:59','2025-01-16 03:28:59',0,NULL,NULL),(81,'မော်ကွန်းထိန်း',NULL,NULL,0,NULL,'2025-01-16 03:28:59','2025-01-16 03:28:59',0,NULL,NULL),(82,'မြို့နယ်ပညာရေးမှူး',NULL,NULL,0,NULL,'2025-01-16 03:28:59','2025-01-16 03:28:59',0,NULL,NULL),(83,'ဆေးရုံအုပ်',NULL,NULL,0,NULL,'2025-01-16 03:28:59','2025-01-16 03:28:59',0,NULL,NULL),(84,'ဒုတိယဆေးရုံအုပ်',NULL,NULL,0,NULL,'2025-01-16 03:28:59','2025-01-16 03:28:59',0,NULL,NULL),(85,'ဆရာဝန်ကြီး',NULL,NULL,0,NULL,'2025-01-16 03:28:59','2025-01-16 03:28:59',0,NULL,NULL),(86,'အထူးကုဆရာဝန်',NULL,NULL,0,NULL,'2025-01-16 03:28:59','2025-01-16 03:28:59',0,NULL,NULL),(87,'အတိုင်ပင်ခံအထူးကုဆရာဝန်',NULL,NULL,0,NULL,'2025-01-16 03:28:59','2025-01-16 03:28:59',0,NULL,NULL),(88,'သူနာပြုအုပ်ကြီး',NULL,NULL,0,NULL,'2025-01-16 03:28:59','2025-01-16 03:28:59',0,NULL,NULL),(89,'အင်ဂျင်နီယာမှူး',NULL,NULL,0,NULL,'2025-01-16 03:28:59','2025-01-16 03:28:59',0,NULL,NULL),(90,'ကိုယ်ရေးအရာရှိ',NULL,NULL,0,NULL,'2025-01-16 03:28:59','2025-01-16 03:28:59',0,NULL,NULL),(91,'ဒုတိယရဲမှူးကြီး',NULL,NULL,0,NULL,'2025-01-16 03:28:59','2025-01-16 03:28:59',0,NULL,NULL),(92,'ဌာနစုမှူး(၁)',NULL,NULL,0,NULL,'2025-01-16 03:28:59','2025-01-16 03:28:59',0,NULL,NULL),(93,'လက်ထောက်မန်နေဂျာ',NULL,NULL,0,NULL,'2025-01-16 03:28:59','2025-01-16 03:28:59',0,NULL,NULL),(94,'ဌာနမှူး',NULL,NULL,0,NULL,'2025-01-16 03:28:59','2025-01-16 03:28:59',0,NULL,NULL),(95,'ဌာနခွဲမှူး',NULL,NULL,0,NULL,'2025-01-16 03:28:59','2025-01-16 03:28:59',0,NULL,NULL),(96,'ဌာနစုမှူး',NULL,NULL,0,NULL,'2025-01-16 03:28:59','2025-01-16 03:28:59',0,NULL,NULL),(97,'ဌာနစုမှူး(၂)',NULL,NULL,0,NULL,'2025-01-16 03:28:59','2025-01-16 03:28:59',0,NULL,NULL),(98,'ဒုတိယအတွင်းဝန်',NULL,NULL,0,NULL,'2025-01-16 03:28:59','2025-01-16 03:28:59',0,NULL,NULL),(99,'တတိယအတွင်းဝန်',NULL,NULL,0,NULL,'2025-01-16 03:28:59','2025-01-16 03:28:59',0,NULL,NULL),(100,'လက်ထောက်ကထိက',NULL,NULL,0,NULL,'2025-01-16 03:28:59','2025-01-16 03:28:59',0,NULL,NULL),(101,'ဒုတိယမြို့နယ်ပညာရေးမှူး',NULL,NULL,0,NULL,'2025-01-16 03:28:59','2025-01-16 03:28:59',0,NULL,NULL),(102,'ကျောင်းအုပ်',NULL,NULL,0,NULL,'2025-01-16 03:28:59','2025-01-16 03:28:59',0,NULL,NULL),(103,'ဒုတိယကျောင်းအုပ်',NULL,NULL,0,NULL,'2025-01-16 03:28:59','2025-01-16 03:28:59',0,NULL,NULL),(104,'အထက်တန်းကျောင်းအုပ်ကြီး',NULL,NULL,0,NULL,'2025-01-16 03:28:59','2025-01-16 03:28:59',0,NULL,NULL),(105,'အလယ်တန်းကျောင်းအုပ်ကြီး',NULL,NULL,0,NULL,'2025-01-16 03:28:59','2025-01-16 03:28:59',0,NULL,NULL),(106,'မော်ကွန်းထိန်း',NULL,NULL,0,NULL,'2025-01-16 03:28:59','2025-01-16 03:28:59',0,NULL,NULL),(107,'လက်ထောက်မော်ကွန်းထိန်း',NULL,NULL,0,NULL,'2025-01-16 03:28:59','2025-01-16 03:28:59',0,NULL,NULL),(108,'လေယာဉ်မှူး',NULL,NULL,0,NULL,'2025-01-16 03:28:59','2025-01-16 03:28:59',0,NULL,NULL),(109,'ဌာနမှူး',NULL,NULL,0,NULL,'2025-01-16 03:28:59','2025-01-16 03:28:59',0,NULL,NULL),(110,'တွဲဖက်ဌာနမှူး',NULL,NULL,0,NULL,'2025-01-16 03:28:59','2025-01-16 03:28:59',0,NULL,NULL),(111,'အင်ဂျင်နီယာချုပ်',NULL,NULL,0,NULL,'2025-01-16 03:28:59','2025-01-16 03:28:59',0,NULL,NULL),(112,'ဒုတိယအင်ဂျင်နီယာချုပ်',NULL,NULL,0,NULL,'2025-01-16 03:28:59','2025-01-16 03:28:59',0,NULL,NULL),(113,'အင်ဂျင်နီယာမှူးကြီး',NULL,NULL,0,NULL,'2025-01-16 03:28:59','2025-01-16 03:28:59',0,NULL,NULL),(114,'စက်ရုံမှူး',NULL,NULL,0,NULL,'2025-01-16 03:28:59','2025-01-16 03:28:59',0,NULL,NULL),(115,'ဒုတိယစက်ရုံမှူး',NULL,NULL,0,NULL,'2025-01-16 03:28:59','2025-01-16 03:28:59',0,NULL,NULL),(116,'ရေကြောင်းဌာနမှူးချုပ်',NULL,NULL,0,NULL,'2025-01-16 03:28:59','2025-01-16 03:28:59',0,NULL,NULL),(117,'ရေကြောင်းပြမှူးကြီး',NULL,NULL,0,NULL,'2025-01-16 03:28:59','2025-01-16 03:28:59',0,NULL,NULL),(118,'ရေယာဉ်မှူးကြီး',NULL,NULL,0,NULL,'2025-01-16 03:28:59','2025-01-16 03:28:59',0,NULL,NULL),(119,'ရေယာဉ်ဗိသုကာချုပ်',NULL,NULL,0,NULL,'2025-01-16 03:28:59','2025-01-16 03:28:59',0,NULL,NULL),(120,'ဆိပ်ကမ်းအရာရှိချုပ်',NULL,NULL,0,NULL,'2025-01-16 03:28:59','2025-01-16 03:28:59',0,NULL,NULL),(121,'ဒုတိယ‌ရေကြောင်းဌာနမှူးချုပ်',NULL,NULL,0,NULL,'2025-01-16 03:28:59','2025-01-16 03:28:59',0,NULL,NULL),(122,'ဘူမိဗေဒအရာရှိချုပ်',NULL,NULL,0,NULL,'2025-01-16 03:28:59','2025-01-16 03:28:59',0,NULL,NULL),(123,'ဘူမိရူပဗေဒအရာရှိချုပ်',NULL,NULL,0,NULL,'2025-01-16 03:28:59','2025-01-16 03:28:59',0,NULL,NULL),(124,'သုတေသနအရာရှိချုပ်',NULL,NULL,0,NULL,'2025-01-16 03:28:59','2025-01-16 03:28:59',0,NULL,NULL),(125,'ဒုတိယစစ်ဆေးရေးအရာရှိချုပ်',NULL,NULL,0,NULL,'2025-01-16 03:28:59','2025-01-16 03:28:59',0,NULL,NULL),(126,'သုတေသနမှူး',NULL,NULL,0,NULL,'2025-01-16 03:28:59','2025-01-16 03:28:59',0,NULL,NULL),(127,'စာရင်းကိုင်ချုပ်',NULL,NULL,0,NULL,'2025-01-16 03:28:59','2025-01-16 03:28:59',0,NULL,NULL),(128,'စာတည်းမှူးချုပ်',NULL,NULL,0,NULL,'2025-01-16 03:28:59','2025-01-16 03:28:59',0,NULL,NULL),(129,'စာကြည့်တိုက်မှူး',NULL,NULL,0,NULL,'2025-01-16 03:28:59','2025-01-16 03:28:59',0,NULL,NULL),(130,'ဒုတိယမြို့ပြအင်ဂျင်နီယာချုပ်',NULL,NULL,0,NULL,'2025-01-16 03:28:59','2025-01-16 03:28:59',0,NULL,NULL),(131,'အင်ဂျင်နီယာမှူးကြီး',NULL,NULL,0,NULL,'2025-01-16 03:28:59','2025-01-16 03:28:59',0,NULL,NULL),(132,'ဒုတိယအင်ဂျင်နီယာမှူးကြီး',NULL,NULL,0,NULL,'2025-01-16 03:28:59','2025-01-16 03:28:59',0,NULL,NULL),(133,'လက်ထောက်စက်ရုံမှူး',NULL,NULL,0,NULL,'2025-01-16 03:28:59','2025-01-16 03:28:59',0,NULL,NULL),(134,'ရေယာဉ်အင်ဂျင်နီယာ',NULL,NULL,0,NULL,'2025-01-16 03:28:59','2025-01-16 03:28:59',0,NULL,NULL),(135,'ရေယာဉ်မှူးကြီး',NULL,NULL,0,NULL,'2025-01-16 03:28:59','2025-01-16 03:28:59',0,NULL,NULL),(136,'ဒုတိယရေယာဉ်မှူးကြီး',NULL,NULL,0,NULL,'2025-01-16 03:28:59','2025-01-16 03:28:59',0,NULL,NULL),(137,'ဆိပ်ကမ်းအရာရှိ',NULL,NULL,0,NULL,'2025-01-16 03:28:59','2025-01-16 03:28:59',0,NULL,NULL),(138,'ဘူမိဗေဒအရာရှိကြီး',NULL,NULL,0,NULL,'2025-01-16 03:28:59','2025-01-16 03:28:59',0,NULL,NULL),(139,'ဘူမိရူပဗေဒအရာရှိကြီး',NULL,NULL,0,NULL,'2025-01-16 03:28:59','2025-01-16 03:28:59',0,NULL,NULL),(140,'စာတည်းမှူး',NULL,NULL,0,NULL,'2025-01-16 03:28:59','2025-01-16 03:28:59',0,NULL,NULL),(141,'သုတေသနမှူး',NULL,NULL,0,NULL,'2025-01-16 03:28:59','2025-01-16 03:28:59',0,NULL,NULL),(142,'သုတေသနအရာရှိကြီး',NULL,NULL,0,NULL,'2025-01-16 03:28:59','2025-01-16 03:28:59',0,NULL,NULL),(143,'ပစ္စည်းထိန်းချုပ်',NULL,NULL,0,NULL,'2025-01-16 03:28:59','2025-01-16 03:28:59',0,NULL,NULL),(144,'ဒုတိယစာရင်းကိုင်ချုပ်',NULL,NULL,0,NULL,'2025-01-16 03:28:59','2025-01-16 03:28:59',0,NULL,NULL),(145,'အလုပ်ရုံမှူး',NULL,NULL,0,NULL,'2025-01-16 03:28:59','2025-01-16 03:28:59',0,NULL,NULL),(146,'ဒုတိယလေယာဉ်မှူးကြီး',NULL,NULL,0,NULL,'2025-01-16 03:28:59','2025-01-16 03:28:59',0,NULL,NULL),(147,'လ/ထရေကြောင်းဌာနမှူးချုပ်',NULL,NULL,0,NULL,'2025-01-16 03:28:59','2025-01-16 03:28:59',0,NULL,NULL),(148,'ရေကြောင်းအင်ဂျင်နီယာချုပ်',NULL,NULL,0,NULL,'2025-01-16 03:28:59','2025-01-16 03:28:59',0,NULL,NULL),(149,'ရေယာဉ်အင်ဂျင်နီယာ',NULL,NULL,0,NULL,'2025-01-16 03:28:59','2025-01-16 03:28:59',0,NULL,NULL),(150,'ရေယာဉ်မှူးကြီး',NULL,NULL,0,NULL,'2025-01-16 03:28:59','2025-01-16 03:28:59',0,NULL,NULL),(151,'ရေယာဉ်မှူး',NULL,NULL,0,NULL,'2025-01-16 03:28:59','2025-01-16 03:28:59',0,NULL,NULL),(152,'ရေယာဉ်ဗိသုကာ',NULL,NULL,0,NULL,'2025-01-16 03:28:59','2025-01-16 03:28:59',0,NULL,NULL),(153,'ဘူမိဗေဒအရာရှိ',NULL,NULL,0,NULL,'2025-01-16 03:28:59','2025-01-16 03:28:59',0,NULL,NULL),(154,'ဘူမိရူပဗေဒအရာရှိ',NULL,NULL,0,NULL,'2025-01-16 03:28:59','2025-01-16 03:28:59',0,NULL,NULL),(155,'ဘူမိဓာတုဗေဒအရာရှိ',NULL,NULL,0,NULL,'2025-01-16 03:28:59','2025-01-16 03:28:59',0,NULL,NULL),(156,'ဒုတိယစာတည်းမှူးချုပ်',NULL,NULL,0,NULL,'2025-01-16 03:28:59','2025-01-16 03:28:59',0,NULL,NULL),(157,'စာတည်း',NULL,NULL,0,NULL,'2025-01-16 03:28:59','2025-01-16 03:28:59',0,NULL,NULL),(158,'ပြတိုက်မှူး',NULL,NULL,0,NULL,'2025-01-16 03:28:59','2025-01-16 03:28:59',0,NULL,NULL),(159,'စာကြည့်တိုက်မှူး',NULL,NULL,0,NULL,'2025-01-16 03:28:59','2025-01-16 03:28:59',0,NULL,NULL),(160,'သုတေသနမှူး',NULL,NULL,0,NULL,'2025-01-16 03:28:59','2025-01-16 03:28:59',0,NULL,NULL),(161,'ဒု-သုတေသနမှူး',NULL,NULL,0,NULL,'2025-01-16 03:28:59','2025-01-16 03:28:59',0,NULL,NULL),(162,'သုတေသနအရာရှိ',NULL,NULL,0,NULL,'2025-01-16 03:28:59','2025-01-16 03:28:59',0,NULL,NULL),(163,'နည်းပြအရာရှိ',NULL,NULL,0,NULL,'2025-01-16 03:28:59','2025-01-16 03:28:59',0,NULL,NULL),(164,'လက်ထောက်အင်ဂျင်နီယာ',NULL,NULL,0,NULL,'2025-01-16 03:28:59','2025-01-16 03:28:59',0,NULL,NULL),(165,'ဓာတ်ခွဲခန်းမှူး',NULL,NULL,0,NULL,'2025-01-16 03:28:59','2025-01-16 03:28:59',0,NULL,NULL),(166,'အလုပ်ရုံမှူး',NULL,NULL,0,NULL,'2025-01-16 03:28:59','2025-01-16 03:28:59',0,NULL,NULL),(167,'ဒုတိယအလုပ်ရုံမှူး',NULL,NULL,0,NULL,'2025-01-16 03:28:59','2025-01-16 03:28:59',0,NULL,NULL),(168,'အလုပ်ရုံခွဲမှူး',NULL,NULL,0,NULL,'2025-01-16 03:28:59','2025-01-16 03:28:59',0,NULL,NULL),(169,'လက်ထောက်လေယာဉ်မှူး',NULL,NULL,0,NULL,'2025-01-16 03:28:59','2025-01-16 03:28:59',0,NULL,NULL),(170,'ပျံသန်းရေးအရာရှိ',NULL,NULL,0,NULL,'2025-01-16 03:28:59','2025-01-16 03:28:59',0,NULL,NULL),(171,'ရေယာဉ်အင်ဂျင်နီယာ',NULL,NULL,0,NULL,'2025-01-16 03:28:59','2025-01-16 03:28:59',0,NULL,NULL),(172,'ရေယာဉ်မှူး',NULL,NULL,0,NULL,'2025-01-16 03:28:59','2025-01-16 03:28:59',0,NULL,NULL),(173,'ရေကြောင်းမှူး',NULL,NULL,0,NULL,'2025-01-16 03:28:59','2025-01-16 03:28:59',0,NULL,NULL),(174,'လက်ထောက်ရေကြောင်းမှူး',NULL,NULL,0,NULL,'2025-01-16 03:28:59','2025-01-16 03:28:59',0,NULL,NULL),(175,'လက်ထောက်ရေယာဉ်အင်ဂျင်နီယာ',NULL,NULL,0,NULL,'2025-01-16 03:28:59','2025-01-16 03:28:59',0,NULL,NULL),(176,'လက်ထောက်ရေယာဉ်မှူး',NULL,NULL,0,NULL,'2025-01-16 03:28:59','2025-01-16 03:28:59',0,NULL,NULL),(177,'ရေယာဉ်အရာရှိ',NULL,NULL,0,NULL,'2025-01-16 03:28:59','2025-01-16 03:28:59',0,NULL,NULL),(178,'လက်ထောက်ရေယာဉ်ဗိသုကာ',NULL,NULL,0,NULL,'2025-01-16 03:28:59','2025-01-16 03:28:59',0,NULL,NULL),(179,'ရေငုပ်အရာရှိ',NULL,NULL,0,NULL,'2025-01-16 03:28:59','2025-01-16 03:28:59',0,NULL,NULL),(180,'လက်ထောက်ဆိပ်ကမ်းအရာရှိ',NULL,NULL,0,NULL,'2025-01-16 03:28:59','2025-01-16 03:28:59',0,NULL,NULL),(181,'ရုံပိုင်ချုပ်ကြီး',NULL,NULL,0,NULL,'2025-01-16 03:28:59','2025-01-16 03:28:59',0,NULL,NULL),(182,'လက်ထောက်ဘူမိဗေဒအရာရှိ',NULL,NULL,0,NULL,'2025-01-16 03:28:59','2025-01-16 03:28:59',0,NULL,NULL),(183,'လက်ထောက်ဘူမိဓာတုဗေဒအရာရှိ',NULL,NULL,0,NULL,'2025-01-16 03:28:59','2025-01-16 03:28:59',0,NULL,NULL),(184,'စာတည်း',NULL,NULL,0,NULL,'2025-01-16 03:28:59','2025-01-16 03:28:59',0,NULL,NULL),(185,'လက်ထောက်စာတည်း',NULL,NULL,0,NULL,'2025-01-16 03:28:59','2025-01-16 03:28:59',0,NULL,NULL),(186,'သတင်းထောက်မှူး',NULL,NULL,0,NULL,'2025-01-16 03:28:59','2025-01-16 03:28:59',0,NULL,NULL),(187,'စာပေစိစစ်ရေးမှူး',NULL,NULL,0,NULL,'2025-01-16 03:28:59','2025-01-16 03:28:59',0,NULL,NULL),(188,'အားကစားမှူး',NULL,NULL,0,NULL,'2025-01-16 03:28:59','2025-01-16 03:28:59',0,NULL,NULL),(189,'စာကြည့်တိုက်မှူး',NULL,NULL,0,NULL,'2025-01-16 03:28:59','2025-01-16 03:28:59',0,NULL,NULL),(190,'လက်ထောက်စာကြည့်တိုက်မှူး',NULL,NULL,0,NULL,'2025-01-16 03:28:59','2025-01-16 03:28:59',0,NULL,NULL),(191,'ပြတိုက်မှူး',NULL,NULL,0,NULL,'2025-01-16 03:28:59','2025-01-16 03:28:59',0,NULL,NULL),(192,'လက်ထောက်ပြတိုက်မှူး',NULL,NULL,0,NULL,'2025-01-16 03:28:59','2025-01-16 03:28:59',0,NULL,NULL),(193,'လုပ်ငန်းအရာရှိ',NULL,NULL,0,NULL,'2025-01-16 03:28:59','2025-01-16 03:28:59',0,NULL,NULL),(194,'သုတေသနအရာရှိ',NULL,NULL,0,NULL,'2025-01-16 03:28:59','2025-01-16 03:28:59',0,NULL,NULL),(195,'လက်ထောက်သုတေသနအရာရှိ',NULL,NULL,0,NULL,'2025-01-16 03:28:59','2025-01-16 03:28:59',0,NULL,NULL),(196,'ဆေးရုံအုပ်',NULL,NULL,0,NULL,'2025-01-16 03:28:59','2025-01-16 03:28:59',0,NULL,NULL),(197,'ဒုတိယဆေးရုံအုပ်',NULL,NULL,0,NULL,'2025-01-16 03:28:59','2025-01-16 03:28:59',0,NULL,NULL),(198,'လက်ထောက်ဆေးရုံအုပ်',NULL,NULL,0,NULL,'2025-01-16 03:28:59','2025-01-16 03:28:59',0,NULL,NULL),(199,'ဆရာဝန်',NULL,NULL,0,NULL,'2025-01-16 03:28:59','2025-01-16 03:28:59',0,NULL,NULL),(200,'တာဝန်ခံဆရာဝန်',NULL,NULL,0,NULL,'2025-01-16 03:28:59','2025-01-16 03:28:59',0,NULL,NULL),(201,'အဖွဲ့ခေါင်းဆောင်ဆရာဝန်',NULL,NULL,0,NULL,'2025-01-16 03:28:59','2025-01-16 03:28:59',0,NULL,NULL),(202,'သူနာပြုအုပ်ကြီး',NULL,NULL,0,NULL,'2025-01-16 03:28:59','2025-01-16 03:28:59',0,NULL,NULL),(203,'ဆေးလူမှုဆက်ဆံရေးအရာရှိ',NULL,NULL,0,NULL,'2025-01-16 03:28:59','2025-01-16 03:28:59',0,NULL,NULL),(204,'ရဲအုပ်',NULL,NULL,0,NULL,'2025-01-16 03:28:59','2025-01-16 03:28:59',0,NULL,NULL),(205,'ဦးစီးမှူး',NULL,NULL,0,NULL,'2025-01-16 03:28:59','2025-01-16 03:28:59',0,NULL,NULL),(206,'ကြီးကြပ်ရေးမှူး',NULL,NULL,0,NULL,'2025-01-16 03:28:59','2025-01-16 03:28:59',0,NULL,NULL),(207,'စာရင်းစစ်(၁)',NULL,NULL,0,NULL,'2025-01-16 03:28:59','2025-01-16 03:28:59',0,NULL,NULL),(208,'စာရင်းစစ်မှူး',NULL,NULL,0,NULL,'2025-01-16 03:28:59','2025-01-16 03:28:59',0,NULL,NULL),(209,'စာရင်းအင်းမှူး',NULL,NULL,0,NULL,'2025-01-16 03:28:59','2025-01-16 03:28:59',0,NULL,NULL),(210,'ငွေကိုင်(၁)',NULL,NULL,0,NULL,'2025-01-16 03:28:59','2025-01-16 03:28:59',0,NULL,NULL),(211,'ပစ္စည်းထိန်း(၁)',NULL,NULL,0,NULL,'2025-01-16 03:28:59','2025-01-16 03:28:59',0,NULL,NULL),(212,'လုံခြုံရေး(၁)',NULL,NULL,0,NULL,'2025-01-16 03:28:59','2025-01-16 03:28:59',0,NULL,NULL),(213,'သိုလှောင်ရုံမှူး(၁)',NULL,NULL,0,NULL,'2025-01-16 03:28:59','2025-01-16 03:28:59',0,NULL,NULL),(214,'ယန္တရားမောင်း(၁)',NULL,NULL,0,NULL,'2025-01-16 03:28:59','2025-01-16 03:28:59',0,NULL,NULL),(215,'စက်မောင်း(၁)',NULL,NULL,0,NULL,'2025-01-16 03:28:59','2025-01-16 03:28:59',0,NULL,NULL),(216,'ယာဉ်မောင်း(၁)',NULL,NULL,0,NULL,'2025-01-16 03:28:59','2025-01-16 03:28:59',0,NULL,NULL),(217,'ယာဉ်မောင်းစက်ပြင်(၁)',NULL,NULL,0,NULL,'2025-01-16 03:28:59','2025-01-16 03:28:59',0,NULL,NULL),(218,'လျှပ်စစ်ကျွမ်းကျင်(၁)',NULL,NULL,0,NULL,'2025-01-16 03:28:59','2025-01-16 03:28:59',0,NULL,NULL),(219,'အီလက်ထရောနစ်ကျွမ်းကျင်(၁)',NULL,NULL,0,NULL,'2025-01-16 03:28:59','2025-01-16 03:28:59',0,NULL,NULL),(220,'အလုပ်ရုံစုမှူး',NULL,NULL,0,NULL,'2025-01-16 03:28:59','2025-01-16 03:28:59',0,NULL,NULL),(221,'ဒု-ကြီးကြပ်ရေးမှူး',NULL,NULL,0,NULL,'2025-01-16 03:28:59','2025-01-16 03:28:59',0,NULL,NULL),(222,'ဌာနစိတ်မှူး',NULL,NULL,0,NULL,'2025-01-16 03:28:59','2025-01-16 03:28:59',0,NULL,NULL),(223,'အငယ်တန်းလက်ထောက်',NULL,NULL,0,NULL,'2025-01-16 03:28:59','2025-01-16 03:28:59',0,NULL,NULL),(224,'စနစ်သရုပ်ခွဲမှူး',NULL,NULL,0,NULL,'2025-01-16 03:28:59','2025-01-16 03:28:59',0,NULL,NULL),(225,'အငယ်တန်းလက်ရေးတို ',NULL,NULL,0,NULL,'2025-01-16 03:28:59','2025-01-16 03:28:59',0,NULL,NULL),(226,'လက်နှိပ်စက်ရိုက်',NULL,NULL,0,NULL,'2025-01-16 03:28:59','2025-01-16 03:28:59',0,NULL,NULL),(227,'ကွန်ပျူတာစီစဉ်ရေးမှူး',NULL,NULL,0,NULL,'2025-01-16 03:28:59','2025-01-16 03:28:59',0,NULL,NULL),(228,'ကွန်ပျူတာလုပ်ဆောင်ရေးမှူး',NULL,NULL,0,NULL,'2025-01-16 03:28:59','2025-01-16 03:28:59',0,NULL,NULL),(229,'စာရင်းစစ်(၂)',NULL,NULL,0,NULL,'2025-01-16 03:28:59','2025-01-16 03:28:59',0,NULL,NULL),(230,'ဒု-စာရင်းစစ်မှူး',NULL,NULL,0,NULL,'2025-01-16 03:28:59','2025-01-16 03:28:59',0,NULL,NULL),(231,'ငွေကိုင်(၂)',NULL,NULL,0,NULL,'2025-01-16 03:28:59','2025-01-16 03:28:59',0,NULL,NULL),(232,'ပစ္စည်းထိန်း(၂)',NULL,NULL,0,NULL,'2025-01-16 03:28:59','2025-01-16 03:28:59',0,NULL,NULL),(233,'လုံခြုံရေး(၂)',NULL,NULL,0,NULL,'2025-01-16 03:28:59','2025-01-16 03:28:59',0,NULL,NULL),(234,'ကြီးကြပ်ရေးမှူး',NULL,NULL,0,NULL,'2025-01-16 03:28:59','2025-01-16 03:28:59',0,NULL,NULL),(235,'သိုလှောင်ရုံမှူး(၂)',NULL,NULL,0,NULL,'2025-01-16 03:28:59','2025-01-16 03:28:59',0,NULL,NULL),(236,'ဒု-မီးသတ်ဦးစီးမှူး',NULL,NULL,0,NULL,'2025-01-16 03:28:59','2025-01-16 03:28:59',0,NULL,NULL),(237,'လက်ထောက်ဦးစီးမှူး',NULL,NULL,0,NULL,'2025-01-16 03:28:59','2025-01-16 03:28:59',0,NULL,NULL),(238,'လ/ထကြီးကြပ်ရေးမှူး',NULL,NULL,0,NULL,'2025-01-16 03:28:59','2025-01-16 03:28:59',0,NULL,NULL),(239,'ဒု-အငယ်တန်းလက်ထောက်',NULL,NULL,0,NULL,'2025-01-16 03:28:59','2025-01-16 03:28:59',0,NULL,NULL),(240,'အကြီးတန်းလက်နှိပ်စက်ရိုက်',NULL,NULL,0,NULL,'2025-01-16 03:28:59','2025-01-16 03:28:59',0,NULL,NULL),(241,'လ/ထကွန်ပျူတာစီစဉ်ရေးမှူး',NULL,NULL,0,NULL,'2025-01-16 03:28:59','2025-01-16 03:28:59',0,NULL,NULL),(242,'လ/ထစနစ်သရုပ်ခွဲမှူး',NULL,NULL,0,NULL,'2025-01-16 03:28:59','2025-01-16 03:28:59',0,NULL,NULL),(243,'ငွေကိုင်(၃)',NULL,NULL,0,NULL,'2025-01-16 03:28:59','2025-01-16 03:28:59',0,NULL,NULL),(244,'လ/ထကွန်ပျူတာလုပ်ဆောင်ရေးမှူး',NULL,NULL,0,NULL,'2025-01-16 03:28:59','2025-01-16 03:28:59',0,NULL,NULL),(245,'စာရင်းစစ်(၃)',NULL,NULL,0,NULL,'2025-01-16 03:28:59','2025-01-16 03:28:59',0,NULL,NULL),(246,'လ/ထစာရင်းစစ်မှူး',NULL,NULL,0,NULL,'2025-01-16 03:28:59','2025-01-16 03:28:59',0,NULL,NULL),(247,'ပစ္စည်းထိန်း(၃)',NULL,NULL,0,NULL,'2025-01-16 03:28:59','2025-01-16 03:28:59',0,NULL,NULL),(248,'သိုလှောင်ရုံမှူး(၃)',NULL,NULL,0,NULL,'2025-01-16 03:28:59','2025-01-16 03:28:59',0,NULL,NULL),(249,'လုံခြုံရေး(၃)',NULL,NULL,0,NULL,'2025-01-16 03:28:59','2025-01-16 03:28:59',0,NULL,NULL),(250,'ယန္တရားမောင်း(၃)',NULL,NULL,0,NULL,'2025-01-16 03:28:59','2025-01-16 03:28:59',0,NULL,NULL),(251,'စက်မောင်း(၃)',NULL,NULL,0,NULL,'2025-01-16 03:28:59','2025-01-16 03:28:59',0,NULL,NULL),(252,'ယာဉ်မောင်းစက်ပြင်(၃)',NULL,NULL,0,NULL,'2025-01-16 03:28:59','2025-01-16 03:28:59',0,NULL,NULL),(253,'ဒု-လက်ထောက်ဦးစီးမှူး',NULL,NULL,0,NULL,'2025-01-16 03:28:59','2025-01-16 03:28:59',0,NULL,NULL),(254,'ဒု-လက်ထောက်ကြီးကြပ်ရေးမှူး',NULL,NULL,0,NULL,'2025-01-16 03:28:59','2025-01-16 03:28:59',0,NULL,NULL),(255,'အငယ်တန်းလက်နှိပ်စက်ရိုက်',NULL,NULL,0,NULL,'2025-01-16 03:28:59','2025-01-16 03:28:59',0,NULL,NULL),(256,'ဒု-လ/ထကွန်ပျူတာစီစဉ်ရေးမှူး',NULL,NULL,0,NULL,'2025-01-16 03:28:59','2025-01-16 03:28:59',0,NULL,NULL),(257,'ဒု-လ/ထစနစ်သရုပ်ခွဲမှူး',NULL,NULL,0,NULL,'2025-01-16 03:28:59','2025-01-16 03:28:59',0,NULL,NULL),(258,'ငွေကိုင်(၄)',NULL,NULL,0,NULL,'2025-01-16 03:28:59','2025-01-16 03:28:59',0,NULL,NULL),(259,'ဒု-လ/ထကွန်ပျူတာ',NULL,NULL,0,NULL,'2025-01-16 03:28:59','2025-01-16 03:28:59',0,NULL,NULL),(260,'လုပ်ဆောင်ရးမှူး',NULL,NULL,0,NULL,'2025-01-16 03:28:59','2025-01-16 03:28:59',0,NULL,NULL),(261,'စာရင်းစစ်(၄)',NULL,NULL,0,NULL,'2025-01-16 03:28:59','2025-01-16 03:28:59',0,NULL,NULL),(262,'ဒု-လ/ထစာရင်းစစ်မှူး',NULL,NULL,0,NULL,'2025-01-16 03:28:59','2025-01-16 03:28:59',0,NULL,NULL),(263,'ပစ္စည်းထိန်း(၄)',NULL,NULL,0,NULL,'2025-01-16 03:28:59','2025-01-16 03:28:59',0,NULL,NULL),(264,'သိုလှောင်ရုံမှူး(၄)',NULL,NULL,0,NULL,'2025-01-16 03:28:59','2025-01-16 03:28:59',0,NULL,NULL),(265,'လုံခြုံရေး(၄)',NULL,NULL,0,NULL,'2025-01-16 03:28:59','2025-01-16 03:28:59',0,NULL,NULL),(266,'စာကူးစက်လှည့်',NULL,NULL,0,NULL,'2025-01-16 03:28:59','2025-01-16 03:28:59',0,NULL,NULL),(267,'ယန္တရားမောင်း(၄)',NULL,NULL,0,NULL,'2025-01-16 03:28:59','2025-01-16 03:28:59',0,NULL,NULL),(268,'စက်မောင်း(၄)',NULL,NULL,0,NULL,'2025-01-16 03:28:59','2025-01-16 03:28:59',0,NULL,NULL),(269,'ယာဉ်မောင်း(၄)',NULL,NULL,0,NULL,'2025-01-16 03:28:59','2025-01-16 03:28:59',0,NULL,NULL),(270,'စာရင်းကိုင်(၅)',NULL,NULL,0,NULL,'2025-01-16 03:28:59','2025-01-16 03:28:59',0,NULL,NULL),(271,'ပစ္စည်းထိန်း(၅)',NULL,NULL,0,NULL,'2025-01-16 03:28:59','2025-01-16 03:28:59',0,NULL,NULL),(272,'လုံခြုံရေး(၅)',NULL,NULL,0,NULL,'2025-01-16 03:28:59','2025-01-16 03:28:59',0,NULL,NULL),(273,'လုပ်သားမှူး',NULL,NULL,0,NULL,'2025-01-16 03:28:59','2025-01-16 03:28:59',0,NULL,NULL),(274,'စာတွဲထိန်း',NULL,NULL,0,NULL,'2025-01-16 03:28:59','2025-01-16 03:28:59',0,NULL,NULL),(275,'အမှုတွဲထိန်း',NULL,NULL,0,NULL,'2025-01-16 03:29:00','2025-01-16 03:29:00',0,NULL,NULL),(276,'စာပို့စာလက်ခံ',NULL,NULL,0,NULL,'2025-01-16 03:29:00','2025-01-16 03:29:00',0,NULL,NULL),(277,'စာတွဲချုပ်/စာအုပ်ချုပ်',NULL,NULL,0,NULL,'2025-01-16 03:29:00','2025-01-16 03:29:00',0,NULL,NULL),(278,'သန့်ရှင်းရေး',NULL,NULL,0,NULL,'2025-01-16 03:29:00','2025-01-16 03:29:00',0,NULL,NULL),(279,'ယန္တရားမောင်း(၅)',NULL,NULL,0,NULL,'2025-01-16 03:29:00','2025-01-16 03:29:00',0,NULL,NULL),(280,'စက်မောင်း(၅)',NULL,NULL,0,NULL,'2025-01-16 03:29:00','2025-01-16 03:29:00',0,NULL,NULL),(281,'ယာဉ်မောင်းစက်ပြင်(၅)',NULL,NULL,0,NULL,'2025-01-16 03:29:00','2025-01-16 03:29:00',0,NULL,NULL),(282,'လျှပ်စစ်ကျွမ်းကျင်(၅)',NULL,NULL,0,NULL,'2025-01-16 03:29:00','2025-01-16 03:29:00',0,NULL,NULL),(283,'အီလက်ထရောနစ်ကျွမ်းကျင်(၅)',NULL,NULL,0,NULL,'2025-01-16 03:29:00','2025-01-16 03:29:00',0,NULL,NULL),(284,'စက်မှုစီမံရေး(၅)',NULL,NULL,0,NULL,'2025-01-16 03:29:00','2025-01-16 03:29:00',0,NULL,NULL),(285,'ရဲတပ်သား',NULL,NULL,0,NULL,'2025-01-16 03:29:00','2025-01-16 03:29:00',0,NULL,NULL),(286,'မီးသတ်တပ်သား',NULL,NULL,0,NULL,'2025-01-16 03:29:00','2025-01-16 03:29:00',0,NULL,NULL),(287,'အကျဉ်းထောင်တပ်သား',NULL,NULL,0,NULL,'2025-01-16 03:29:00','2025-01-16 03:29:00',0,NULL,NULL),(288,'လုပ်သား',NULL,NULL,0,NULL,'2025-01-16 03:29:00','2025-01-16 03:29:00',0,NULL,NULL),(289,'ရုံးအကူ/စာပို့',NULL,NULL,0,NULL,'2025-01-16 03:29:00','2025-01-16 03:29:00',0,NULL,NULL),(290,'ဆင့်စာလုလင်',NULL,NULL,0,NULL,'2025-01-16 03:29:00','2025-01-16 03:29:00',0,NULL,NULL),(291,'လုပ်သား(ပဲ့ချိတ်/ပဲ့ထောင်)',NULL,NULL,0,NULL,'2025-01-16 03:29:00','2025-01-16 03:29:00',0,NULL,NULL),(292,'သင်္ဘောသားအကူ',NULL,NULL,0,NULL,'2025-01-16 03:29:00','2025-01-16 03:29:00',0,NULL,NULL),(293,'စည်ပင်သာယာလုပ်သား(၃)',NULL,NULL,0,NULL,'2025-01-16 03:29:00','2025-01-16 03:29:00',0,NULL,NULL),(294,'အကောက်ခွန်ထိန်း',NULL,NULL,0,NULL,'2025-01-16 03:29:00','2025-01-16 03:29:00',0,NULL,NULL),(295,'စက်မှုစီမံရေး(၁)',NULL,NULL,0,NULL,'2025-01-16 03:29:00','2025-01-16 03:29:00',0,NULL,NULL),(296,'စက်မှုကျွမ်းကျင်(၁)',NULL,NULL,0,NULL,'2025-01-16 03:29:00','2025-01-16 03:29:00',0,NULL,NULL),(297,'ထုတ်လုပ်ရေးကျွမ်းကျင်(၁)',NULL,NULL,0,NULL,'2025-01-16 03:29:00','2025-01-16 03:29:00',0,NULL,NULL),(298,'လက်မှုကျွမ်းကျင်(၁)',NULL,NULL,0,NULL,'2025-01-16 03:29:00','2025-01-16 03:29:00',0,NULL,NULL),(299,'ဂဟေဆက်(၁)',NULL,NULL,0,NULL,'2025-01-16 03:29:00','2025-01-16 03:29:00',0,NULL,NULL),(300,'သုတေသနလက်ထောက်(၁)',NULL,NULL,0,NULL,'2025-01-16 03:29:00','2025-01-16 03:29:00',0,NULL,NULL),(301,'အငယ်တန်းသုတေသနအရာရှိ(၁)',NULL,NULL,0,NULL,'2025-01-16 03:29:00','2025-01-16 03:29:00',0,NULL,NULL),(302,'ဓာတ်ခွဲကျွမ်းကျင်(၁)',NULL,NULL,0,NULL,'2025-01-16 03:29:00','2025-01-16 03:29:00',0,NULL,NULL),(303,'ရေယာဉ်အုပ်(၁)',NULL,NULL,0,NULL,'2025-01-16 03:29:00','2025-01-16 03:29:00',0,NULL,NULL),(304,'စက်ခန်းအုပ်(၁)',NULL,NULL,0,NULL,'2025-01-16 03:29:00','2025-01-16 03:29:00',0,NULL,NULL),(305,'တက်မကိုင်(၁)',NULL,NULL,0,NULL,'2025-01-16 03:29:00','2025-01-16 03:29:00',0,NULL,NULL),(306,'သင်္ဘောသား(၁)',NULL,NULL,0,NULL,'2025-01-16 03:29:00','2025-01-16 03:29:00',0,NULL,NULL),(307,'ကုန်းပတ်မှူး(နိုင်ငံခြားသွား/ကမ်းရိုးတန်းသွား)',NULL,NULL,0,NULL,'2025-01-16 03:29:00','2025-01-16 03:29:00',0,NULL,NULL),(308,'စက်ခန်းမှူး(နိုင်ငံခြားသွား/ကမ်းရိုးတန်းသွား)',NULL,NULL,0,NULL,'2025-01-16 03:29:00','2025-01-16 03:29:00',0,NULL,NULL),(309,'ရေယာဉ်ဆက်သွယ်ထောက်ပံ့ရေးမှူး',NULL,NULL,0,NULL,'2025-01-16 03:29:00','2025-01-16 03:29:00',0,NULL,NULL),(310,'ရေတိုင်းအုပ်',NULL,NULL,0,NULL,'2025-01-16 03:29:00','2025-01-16 03:29:00',0,NULL,NULL),(311,'ရေငုပ်(၁)',NULL,NULL,0,NULL,'2025-01-16 03:29:00','2025-01-16 03:29:00',0,NULL,NULL),(312,'ယန္တရားမောင်း(၂)',NULL,NULL,0,NULL,'2025-01-16 03:29:00','2025-01-16 03:29:00',0,NULL,NULL),(313,'စက်မောင်း(၂)',NULL,NULL,0,NULL,'2025-01-16 03:29:00','2025-01-16 03:29:00',0,NULL,NULL),(314,'ယာဉ်မောင်း(၂)',NULL,NULL,0,NULL,'2025-01-16 03:29:00','2025-01-16 03:29:00',0,NULL,NULL),(315,'ယာဉ်မောင်းစက်ပြင်(၂)',NULL,NULL,0,NULL,'2025-01-16 03:29:00','2025-01-16 03:29:00',0,NULL,NULL),(316,'အီလက်ထရောနစ်ကျွမ်းကျင်(၂)',NULL,NULL,0,NULL,'2025-01-16 03:29:00','2025-01-16 03:29:00',0,NULL,NULL),(317,'လျှပ်စစ်ကျွမ်းကျင်(၂)',NULL,NULL,0,NULL,'2025-01-16 03:29:00','2025-01-16 03:29:00',0,NULL,NULL),(318,'အလုပ်ရုံစိတ်မှူး',NULL,NULL,0,NULL,'2025-01-16 03:29:00','2025-01-16 03:29:00',0,NULL,NULL),(319,'စက်မှုစီမံရေး(၂)',NULL,NULL,0,NULL,'2025-01-16 03:29:00','2025-01-16 03:29:00',0,NULL,NULL),(320,'စက်မှုကျွမ်းကျင်(၂)',NULL,NULL,0,NULL,'2025-01-16 03:29:00','2025-01-16 03:29:00',0,NULL,NULL),(321,'ထုတ်လုပ်ရေးကျွမ်းကျင်(၂)',NULL,NULL,0,NULL,'2025-01-16 03:29:00','2025-01-16 03:29:00',0,NULL,NULL),(322,'လက်မှုကျွမ်းကျင်(၂)',NULL,NULL,0,NULL,'2025-01-16 03:29:00','2025-01-16 03:29:00',0,NULL,NULL),(323,'ဂဟေဆက်(၂)',NULL,NULL,0,NULL,'2025-01-16 03:29:00','2025-01-16 03:29:00',0,NULL,NULL),(324,'သုတေသနလက်ထောက်(၂)',NULL,NULL,0,NULL,'2025-01-16 03:29:00','2025-01-16 03:29:00',0,NULL,NULL),(325,'အငယ်တန်းသုတေသနအရာရှိ(၂)',NULL,NULL,0,NULL,'2025-01-16 03:29:00','2025-01-16 03:29:00',0,NULL,NULL),(326,'ဓာတ်ခွဲကျွမ်းကျင်(၂)',NULL,NULL,0,NULL,'2025-01-16 03:29:00','2025-01-16 03:29:00',0,NULL,NULL),(327,'ရေယာဉ်အုပ်(၂)',NULL,NULL,0,NULL,'2025-01-16 03:29:00','2025-01-16 03:29:00',0,NULL,NULL),(328,'စက်ခန်းအုပ်(၂)',NULL,NULL,0,NULL,'2025-01-16 03:29:00','2025-01-16 03:29:00',0,NULL,NULL),(329,'ယာဉ်မောင်း(၃)',NULL,NULL,0,NULL,'2025-01-16 03:29:00','2025-01-16 03:29:00',0,NULL,NULL),(330,'လျှပ်စစ်ကျွမ်းကျင်(၃)',NULL,NULL,0,NULL,'2025-01-16 03:29:00','2025-01-16 03:29:00',0,NULL,NULL),(331,'အီလက်ထရောနစ်ကျွမ်းကျင်(၃)',NULL,NULL,0,NULL,'2025-01-16 03:29:00','2025-01-16 03:29:00',0,NULL,NULL),(332,'စက်မှုစီမံရေး(၃)',NULL,NULL,0,NULL,'2025-01-16 03:29:00','2025-01-16 03:29:00',0,NULL,NULL),(333,'စက်မှုကျွမ်းကျင်(၃)',NULL,NULL,0,NULL,'2025-01-16 03:29:00','2025-01-16 03:29:00',0,NULL,NULL),(334,'ထုတ်လုပ်ရေးကျွမ်းကျင်(၃)',NULL,NULL,0,NULL,'2025-01-16 03:29:00','2025-01-16 03:29:00',0,NULL,NULL),(335,'လက်မှုကျွမ်းကျင်(၃)',NULL,NULL,0,NULL,'2025-01-16 03:29:00','2025-01-16 03:29:00',0,NULL,NULL),(336,'ဂဟေဆက်(၃)',NULL,NULL,0,NULL,'2025-01-16 03:29:00','2025-01-16 03:29:00',0,NULL,NULL),(337,'သုတေသနလက်ထောက်(၃)',NULL,NULL,0,NULL,'2025-01-16 03:29:00','2025-01-16 03:29:00',0,NULL,NULL),(338,'အငယ်တန်းသုတေသနအရာရှိ(၃)',NULL,NULL,0,NULL,'2025-01-16 03:29:00','2025-01-16 03:29:00',0,NULL,NULL),(339,'ဓာတ်ခွဲခန်းကျွမ်းကျင်(၃)',NULL,NULL,0,NULL,'2025-01-16 03:29:00','2025-01-16 03:29:00',0,NULL,NULL),(340,'ရေယာဉ်အုပ်(၃)',NULL,NULL,0,NULL,'2025-01-16 03:29:00','2025-01-16 03:29:00',0,NULL,NULL),(341,'စက်ခန်းအုပ်(၃)',NULL,NULL,0,NULL,'2025-01-16 03:29:00','2025-01-16 03:29:00',0,NULL,NULL),(342,'တက်မကိုင်(၃)',NULL,NULL,0,NULL,'2025-01-16 03:29:00','2025-01-16 03:29:00',0,NULL,NULL),(343,'သင်္ဘောသား(၃)',NULL,NULL,0,NULL,'2025-01-16 03:29:00','2025-01-16 03:29:00',0,NULL,NULL),(344,'ရေငုပ်(၃)',NULL,NULL,0,NULL,'2025-01-16 03:29:00','2025-01-16 03:29:00',0,NULL,NULL),(345,'တိုင်းထွာရေး(၃)',NULL,NULL,0,NULL,'2025-01-16 03:29:00','2025-01-16 03:29:00',0,NULL,NULL),(346,'လျှပ်စစ်ကျွမ်းကျင်(၄)',NULL,NULL,0,NULL,'2025-01-16 03:29:00','2025-01-16 03:29:00',0,NULL,NULL),(347,'အီလက်ထရောနစ်ကျွမ်းကျင်(၄)',NULL,NULL,0,NULL,'2025-01-16 03:29:00','2025-01-16 03:29:00',0,NULL,NULL),(348,'စက်မှုစီမံရေး(၄)',NULL,NULL,0,NULL,'2025-01-16 03:29:00','2025-01-16 03:29:00',0,NULL,NULL),(349,'စက်မှုကျွမ်းကျင်(၄)',NULL,NULL,0,NULL,'2025-01-16 03:29:00','2025-01-16 03:29:00',0,NULL,NULL),(350,'ထုတ်လုပ်ရေးကျွမ်းကျင်(၄)',NULL,NULL,0,NULL,'2025-01-16 03:29:00','2025-01-16 03:29:00',0,NULL,NULL),(351,'လက်မှုကျွမ်းကျင်(၄)',NULL,NULL,0,NULL,'2025-01-16 03:29:00','2025-01-16 03:29:00',0,NULL,NULL),(352,'ဂဟေဆက်(၄)',NULL,NULL,0,NULL,'2025-01-16 03:29:00','2025-01-16 03:29:00',0,NULL,NULL),(353,'သုတေသနလက်ထောက်(၄)',NULL,NULL,0,NULL,'2025-01-16 03:29:00','2025-01-16 03:29:00',0,NULL,NULL),(354,'အငယ်တန်းသုတေသနအရာရှိ(၄)',NULL,NULL,0,NULL,'2025-01-16 03:29:00','2025-01-16 03:29:00',0,NULL,NULL),(355,'ဓာတ်ခွဲခန်းကျွမ်းကျင်(၄)',NULL,NULL,0,NULL,'2025-01-16 03:29:00','2025-01-16 03:29:00',0,NULL,NULL),(356,'ရေယာဉ်အုပ်(၄)',NULL,NULL,0,NULL,'2025-01-16 03:29:00','2025-01-16 03:29:00',0,NULL,NULL),(357,'စက်ခန်းအုပ်(၄)',NULL,NULL,0,NULL,'2025-01-16 03:29:00','2025-01-16 03:29:00',0,NULL,NULL),(358,'တက်မကိုင်(၄)',NULL,NULL,0,NULL,'2025-01-16 03:29:00','2025-01-16 03:29:00',0,NULL,NULL),(359,'သင်္ဘောသား(၄)',NULL,NULL,0,NULL,'2025-01-16 03:29:00','2025-01-16 03:29:00',0,NULL,NULL),(360,'ရေငုပ်(၄)',NULL,NULL,0,NULL,'2025-01-16 03:29:00','2025-01-16 03:29:00',0,NULL,NULL),(361,'တိုင်းထွာရေး(၄)',NULL,NULL,0,NULL,'2025-01-16 03:29:00','2025-01-16 03:29:00',0,NULL,NULL),(362,'စက်မှုကျွမ်းကျင်(၅)',NULL,NULL,0,NULL,'2025-01-16 03:29:00','2025-01-16 03:29:00',0,NULL,NULL),(363,'ထုတ်လုပ်ရေးကျွမ်းကျင်(၅)',NULL,NULL,0,NULL,'2025-01-16 03:29:00','2025-01-16 03:29:00',0,NULL,NULL),(364,'လက်မှုကျွမ်းကျင်(၅)',NULL,NULL,0,NULL,'2025-01-16 03:29:00','2025-01-16 03:29:00',0,NULL,NULL),(365,'ဂဟေဆက်(၅)',NULL,NULL,0,NULL,'2025-01-16 03:29:00','2025-01-16 03:29:00',0,NULL,NULL),(366,'သုတေသနလက်ထောက်(၅)',NULL,NULL,0,NULL,'2025-01-16 03:29:00','2025-01-16 03:29:00',0,NULL,NULL),(367,'အငယ်တန်းသုတေသနအရာရှိ(၅)',NULL,NULL,0,NULL,'2025-01-16 03:29:00','2025-01-16 03:29:00',0,NULL,NULL),(368,'ဓာတ်ခွဲကျွမ်းကျင်(၅)',NULL,NULL,0,NULL,'2025-01-16 03:29:00','2025-01-16 03:29:00',0,NULL,NULL),(369,'ရေယာဉ်အုပ်(၅)',NULL,NULL,0,NULL,'2025-01-16 03:29:00','2025-01-16 03:29:00',0,NULL,NULL),(370,'စက်ခန်းအုပ်(၅)',NULL,NULL,0,NULL,'2025-01-16 03:29:00','2025-01-16 03:29:00',0,NULL,NULL),(371,'တက်မကိုင်(၅)',NULL,NULL,0,NULL,'2025-01-16 03:29:00','2025-01-16 03:29:00',0,NULL,NULL),(372,'သင်္ဘောသား(၅)',NULL,NULL,0,NULL,'2025-01-16 03:29:00','2025-01-16 03:29:00',0,NULL,NULL),(373,'ရေငုပ်(၅)',NULL,NULL,0,NULL,'2025-01-16 03:29:00','2025-01-16 03:29:00',0,NULL,NULL),(374,'တိုင်းထွာရေး(၅)',NULL,NULL,0,NULL,'2025-01-16 03:29:00','2025-01-16 03:29:00',0,NULL,NULL),(375,'စက်ခေါင်းမှူး(၅)',NULL,NULL,0,NULL,'2025-01-16 03:29:00','2025-01-16 03:29:00',0,NULL,NULL),(376,'ဆက်သွယ်ရေး(၅)',NULL,NULL,0,NULL,'2025-01-16 03:29:00','2025-01-16 03:29:00',0,NULL,NULL),(377,'ပဲ့ချိတ်/ပဲ့ထောင်မောင်းလက်ထောက်',NULL,NULL,0,NULL,'2025-01-16 03:29:00','2025-01-16 03:29:00',0,NULL,NULL),(378,'ရေနံကျွမ်းကျင်(၅)',NULL,NULL,0,NULL,'2025-01-16 03:29:00','2025-01-16 03:29:00',0,NULL,NULL),(379,'တိုင်းထွာရေး(၁)',NULL,NULL,0,NULL,'2025-01-16 03:29:00','2025-01-16 03:29:00',0,NULL,NULL),(380,'ရုံပိုင်ချုပ်',NULL,NULL,0,NULL,'2025-01-16 03:29:00','2025-01-16 03:29:00',0,NULL,NULL),(381,'စက်ခေါင်းမှူး(၁)',NULL,NULL,0,NULL,'2025-01-16 03:29:00','2025-01-16 03:29:00',0,NULL,NULL),(382,'အကြီးတန်းလေယာဉ်မောင်',NULL,NULL,0,NULL,'2025-01-16 03:29:00','2025-01-16 03:29:00',0,NULL,NULL),(383,'အကြီးတန်းလေေယာဉ်မယ်',NULL,NULL,0,NULL,'2025-01-16 03:29:00','2025-01-16 03:29:00',0,NULL,NULL),(384,'ဆက်သွယ်ရေး(၁)',NULL,NULL,0,NULL,'2025-01-16 03:29:00','2025-01-16 03:29:00',0,NULL,NULL),(385,'ရေနံကျွမ်းကျင်(၁)',NULL,NULL,0,NULL,'2025-01-16 03:29:00','2025-01-16 03:29:00',0,NULL,NULL),(386,'ဘူမိဗေဒလက်ထောက်(၁)',NULL,NULL,0,NULL,'2025-01-16 03:29:00','2025-01-16 03:29:00',0,NULL,NULL),(387,'ဘူမိရူပဗေဒလက်ထောက်(၁)',NULL,NULL,0,NULL,'2025-01-16 03:29:00','2025-01-16 03:29:00',0,NULL,NULL),(388,'ဘူမိဓာတုဗေဒလက်ထောက်(၁)',NULL,NULL,0,NULL,'2025-01-16 03:29:00','2025-01-16 03:29:00',0,NULL,NULL),(389,'သတ္တုဗေဒလက်ထောက်(၁)',NULL,NULL,0,NULL,'2025-01-16 03:29:00','2025-01-16 03:29:00',0,NULL,NULL),(390,'သတ္တုတွင်းလက်ထောက်(၁)',NULL,NULL,0,NULL,'2025-01-16 03:29:00','2025-01-16 03:29:00',0,NULL,NULL),(391,'အငယ်တန်းအင်ဂျင်နီယာ(၁)',NULL,NULL,0,NULL,'2025-01-16 03:29:00','2025-01-16 03:29:00',0,NULL,NULL),(392,'ပုံဆွဲ(၁)',NULL,NULL,0,NULL,'2025-01-16 03:29:00','2025-01-16 03:29:00',0,NULL,NULL),(393,'ပုံထုတ်(၁)',NULL,NULL,0,NULL,'2025-01-16 03:29:00','2025-01-16 03:29:00',0,NULL,NULL),(394,'ခန့်မှန်း(၁)',NULL,NULL,0,NULL,'2025-01-16 03:29:00','2025-01-16 03:29:00',0,NULL,NULL),(395,'လက်သမား(၁)',NULL,NULL,0,NULL,'2025-01-16 03:29:00','2025-01-16 03:29:00',0,NULL,NULL),(396,'ပန်းရံ(၁)',NULL,NULL,0,NULL,'2025-01-16 03:29:00','2025-01-16 03:29:00',0,NULL,NULL),(397,'လွှသွေး(၁)',NULL,NULL,0,NULL,'2025-01-16 03:29:00','2025-01-16 03:29:00',0,NULL,NULL),(398,'တက်မကိုင်(၂)',NULL,NULL,0,NULL,'2025-01-16 03:29:00','2025-01-16 03:29:00',0,NULL,NULL),(399,'သင်္ဘောသား(၂)',NULL,NULL,0,NULL,'2025-01-16 03:29:00','2025-01-16 03:29:00',0,NULL,NULL),(400,'ရေငုပ်(၂)',NULL,NULL,0,NULL,'2025-01-16 03:29:00','2025-01-16 03:29:00',0,NULL,NULL),(401,'တိုင်းထွာရေး(၂)',NULL,NULL,0,NULL,'2025-01-16 03:29:00','2025-01-16 03:29:00',0,NULL,NULL),(402,'အငယ်တန်းစက်ခန်းမှူး',NULL,NULL,0,NULL,'2025-01-16 03:29:00','2025-01-16 03:29:00',0,NULL,NULL),(403,'(နိုင်ငံခြားသွား/ကမ်းရိုးတန်းသွား)',NULL,NULL,0,NULL,'2025-01-16 03:29:00','2025-01-16 03:29:00',0,NULL,NULL),(404,'အငယ်တန်းရေယာဉ်ဆက်သွယ်',NULL,NULL,0,NULL,'2025-01-16 03:29:00','2025-01-16 03:29:00',0,NULL,NULL),(405,'ထောက်ပံ့ရေးမှူး',NULL,NULL,0,NULL,'2025-01-16 03:29:00','2025-01-16 03:29:00',0,NULL,NULL),(406,'စက်ခေါင်းမှူး(၂)',NULL,NULL,0,NULL,'2025-01-16 03:29:00','2025-01-16 03:29:00',0,NULL,NULL),(407,'ဆက်သွယ်ရေး(၂)',NULL,NULL,0,NULL,'2025-01-16 03:29:00','2025-01-16 03:29:00',0,NULL,NULL),(408,'ရေနံကျွမ်းကျင်(၂)',NULL,NULL,0,NULL,'2025-01-16 03:29:00','2025-01-16 03:29:00',0,NULL,NULL),(409,'ဘူမိဗေဒလက်ထောက်(၂)',NULL,NULL,0,NULL,'2025-01-16 03:29:00','2025-01-16 03:29:00',0,NULL,NULL),(410,'ဘူမိရူပဗေဒလက်ထောက်(၂)',NULL,NULL,0,NULL,'2025-01-16 03:29:00','2025-01-16 03:29:00',0,NULL,NULL),(411,'ဘူမိဓာတုဗေဒလက်ထောက်(၂)',NULL,NULL,0,NULL,'2025-01-16 03:29:00','2025-01-16 03:29:00',0,NULL,NULL),(412,'သတ္တုဗေဒလက်ထောက်(၂)',NULL,NULL,0,NULL,'2025-01-16 03:29:00','2025-01-16 03:29:00',0,NULL,NULL),(413,'သတ္တုတွင်းလက်ထောက်(၂)',NULL,NULL,0,NULL,'2025-01-16 03:29:00','2025-01-16 03:29:00',0,NULL,NULL),(414,'အငယ်တန်းအင်ဂျင်နီယာ(၂)',NULL,NULL,0,NULL,'2025-01-16 03:29:00','2025-01-16 03:29:00',0,NULL,NULL),(415,'ပုံဆွဲ(၂)',NULL,NULL,0,NULL,'2025-01-16 03:29:00','2025-01-16 03:29:00',0,NULL,NULL),(416,'ပုံထုတ်(၂)',NULL,NULL,0,NULL,'2025-01-16 03:29:00','2025-01-16 03:29:00',0,NULL,NULL),(417,'လ/ထအငယ်တန်းရေယာဉ်',NULL,NULL,0,NULL,'2025-01-16 03:29:00','2025-01-16 03:29:00',0,NULL,NULL),(418,'ဆက်သွယ်ထောက်ပံ့ရေးမှူး',NULL,NULL,0,NULL,'2025-01-16 03:29:00','2025-01-16 03:29:00',0,NULL,NULL),(419,'စက်ခေါင်းမှူး(၃)',NULL,NULL,0,NULL,'2025-01-16 03:29:00','2025-01-16 03:29:00',0,NULL,NULL),(420,'ဆက်သွယ်ရေး(၃)',NULL,NULL,0,NULL,'2025-01-16 03:29:00','2025-01-16 03:29:00',0,NULL,NULL),(421,'ရေနံကျွမ်းကျင်(၃)',NULL,NULL,0,NULL,'2025-01-16 03:29:00','2025-01-16 03:29:00',0,NULL,NULL),(422,'ဘူမိဗေဒလက်ထောက်(၃)',NULL,NULL,0,NULL,'2025-01-16 03:29:00','2025-01-16 03:29:00',0,NULL,NULL),(423,'ဘူမိရူပဗေဒလက်ထောက်(၃)',NULL,NULL,0,NULL,'2025-01-16 03:29:00','2025-01-16 03:29:00',0,NULL,NULL),(424,'ဘူမိဓာတုဗေဒလက်ထောက်(၃)',NULL,NULL,0,NULL,'2025-01-16 03:29:00','2025-01-16 03:29:00',0,NULL,NULL),(425,'သတ္တုဗေဒလက်ထောက်(၃)',NULL,NULL,0,NULL,'2025-01-16 03:29:00','2025-01-16 03:29:00',0,NULL,NULL),(426,'သတ္တုတွင်းလက်ထောက်(၃)',NULL,NULL,0,NULL,'2025-01-16 03:29:00','2025-01-16 03:29:00',0,NULL,NULL),(427,'အငယ်တန်းအင်ဂျင်နီယာ(၃)',NULL,NULL,0,NULL,'2025-01-16 03:29:00','2025-01-16 03:29:00',0,NULL,NULL),(428,'ပုံဆွဲ(၃)',NULL,NULL,0,NULL,'2025-01-16 03:29:00','2025-01-16 03:29:00',0,NULL,NULL),(429,'ပုံထုတ်(၃)',NULL,NULL,0,NULL,'2025-01-16 03:29:00','2025-01-16 03:29:00',0,NULL,NULL),(430,'ပန်းရံ(၃)',NULL,NULL,0,NULL,'2025-01-16 03:29:00','2025-01-16 03:29:00',0,NULL,NULL),(431,'ခန့်မှန်း(၃)',NULL,NULL,0,NULL,'2025-01-16 03:29:00','2025-01-16 03:29:00',0,NULL,NULL),(432,'လက်သမား(၃)',NULL,NULL,0,NULL,'2025-01-16 03:29:00','2025-01-16 03:29:00',0,NULL,NULL),(433,'သစ်အုပ်',NULL,NULL,0,NULL,'2025-01-16 03:29:00','2025-01-16 03:29:00',0,NULL,NULL),(434,'ချောင်းအုပ်',NULL,NULL,0,NULL,'2025-01-16 03:29:00','2025-01-16 03:29:00',0,NULL,NULL),(435,'ဆင်ခေါင်း',NULL,NULL,0,NULL,'2025-01-16 03:29:00','2025-01-16 03:29:00',0,NULL,NULL),(436,'တောအုပ်',NULL,NULL,0,NULL,'2025-01-16 03:29:00','2025-01-16 03:29:00',0,NULL,NULL),(437,'စက်ခေါင်းမှူး(၄)',NULL,NULL,0,NULL,'2025-01-16 03:29:00','2025-01-16 03:29:00',0,NULL,NULL),(438,'ဆက်သွယ်ရေး(၄)',NULL,NULL,0,NULL,'2025-01-16 03:29:00','2025-01-16 03:29:00',0,NULL,NULL),(439,'ပဲ့ချိတ်/ပဲ့ထောင်မောင်း',NULL,NULL,0,NULL,'2025-01-16 03:29:00','2025-01-16 03:29:00',0,NULL,NULL),(440,'ရေနံကျွမ်းကျင်(၄)',NULL,NULL,0,NULL,'2025-01-16 03:29:00','2025-01-16 03:29:00',0,NULL,NULL),(441,'ဘူမိဗေဒလက်ထောက်(၄)',NULL,NULL,0,NULL,'2025-01-16 03:29:00','2025-01-16 03:29:00',0,NULL,NULL),(442,'ဘူမိရူပဗေဒလက်ထောက်(၄)',NULL,NULL,0,NULL,'2025-01-16 03:29:00','2025-01-16 03:29:00',0,NULL,NULL),(443,'ဘူမိဓာတုဗေဒလက်ထောက်(၄)',NULL,NULL,0,NULL,'2025-01-16 03:29:00','2025-01-16 03:29:00',0,NULL,NULL),(444,'သတ္တုဗေဒလက်ထောက်(၄)',NULL,NULL,0,NULL,'2025-01-16 03:29:00','2025-01-16 03:29:00',0,NULL,NULL),(445,'သတ္တုတွင်းလက်ထောက်(၄)',NULL,NULL,0,NULL,'2025-01-16 03:29:00','2025-01-16 03:29:00',0,NULL,NULL),(446,'အငယ်တန်းအင်ဂျင်နီယာ(၄)',NULL,NULL,0,NULL,'2025-01-16 03:29:00','2025-01-16 03:29:00',0,NULL,NULL),(447,'ပုံဆွဲ(၄)',NULL,NULL,0,NULL,'2025-01-16 03:29:00','2025-01-16 03:29:00',0,NULL,NULL),(448,'ပုံထုတ်(၄)',NULL,NULL,0,NULL,'2025-01-16 03:29:00','2025-01-16 03:29:00',0,NULL,NULL),(449,'ခန့်မှန်း(၄)',NULL,NULL,0,NULL,'2025-01-16 03:29:00','2025-01-16 03:29:00',0,NULL,NULL),(450,'လက်သမား(၄)',NULL,NULL,0,NULL,'2025-01-16 03:29:00','2025-01-16 03:29:00',0,NULL,NULL),(451,'ပန်းရံ(၄)',NULL,NULL,0,NULL,'2025-01-16 03:29:00','2025-01-16 03:29:00',0,NULL,NULL),(452,'ချောင်းခေါင်း',NULL,NULL,0,NULL,'2025-01-16 03:29:00','2025-01-16 03:29:00',0,NULL,NULL),(453,'ဆင်ဦးစီး',NULL,NULL,0,NULL,'2025-01-16 03:29:00','2025-01-16 03:29:00',0,NULL,NULL),(454,'ဖောင်ထိန်း',NULL,NULL,0,NULL,'2025-01-16 03:29:00','2025-01-16 03:29:00',0,NULL,NULL),(455,'လွှသွေး(၄)',NULL,NULL,0,NULL,'2025-01-16 03:29:00','2025-01-16 03:29:00',0,NULL,NULL),(456,'ဘူမိဗေဒလက်ထောက်(၅)',NULL,NULL,0,NULL,'2025-01-16 03:29:00','2025-01-16 03:29:00',0,NULL,NULL),(457,'ဘူမိရူပဗေဒလက်ထောက်(၅)',NULL,NULL,0,NULL,'2025-01-16 03:29:00','2025-01-16 03:29:00',0,NULL,NULL),(458,'ဘူမိဓာတုဗေဒလက်ထောက်(၅)',NULL,NULL,0,NULL,'2025-01-16 03:29:00','2025-01-16 03:29:00',0,NULL,NULL),(459,'သတ္တုဗေဒလက်ထောက်(၅)',NULL,NULL,0,NULL,'2025-01-16 03:29:00','2025-01-16 03:29:00',0,NULL,NULL),(460,'သတ္တုတွင်းလက်ထောက်(၅)',NULL,NULL,0,NULL,'2025-01-16 03:29:00','2025-01-16 03:29:00',0,NULL,NULL),(461,'ပုံဆွဲ(၅)',NULL,NULL,0,NULL,'2025-01-16 03:29:00','2025-01-16 03:29:00',0,NULL,NULL),(462,'ပုံထုတ်(၅)',NULL,NULL,0,NULL,'2025-01-16 03:29:00','2025-01-16 03:29:00',0,NULL,NULL),(463,'ခန့်မှန်း(၅)',NULL,NULL,0,NULL,'2025-01-16 03:29:00','2025-01-16 03:29:00',0,NULL,NULL),(464,'လက်သမား(၅)',NULL,NULL,0,NULL,'2025-01-16 03:29:00','2025-01-16 03:29:00',0,NULL,NULL),(465,'ပန်းရံ(၅)',NULL,NULL,0,NULL,'2025-01-16 03:29:00','2025-01-16 03:29:00',0,NULL,NULL),(466,'ဆင်ပဲ့ချိတ်လှံကိုင်',NULL,NULL,0,NULL,'2025-01-16 03:29:00','2025-01-16 03:29:00',0,NULL,NULL),(467,'ဝိုင်းဆရာ',NULL,NULL,0,NULL,'2025-01-16 03:29:00','2025-01-16 03:29:00',0,NULL,NULL),(468,'ဖောင်ထိန်းအကူ',NULL,NULL,0,NULL,'2025-01-16 03:29:00','2025-01-16 03:29:00',0,NULL,NULL),(469,'လွှသွေး(၅)',NULL,NULL,0,NULL,'2025-01-16 03:29:00','2025-01-16 03:29:00',0,NULL,NULL),(470,'ဓားသွေး(၅)',NULL,NULL,0,NULL,'2025-01-16 03:29:00','2025-01-16 03:29:00',0,NULL,NULL),(471,'သစ်စစ်(၅)',NULL,NULL,0,NULL,'2025-01-16 03:29:00','2025-01-16 03:29:00',0,NULL,NULL),(472,'သစ်စာရင်းကိုင်(၅)',NULL,NULL,0,NULL,'2025-01-16 03:29:00','2025-01-16 03:29:00',0,NULL,NULL),(473,'သစ်ပေါင်း(၅)',NULL,NULL,0,NULL,'2025-01-16 03:29:00','2025-01-16 03:29:00',0,NULL,NULL),(474,'သစ်ရွေး(၅)',NULL,NULL,0,NULL,'2025-01-16 03:29:00','2025-01-16 03:29:00',0,NULL,NULL),(475,'ဓားသွေး(၁)',NULL,NULL,0,NULL,'2025-01-16 03:29:00','2025-01-16 03:29:00',0,NULL,NULL),(476,'သစ်စစ်(၁)',NULL,NULL,0,NULL,'2025-01-16 03:29:00','2025-01-16 03:29:00',0,NULL,NULL),(477,'သစ်စာရင်းကိုင်(၁)',NULL,NULL,0,NULL,'2025-01-16 03:29:00','2025-01-16 03:29:00',0,NULL,NULL),(478,'သစ်ပေါင်း(၁)',NULL,NULL,0,NULL,'2025-01-16 03:29:00','2025-01-16 03:29:00',0,NULL,NULL),(479,'သစ်ရွေး(၁)',NULL,NULL,0,NULL,'2025-01-16 03:29:00','2025-01-16 03:29:00',0,NULL,NULL),(480,'ပစ္စည်းရွေး(၁)',NULL,NULL,0,NULL,'2025-01-16 03:29:00','2025-01-16 03:29:00',0,NULL,NULL),(481,'ဘွိုင်လာထိန်း(၁)',NULL,NULL,0,NULL,'2025-01-16 03:29:00','2025-01-16 03:29:00',0,NULL,NULL),(482,'တိရစ္ဆာန်ထိန်း(၁)',NULL,NULL,0,NULL,'2025-01-16 03:29:00','2025-01-16 03:29:00',0,NULL,NULL),(483,'တိရစ္ဆာန်ဆေးကုမှူး',NULL,NULL,0,NULL,'2025-01-16 03:29:00','2025-01-16 03:29:00',0,NULL,NULL),(484,'မြေတိုင်း(၁)',NULL,NULL,0,NULL,'2025-01-16 03:29:00','2025-01-16 03:29:00',0,NULL,NULL),(485,'လျှာထိုးစက်ကိုင်(၁)',NULL,NULL,0,NULL,'2025-01-16 03:29:00','2025-01-16 03:29:00',0,NULL,NULL),(486,'ထွန်စက်မောင်း(၁)',NULL,NULL,0,NULL,'2025-01-16 03:29:00','2025-01-16 03:29:00',0,NULL,NULL),(487,'ငါးဖမ်းကျွမ်းကျင်(၁)',NULL,NULL,0,NULL,'2025-01-16 03:29:00','2025-01-16 03:29:00',0,NULL,NULL),(488,'အကြီးတန်းနည်းပြ',NULL,NULL,0,NULL,'2025-01-16 03:29:00','2025-01-16 03:29:00',0,NULL,NULL),(489,'ကျန်းမာရေးမှူး(၁)',NULL,NULL,0,NULL,'2025-01-16 03:29:00','2025-01-16 03:29:00',0,NULL,NULL),(490,'ဆေးစပ်(၁)',NULL,NULL,0,NULL,'2025-01-16 03:29:00','2025-01-16 03:29:00',0,NULL,NULL),(491,'ဆေးဘက်ဆိုင်ရာကျွမ်းကျင်(၁)',NULL,NULL,0,NULL,'2025-01-16 03:29:00','2025-01-16 03:29:00',0,NULL,NULL),(492,'အနာကြီးရောဂါစောင့်ရှောက်ရေးမှူး(၁)',NULL,NULL,0,NULL,'2025-01-16 03:29:00','2025-01-16 03:29:00',0,NULL,NULL),(493,'ပိုးမွှားစုံစမ်းရေးမှူး',NULL,NULL,0,NULL,'2025-01-16 03:29:00','2025-01-16 03:29:00',0,NULL,NULL),(494,'ခန့်မှန်း(၂)',NULL,NULL,0,NULL,'2025-01-16 03:29:00','2025-01-16 03:29:00',0,NULL,NULL),(495,'လက်သမား(၂)',NULL,NULL,0,NULL,'2025-01-16 03:29:00','2025-01-16 03:29:00',0,NULL,NULL),(496,'ပန်းရံ(၂)',NULL,NULL,0,NULL,'2025-01-16 03:29:00','2025-01-16 03:29:00',0,NULL,NULL),(497,'သစ်အုပ်ကြီး',NULL,NULL,0,NULL,'2025-01-16 03:29:00','2025-01-16 03:29:00',0,NULL,NULL),(498,'ဆင်အုပ်',NULL,NULL,0,NULL,'2025-01-16 03:29:00','2025-01-16 03:29:00',0,NULL,NULL),(499,'လွှသွေး(၂)',NULL,NULL,0,NULL,'2025-01-16 03:29:00','2025-01-16 03:29:00',0,NULL,NULL),(500,'ဓားသွေး(၂)',NULL,NULL,0,NULL,'2025-01-16 03:29:00','2025-01-16 03:29:00',0,NULL,NULL),(501,'သစ်စစ်(၂)',NULL,NULL,0,NULL,'2025-01-16 03:29:00','2025-01-16 03:29:00',0,NULL,NULL),(502,'သစ်စာရင်းကိုင်(၂)',NULL,NULL,0,NULL,'2025-01-16 03:29:00','2025-01-16 03:29:00',0,NULL,NULL),(503,'သစ်ပေါင်း(၂)',NULL,NULL,0,NULL,'2025-01-16 03:29:00','2025-01-16 03:29:00',0,NULL,NULL),(504,'သစ်ရွေး(၂)',NULL,NULL,0,NULL,'2025-01-16 03:29:00','2025-01-16 03:29:00',0,NULL,NULL),(505,'ပစ္စည်းရွေး(၂)',NULL,NULL,0,NULL,'2025-01-16 03:29:00','2025-01-16 03:29:00',0,NULL,NULL),(506,'ဘွိုင်လာထိန်း(၂)',NULL,NULL,0,NULL,'2025-01-16 03:29:00','2025-01-16 03:29:00',0,NULL,NULL),(507,'တောအုပ်ကြီး',NULL,NULL,0,NULL,'2025-01-16 03:29:00','2025-01-16 03:29:00',0,NULL,NULL),(508,'တိရစ္ဆာန်ထိန်း(၂)',NULL,NULL,0,NULL,'2025-01-16 03:29:00','2025-01-16 03:29:00',0,NULL,NULL),(509,'ဒု-တိရစ္ဆာန်ဆေးကုမှူး',NULL,NULL,0,NULL,'2025-01-16 03:29:00','2025-01-16 03:29:00',0,NULL,NULL),(510,'မြေတိုင်း(၂)',NULL,NULL,0,NULL,'2025-01-16 03:29:00','2025-01-16 03:29:00',0,NULL,NULL),(511,'လျှာထိုးစက်ကိုင်(၂)',NULL,NULL,0,NULL,'2025-01-16 03:29:00','2025-01-16 03:29:00',0,NULL,NULL),(512,'ထွန်စက်မောင်း(၂)',NULL,NULL,0,NULL,'2025-01-16 03:29:00','2025-01-16 03:29:00',0,NULL,NULL),(513,'လွှသွေး(၃)',NULL,NULL,0,NULL,'2025-01-16 03:29:00','2025-01-16 03:29:00',0,NULL,NULL),(514,'ဓားသွေး(၃)',NULL,NULL,0,NULL,'2025-01-16 03:29:00','2025-01-16 03:29:00',0,NULL,NULL),(515,'သစ်စာရင်းကိုင်(၃)',NULL,NULL,0,NULL,'2025-01-16 03:29:00','2025-01-16 03:29:00',0,NULL,NULL),(516,'သစ်စာရင်းကိုင်(၃)',NULL,NULL,0,NULL,'2025-01-16 03:29:00','2025-01-16 03:29:00',0,NULL,NULL),(517,'အကြီးတန်းလက်နှိပ်စက်ရိုက်',NULL,NULL,0,NULL,'2025-01-16 03:29:00','2025-01-16 03:29:00',0,NULL,NULL),(518,'စက်လွှမောင်း',NULL,NULL,0,NULL,'2025-01-16 03:29:00','2025-01-16 03:29:00',0,NULL,NULL),(519,'သစ်ပေါင်း(၃)',NULL,NULL,0,NULL,'2025-01-16 03:29:00','2025-01-16 03:29:00',0,NULL,NULL),(520,'သစ်ရွေး(၃)',NULL,NULL,0,NULL,'2025-01-16 03:29:00','2025-01-16 03:29:00',0,NULL,NULL),(521,'ပစ္စည်းရွေး(၃)',NULL,NULL,0,NULL,'2025-01-16 03:29:00','2025-01-16 03:29:00',0,NULL,NULL),(522,'ဘွိုင်လာထိန်း(၃)',NULL,NULL,0,NULL,'2025-01-16 03:29:00','2025-01-16 03:29:00',0,NULL,NULL),(523,'တိရစ္ဆာန်ထိန်း(၃)',NULL,NULL,0,NULL,'2025-01-16 03:29:00','2025-01-16 03:29:00',0,NULL,NULL),(524,'လ/ထတိရစ္ဆာန်ဆေးကုမှူး',NULL,NULL,0,NULL,'2025-01-16 03:29:00','2025-01-16 03:29:00',0,NULL,NULL),(525,'မြေတိုင်း(၃)',NULL,NULL,0,NULL,'2025-01-16 03:29:00','2025-01-16 03:29:00',0,NULL,NULL),(526,'လျှာထိုးစက်ကိုင်(၃)',NULL,NULL,0,NULL,'2025-01-16 03:29:00','2025-01-16 03:29:00',0,NULL,NULL),(527,'ထွန်စက်မောင်း(၃)',NULL,NULL,0,NULL,'2025-01-16 03:29:00','2025-01-16 03:29:00',0,NULL,NULL),(528,'ဒု-ပျားစခန်းတာဝန်ခံ',NULL,NULL,0,NULL,'2025-01-16 03:29:00','2025-01-16 03:29:00',0,NULL,NULL),(529,'ဒု-မွေးမြူရေးမှူး',NULL,NULL,0,NULL,'2025-01-16 03:29:00','2025-01-16 03:29:00',0,NULL,NULL),(530,'ငါးဖမ်းကျွမ်းကျင်(၃)',NULL,NULL,0,NULL,'2025-01-16 03:29:00','2025-01-16 03:29:00',0,NULL,NULL),(531,'ကျန်းမာရေးမှူး(၃)',NULL,NULL,0,NULL,'2025-01-16 03:29:00','2025-01-16 03:29:00',0,NULL,NULL),(532,'အနာကြီးရောဂါစောင့်ရှောက်ရေးမှူး(၃)',NULL,NULL,0,NULL,'2025-01-16 03:29:00','2025-01-16 03:29:00',0,NULL,NULL),(533,'ဓားသွေး(၄)',NULL,NULL,0,NULL,'2025-01-16 03:29:00','2025-01-16 03:29:00',0,NULL,NULL),(534,'သစ်စစ်(၄)',NULL,NULL,0,NULL,'2025-01-16 03:29:00','2025-01-16 03:29:00',0,NULL,NULL),(535,'သစ်စာရင်းကိုင်(၄)',NULL,NULL,0,NULL,'2025-01-16 03:29:00','2025-01-16 03:29:00',0,NULL,NULL),(536,'လက်ထောက်လွှစက်မောင်း',NULL,NULL,0,NULL,'2025-01-16 03:29:00','2025-01-16 03:29:00',0,NULL,NULL),(537,'သစ်ပေါင်း(၄)',NULL,NULL,0,NULL,'2025-01-16 03:29:00','2025-01-16 03:29:00',0,NULL,NULL),(538,'သစ်ရွေး(၄)',NULL,NULL,0,NULL,'2025-01-16 03:29:00','2025-01-16 03:29:00',0,NULL,NULL),(539,'ပစ္စည်းရွေး(၄)',NULL,NULL,0,NULL,'2025-01-16 03:29:00','2025-01-16 03:29:00',0,NULL,NULL),(540,'ဘွိုင်လာထိန်း(၄)',NULL,NULL,0,NULL,'2025-01-16 03:29:00','2025-01-16 03:29:00',0,NULL,NULL),(541,'တောခေါင်း',NULL,NULL,0,NULL,'2025-01-16 03:29:00','2025-01-16 03:29:00',0,NULL,NULL),(542,'တိရစ္ဆာန်ထိန်း(၄)',NULL,NULL,0,NULL,'2025-01-16 03:29:00','2025-01-16 03:29:00',0,NULL,NULL),(543,'မြေတိုင်း(၄)',NULL,NULL,0,NULL,'2025-01-16 03:29:00','2025-01-16 03:29:00',0,NULL,NULL),(544,'လျှာထိုးစက်ကိုင်(၄)',NULL,NULL,0,NULL,'2025-01-16 03:29:00','2025-01-16 03:29:00',0,NULL,NULL),(545,'ထွန်စက်မောင်း(၄)',NULL,NULL,0,NULL,'2025-01-16 03:29:00','2025-01-16 03:29:00',0,NULL,NULL),(546,'ဆည်စောင့်(၄)',NULL,NULL,0,NULL,'2025-01-16 03:29:00','2025-01-16 03:29:00',0,NULL,NULL),(547,'ဥယျာဉ်မှူး',NULL,NULL,0,NULL,'2025-01-16 03:29:00','2025-01-16 03:29:00',0,NULL,NULL),(548,'လ/ထမွေးမြူရေးမှူး',NULL,NULL,0,NULL,'2025-01-16 03:29:01','2025-01-16 03:29:01',0,NULL,NULL),(549,'လ/ထပျားစခန်းတာဝန်ခံ',NULL,NULL,0,NULL,'2025-01-16 03:29:01','2025-01-16 03:29:01',0,NULL,NULL),(550,'ငါးဖမ်းကျွမ်းကျင်(၄)',NULL,NULL,0,NULL,'2025-01-16 03:29:01','2025-01-16 03:29:01',0,NULL,NULL),(551,'ကျန်းမာရေးမှူး(၄)',NULL,NULL,0,NULL,'2025-01-16 03:29:01','2025-01-16 03:29:01',0,NULL,NULL),(552,'ပစ္စည်းရွေး(၅)',NULL,NULL,0,NULL,'2025-01-16 03:29:01','2025-01-16 03:29:01',0,NULL,NULL),(553,'ဘွိုင်လာထိန်း(၅)',NULL,NULL,0,NULL,'2025-01-16 03:29:01','2025-01-16 03:29:01',0,NULL,NULL),(554,'တောကြပ်',NULL,NULL,0,NULL,'2025-01-16 03:29:01','2025-01-16 03:29:01',0,NULL,NULL),(555,'တိရစ္ဆာန်ထိန်း(၅)',NULL,NULL,0,NULL,'2025-01-16 03:29:01','2025-01-16 03:29:01',0,NULL,NULL),(556,'မြေတိုင်း(၅)',NULL,NULL,0,NULL,'2025-01-16 03:29:01','2025-01-16 03:29:01',0,NULL,NULL),(557,'လျှာထိုးစက်ကိုင်(၅)',NULL,NULL,0,NULL,'2025-01-16 03:29:01','2025-01-16 03:29:01',0,NULL,NULL),(558,'ထွန်စက်မောင်း(၅)',NULL,NULL,0,NULL,'2025-01-16 03:29:01','2025-01-16 03:29:01',0,NULL,NULL),(559,'ဆည်စောင့်အကူ',NULL,NULL,0,NULL,'2025-01-16 03:29:01','2025-01-16 03:29:01',0,NULL,NULL),(560,'ရုပ်လုံးသွင်း',NULL,NULL,0,NULL,'2025-01-16 03:29:01','2025-01-16 03:29:01',0,NULL,NULL),(561,'သစ်တိုင်းအကူ',NULL,NULL,0,NULL,'2025-01-16 03:29:01','2025-01-16 03:29:01',0,NULL,NULL),(562,'ငါးဖမ်းကျွမ်းကျင်(၅)',NULL,NULL,0,NULL,'2025-01-16 03:29:01','2025-01-16 03:29:01',0,NULL,NULL),(563,'ကျန်းမာရေးမှူး(၅)',NULL,NULL,0,NULL,'2025-01-16 03:29:01','2025-01-16 03:29:01',0,NULL,NULL),(564,'ဆေးဘက်ဆိုင်ရာကျွမ်းကျင်(၅)',NULL,NULL,0,NULL,'2025-01-16 03:29:01','2025-01-16 03:29:01',0,NULL,NULL),(565,'ဆေးစပ်(၅)',NULL,NULL,0,NULL,'2025-01-16 03:29:01','2025-01-16 03:29:01',0,NULL,NULL),(566,'အကူသူနာပြု',NULL,NULL,0,NULL,'2025-01-16 03:29:01','2025-01-16 03:29:01',0,NULL,NULL),(567,'ပိုးမွားစုဆောင်းသူ',NULL,NULL,0,NULL,'2025-01-16 03:29:01','2025-01-16 03:29:01',0,NULL,NULL),(568,'ဒု-လ/ထဆေးလူမှုဆက်ဆံရေးမှူး',NULL,NULL,0,NULL,'2025-01-16 03:29:01','2025-01-16 03:29:01',0,NULL,NULL),(569,'ပုံနှိပ်ကျွမ်းကျင်(၅)',NULL,NULL,0,NULL,'2025-01-16 03:29:01','2025-01-16 03:29:01',0,NULL,NULL),(570,'စာပေလက်ထောက်(၅)',NULL,NULL,0,NULL,'2025-01-16 03:29:01','2025-01-16 03:29:01',0,NULL,NULL),(571,'ပြည်သူ့ကျန်းမာရေးဆရာမကြီး',NULL,NULL,0,NULL,'2025-01-16 03:29:01','2025-01-16 03:29:01',0,NULL,NULL),(572,'အကြီးတန်းသတင်းထောက်',NULL,NULL,0,NULL,'2025-01-16 03:29:01','2025-01-16 03:29:01',0,NULL,NULL),(573,'ပုံနှိပ်ကျွမ်းကျင်(၁)',NULL,NULL,0,NULL,'2025-01-16 03:29:01','2025-01-16 03:29:01',0,NULL,NULL),(574,'စာပေလက်ထောက်(၁)',NULL,NULL,0,NULL,'2025-01-16 03:29:01','2025-01-16 03:29:01',0,NULL,NULL),(575,'ဓာတ်ပုံကျွမ်းကျင်(၁)',NULL,NULL,0,NULL,'2025-01-16 03:29:01','2025-01-16 03:29:01',0,NULL,NULL),(576,'အသံလွှင့်ကျွမ်းကျင်(၁)',NULL,NULL,0,NULL,'2025-01-16 03:29:01','2025-01-16 03:29:01',0,NULL,NULL),(577,'ရုပ်သံကျွမ်းကျင်(၁)',NULL,NULL,0,NULL,'2025-01-16 03:29:01','2025-01-16 03:29:01',0,NULL,NULL),(578,'ဗီဒီယိုကျွမ်းကျင်(၁)',NULL,NULL,0,NULL,'2025-01-16 03:29:01','2025-01-16 03:29:01',0,NULL,NULL),(579,'အနုပညာရှင်(၁)',NULL,NULL,0,NULL,'2025-01-16 03:29:01','2025-01-16 03:29:01',0,NULL,NULL),(580,'ရိုးရာပန်းပညာရှင်(၁)',NULL,NULL,0,NULL,'2025-01-16 03:29:01','2025-01-16 03:29:01',0,NULL,NULL),(581,'အနုပညာရှင်(၁)',NULL,NULL,0,NULL,'2025-01-16 03:29:01','2025-01-16 03:29:01',0,NULL,NULL),(582,'စာကြည့်တိုက်လက်ထောက်(၁)',NULL,NULL,0,NULL,'2025-01-16 03:29:01','2025-01-16 03:29:01',0,NULL,NULL),(583,'ပြတိုက်လက်ထောက်(၁)',NULL,NULL,0,NULL,'2025-01-16 03:29:01','2025-01-16 03:29:01',0,NULL,NULL),(584,'မော်ကွန်းထိန်းလက်ထောက်(၁)',NULL,NULL,0,NULL,'2025-01-16 03:29:01','2025-01-16 03:29:01',0,NULL,NULL),(585,'လူမှုဝန်ထမ်း(၁)',NULL,NULL,0,NULL,'2025-01-16 03:29:01','2025-01-16 03:29:01',0,NULL,NULL),(586,'သာသနာရေးလက်ထောက်(၁)',NULL,NULL,0,NULL,'2025-01-16 03:29:01','2025-01-16 03:29:01',0,NULL,NULL),(587,'အကြီးတန်းစုံစမ်းရေးမှူး',NULL,NULL,0,NULL,'2025-01-16 03:29:01','2025-01-16 03:29:01',0,NULL,NULL),(588,'အရောင်း(၁)',NULL,NULL,0,NULL,'2025-01-16 03:29:01','2025-01-16 03:29:01',0,NULL,NULL),(589,'စားဖိုမှူး(၁)',NULL,NULL,0,NULL,'2025-01-16 03:29:01','2025-01-16 03:29:01',0,NULL,NULL),(590,'စားပွဲထိုး(၁)',NULL,NULL,0,NULL,'2025-01-16 03:29:01','2025-01-16 03:29:01',0,NULL,NULL),(591,'ဧည့်ကြို(၁)',NULL,NULL,0,NULL,'2025-01-16 03:29:01','2025-01-16 03:29:01',0,NULL,NULL),(592,'မုန့်ဖုတ်(၁)',NULL,NULL,0,NULL,'2025-01-16 03:29:01','2025-01-16 03:29:01',0,NULL,NULL),(593,'ဧည့်လမ်းညွှန်(၁)',NULL,NULL,0,NULL,'2025-01-16 03:29:01','2025-01-16 03:29:01',0,NULL,NULL),(594,'မျက်မှန်ကျွမ်းကျင်(၁)',NULL,NULL,0,NULL,'2025-01-16 03:29:01','2025-01-16 03:29:01',0,NULL,NULL),(595,'သားခုတ်(၁)',NULL,NULL,0,NULL,'2025-01-16 03:29:01','2025-01-16 03:29:01',0,NULL,NULL),(596,'အဝတ်လျှော်(၁)',NULL,NULL,0,NULL,'2025-01-16 03:29:01','2025-01-16 03:29:01',0,NULL,NULL),(597,'အခမ်းအနားပြင်(၁)',NULL,NULL,0,NULL,'2025-01-16 03:29:01','2025-01-16 03:29:01',0,NULL,NULL),(598,'စက်ချုပ်(၁)',NULL,NULL,0,NULL,'2025-01-16 03:29:01','2025-01-16 03:29:01',0,NULL,NULL),(599,'အခန်းထိန်း(၁)',NULL,NULL,0,NULL,'2025-01-16 03:29:01','2025-01-16 03:29:01',0,NULL,NULL),(600,'ကျွမ်းကျင်(၁)',NULL,NULL,0,NULL,'2025-01-16 03:29:01','2025-01-16 03:29:01',0,NULL,NULL),(601,'စစ်ဆေးရေးမှူး(၁)',NULL,NULL,0,NULL,'2025-01-16 03:29:01','2025-01-16 03:29:01',0,NULL,NULL),(602,'စိစစ်ရေးမှူး(၁)',NULL,NULL,0,NULL,'2025-01-16 03:29:01','2025-01-16 03:29:01',0,NULL,NULL),(603,'စကားပြန်(၁)',NULL,NULL,0,NULL,'2025-01-16 03:29:01','2025-01-16 03:29:01',0,NULL,NULL),(604,'ဘာသာပြန်(၁)',NULL,NULL,0,NULL,'2025-01-16 03:29:01','2025-01-16 03:29:01',0,NULL,NULL),(605,'သံရုံးအုပ်',NULL,NULL,0,NULL,'2025-01-16 03:29:01','2025-01-16 03:29:01',0,NULL,NULL),(606,'အကြီးတန်းလက်ရေးတိုလက်နှိပ်စက်ရိုက်',NULL,NULL,0,NULL,'2025-01-16 03:29:01','2025-01-16 03:29:01',0,NULL,NULL),(607,'ဈေးတာဝန်ခံ(၁)',NULL,NULL,0,NULL,'2025-01-16 03:29:01','2025-01-16 03:29:01',0,NULL,NULL),(608,'စာစဉ်မှူး',NULL,NULL,0,NULL,'2025-01-16 03:29:01','2025-01-16 03:29:01',0,NULL,NULL),(609,'လ/ထမြို့နယ်ပညာရေးမှူး',NULL,NULL,0,NULL,'2025-01-16 03:29:01','2025-01-16 03:29:01',0,NULL,NULL),(610,'ဒု-ပိုးမွှားစုံစမ်းရေးမှူး',NULL,NULL,0,NULL,'2025-01-16 03:29:01','2025-01-16 03:29:01',0,NULL,NULL),(611,'ဆေးလူမှုဆက်ဆံရေးမှူး',NULL,NULL,0,NULL,'2025-01-16 03:29:01','2025-01-16 03:29:01',0,NULL,NULL),(612,'အငယ်တန်းသတင်းထောက်',NULL,NULL,0,NULL,'2025-01-16 03:29:01','2025-01-16 03:29:01',0,NULL,NULL),(613,'ပုံနှိပ်ကျွမ်းကျင်(၂)',NULL,NULL,0,NULL,'2025-01-16 03:29:01','2025-01-16 03:29:01',0,NULL,NULL),(614,'စာပေလက်ထောက်(၂)',NULL,NULL,0,NULL,'2025-01-16 03:29:01','2025-01-16 03:29:01',0,NULL,NULL),(615,'ဓာတ်ပုံကျွမ်းကျင်(၂)',NULL,NULL,0,NULL,'2025-01-16 03:29:01','2025-01-16 03:29:01',0,NULL,NULL),(616,'ဗီဒီယိုကျွမ်းကျင်(၂)',NULL,NULL,0,NULL,'2025-01-16 03:29:01','2025-01-16 03:29:01',0,NULL,NULL),(617,'ဆေးစပ်(၃)',NULL,NULL,0,NULL,'2025-01-16 03:29:01','2025-01-16 03:29:01',0,NULL,NULL),(618,'ဆေးဘက်ဆိုင်ရာကျွမ်းကျင်(၃)',NULL,NULL,0,NULL,'2025-01-16 03:29:01','2025-01-16 03:29:01',0,NULL,NULL),(619,'စာပေလက်ထောက်(၃)',NULL,NULL,0,NULL,'2025-01-16 03:29:01','2025-01-16 03:29:01',0,NULL,NULL),(620,'ပုံနှိပ်ကျွမ်းကျင်(၃)',NULL,NULL,0,NULL,'2025-01-16 03:29:01','2025-01-16 03:29:01',0,NULL,NULL),(621,'ဓာတ်ပုံကျွမ်းကျင်(၃)',NULL,NULL,0,NULL,'2025-01-16 03:29:01','2025-01-16 03:29:01',0,NULL,NULL),(622,'ဗီဒီယိုကျွမ်းကျင်(၃)',NULL,NULL,0,NULL,'2025-01-16 03:29:01','2025-01-16 03:29:01',0,NULL,NULL),(623,'အသံလွှင့်ကျွမ်းကျင်(၃)',NULL,NULL,0,NULL,'2025-01-16 03:29:01','2025-01-16 03:29:01',0,NULL,NULL),(624,'ရုပ်သံကျွမ်းကျင်(၃)',NULL,NULL,0,NULL,'2025-01-16 03:29:01','2025-01-16 03:29:01',0,NULL,NULL),(625,'အနုပညာရှင်(၃)',NULL,NULL,0,NULL,'2025-01-16 03:29:01','2025-01-16 03:29:01',0,NULL,NULL),(626,'ရိုးရာပန်းပညာရှင်(၃)',NULL,NULL,0,NULL,'2025-01-16 03:29:01','2025-01-16 03:29:01',0,NULL,NULL),(627,'စာကြည့်တိုက်လက်ထောက်(၃)',NULL,NULL,0,NULL,'2025-01-16 03:29:01','2025-01-16 03:29:01',0,NULL,NULL),(628,'ပြတိုက်လက်ထောက်(၃)',NULL,NULL,0,NULL,'2025-01-16 03:29:01','2025-01-16 03:29:01',0,NULL,NULL),(629,'လူမှုဝန်ထမ်း(၃)',NULL,NULL,0,NULL,'2025-01-16 03:29:01','2025-01-16 03:29:01',0,NULL,NULL),(630,'မော်ကွန်းထိန်းလက်ထောက်(၃)',NULL,NULL,0,NULL,'2025-01-16 03:29:01','2025-01-16 03:29:01',0,NULL,NULL),(631,'ဆေးဘက်ဆိုင်ရာကျွမ်းကျင်(၄)',NULL,NULL,0,NULL,'2025-01-16 03:29:01','2025-01-16 03:29:01',0,NULL,NULL),(632,'ဆေးစပ်(၄)',NULL,NULL,0,NULL,'2025-01-16 03:29:01','2025-01-16 03:29:01',0,NULL,NULL),(633,'သားဖွားဆရာမ',NULL,NULL,0,NULL,'2025-01-16 03:29:01','2025-01-16 03:29:01',0,NULL,NULL),(634,'လ/ထဆေးလူမှုဆက်ဆံရေးမှူး',NULL,NULL,0,NULL,'2025-01-16 03:29:01','2025-01-16 03:29:01',0,NULL,NULL),(635,'ပုံနှိပ်ကျွမ်းကျင်(၄)',NULL,NULL,0,NULL,'2025-01-16 03:29:01','2025-01-16 03:29:01',0,NULL,NULL),(636,'စာပေလက်ထောက်(၄)',NULL,NULL,0,NULL,'2025-01-16 03:29:01','2025-01-16 03:29:01',0,NULL,NULL),(637,'ဓာတ်ပုံကျွမ်းကျင်(၄)',NULL,NULL,0,NULL,'2025-01-16 03:29:01','2025-01-16 03:29:01',0,NULL,NULL),(638,'ဗီဒီယိုကျွမ်းကျင်(၄)',NULL,NULL,0,NULL,'2025-01-16 03:29:01','2025-01-16 03:29:01',0,NULL,NULL),(639,'ကျွမ်းကျင်(၄)',NULL,NULL,0,NULL,'2025-01-16 03:29:01','2025-01-16 03:29:01',0,NULL,NULL),(640,'အသံလွှင့်ကျွမ်းကျင်(၄)',NULL,NULL,0,NULL,'2025-01-16 03:29:01','2025-01-16 03:29:01',0,NULL,NULL),(641,'ရုပ်သံကျွမ်းကျင်(၄)',NULL,NULL,0,NULL,'2025-01-16 03:29:01','2025-01-16 03:29:01',0,NULL,NULL),(642,'ရိုးရာပညာရှင်(၄)',NULL,NULL,0,NULL,'2025-01-16 03:29:01','2025-01-16 03:29:01',0,NULL,NULL),(643,'အနုပညာရှင်(၄)',NULL,NULL,0,NULL,'2025-01-16 03:29:01','2025-01-16 03:29:01',0,NULL,NULL),(644,'စာကြည့်တိုက်လက်ထောက်(၄)',NULL,NULL,0,NULL,'2025-01-16 03:29:01','2025-01-16 03:29:01',0,NULL,NULL),(645,'ပြတိုက်လက်ထောက်(၄)',NULL,NULL,0,NULL,'2025-01-16 03:29:01','2025-01-16 03:29:01',0,NULL,NULL),(646,'ဓာတ်ပုံကျွမ်းကျင်(၅)',NULL,NULL,0,NULL,'2025-01-16 03:29:01','2025-01-16 03:29:01',0,NULL,NULL),(647,'ဗီဒီယိုကျွမ်းကျင်(၅)',NULL,NULL,0,NULL,'2025-01-16 03:29:01','2025-01-16 03:29:01',0,NULL,NULL),(648,'အသံလွှင့်ကျွမ်းကျင်(၅)',NULL,NULL,0,NULL,'2025-01-16 03:29:01','2025-01-16 03:29:01',0,NULL,NULL),(649,'ရုပ်သံကျွမ်းကျင်(၅)',NULL,NULL,0,NULL,'2025-01-16 03:29:01','2025-01-16 03:29:01',0,NULL,NULL),(650,'အနုပညာရှင်(၅)',NULL,NULL,0,NULL,'2025-01-16 03:29:01','2025-01-16 03:29:01',0,NULL,NULL),(651,'ရိုးရာပန်းပညာရှင်(၅)',NULL,NULL,0,NULL,'2025-01-16 03:29:01','2025-01-16 03:29:01',0,NULL,NULL),(652,'အငယ်တန်းလက်နှိပ်စက်ရိုက်',NULL,NULL,0,NULL,'2025-01-16 03:29:01','2025-01-16 03:29:01',0,NULL,NULL),(653,'စာကြည့်တိုက်လက်ထောက်(၅)',NULL,NULL,0,NULL,'2025-01-16 03:29:01','2025-01-16 03:29:01',0,NULL,NULL),(654,'ပြတိုက်လက်ထောက်(၅)',NULL,NULL,0,NULL,'2025-01-16 03:29:01','2025-01-16 03:29:01',0,NULL,NULL),(655,'မော်ကွန်းထိန်းလက်ထောက်(၅)',NULL,NULL,0,NULL,'2025-01-16 03:29:01','2025-01-16 03:29:01',0,NULL,NULL),(656,'လူမှုဝန်ထမ်း(၅)',NULL,NULL,0,NULL,'2025-01-16 03:29:01','2025-01-16 03:29:01',0,NULL,NULL),(657,'အရောင်း(၅)',NULL,NULL,0,NULL,'2025-01-16 03:29:01','2025-01-16 03:29:01',0,NULL,NULL),(658,'ကုန်အမှတ်/ကုန်ချိန်',NULL,NULL,0,NULL,'2025-01-16 03:29:01','2025-01-16 03:29:01',0,NULL,NULL),(659,'စားဖိုမှူး(၅)',NULL,NULL,0,NULL,'2025-01-16 03:29:01','2025-01-16 03:29:01',0,NULL,NULL),(660,'စားပွဲထိုး(၅)',NULL,NULL,0,NULL,'2025-01-16 03:29:01','2025-01-16 03:29:01',0,NULL,NULL),(661,'ဧည့်ကြို(၅)',NULL,NULL,0,NULL,'2025-01-16 03:29:01','2025-01-16 03:29:01',0,NULL,NULL),(662,'မုန့်ဖုတ်(၅)',NULL,NULL,0,NULL,'2025-01-16 03:29:01','2025-01-16 03:29:01',0,NULL,NULL),(663,'ဧည့်လမ်းညွှန်(၅)',NULL,NULL,0,NULL,'2025-01-16 03:29:01','2025-01-16 03:29:01',0,NULL,NULL),(664,'ဧည့်လမ်းညွှန်(၁)',NULL,NULL,0,NULL,'2025-01-16 03:29:01','2025-01-16 03:29:01',0,NULL,NULL),(665,'အခမ်းအနားပြင်(၁)',NULL,NULL,0,NULL,'2025-01-16 03:29:01','2025-01-16 03:29:01',0,NULL,NULL),(666,'စက်ချုပ်(၁)',NULL,NULL,0,NULL,'2025-01-16 03:29:01','2025-01-16 03:29:01',0,NULL,NULL),(667,'စိစစ်ရေးမှူး(၁)',NULL,NULL,0,NULL,'2025-01-16 03:29:01','2025-01-16 03:29:01',0,NULL,NULL),(668,'စကားပြန်(၁)',NULL,NULL,0,NULL,'2025-01-16 03:29:01','2025-01-16 03:29:01',0,NULL,NULL),(669,'ဘာသာပြန်(၁)',NULL,NULL,0,NULL,'2025-01-16 03:29:01','2025-01-16 03:29:01',0,NULL,NULL),(670,'သံရုံးအုပ်',NULL,NULL,0,NULL,'2025-01-16 03:29:01','2025-01-16 03:29:01',0,NULL,NULL),(671,'အကြီးတန်းလက်ရေးတိုလက်နှိပ်စက်ရိုက်',NULL,NULL,0,NULL,'2025-01-16 03:29:01','2025-01-16 03:29:01',0,NULL,NULL),(672,'ဈေးတာဝန်ခံ(၁)',NULL,NULL,0,NULL,'2025-01-16 03:29:01','2025-01-16 03:29:01',0,NULL,NULL),(673,'အသံလွှင့်ကျွမ်းကျင်(၂)',NULL,NULL,0,NULL,'2025-01-16 03:29:01','2025-01-16 03:29:01',0,NULL,NULL),(674,'ရုပ်သံကျွမ်းကျင်(၂)',NULL,NULL,0,NULL,'2025-01-16 03:29:01','2025-01-16 03:29:01',0,NULL,NULL),(675,'အနုပညာရှင်(၂)',NULL,NULL,0,NULL,'2025-01-16 03:29:01','2025-01-16 03:29:01',0,NULL,NULL),(676,'ကျွမ်းကျင်(၂)',NULL,NULL,0,NULL,'2025-01-16 03:29:01','2025-01-16 03:29:01',0,NULL,NULL),(677,'ရိုးရာပန်းပညာရှင်(၂)',NULL,NULL,0,NULL,'2025-01-16 03:29:01','2025-01-16 03:29:01',0,NULL,NULL),(678,'စာကြည့်တိုက်လက်ထောက်(၂)',NULL,NULL,0,NULL,'2025-01-16 03:29:01','2025-01-16 03:29:01',0,NULL,NULL),(679,'ပြတိုက်လက်ထောက်(၂)',NULL,NULL,0,NULL,'2025-01-16 03:29:01','2025-01-16 03:29:01',0,NULL,NULL),(680,'မော်ကွန်းထိန်းလက်ထောက်(၂)',NULL,NULL,0,NULL,'2025-01-16 03:29:01','2025-01-16 03:29:01',0,NULL,NULL),(681,'လူမှုဝန်ထမ်း(၂)',NULL,NULL,0,NULL,'2025-01-16 03:29:01','2025-01-16 03:29:01',0,NULL,NULL),(682,'လူဝင်မှုကြီးကြပ်ရေးမှူး',NULL,NULL,0,NULL,'2025-01-16 03:29:01','2025-01-16 03:29:01',0,NULL,NULL),(683,'သာသနာရေးလက်ထောက်(၂)',NULL,NULL,0,NULL,'2025-01-16 03:29:01','2025-01-16 03:29:01',0,NULL,NULL),(684,'အရောင်း(၂)',NULL,NULL,0,NULL,'2025-01-16 03:29:01','2025-01-16 03:29:01',0,NULL,NULL),(685,'စားဖိုမှူး(၂)',NULL,NULL,0,NULL,'2025-01-16 03:29:01','2025-01-16 03:29:01',0,NULL,NULL),(686,'စားပွဲထိုး(၂)',NULL,NULL,0,NULL,'2025-01-16 03:29:01','2025-01-16 03:29:01',0,NULL,NULL),(687,'ဧည့်ကြို(၂)',NULL,NULL,0,NULL,'2025-01-16 03:29:01','2025-01-16 03:29:01',0,NULL,NULL),(688,'မုန့်ဖုတ်(၂)',NULL,NULL,0,NULL,'2025-01-16 03:29:01','2025-01-16 03:29:01',0,NULL,NULL),(689,'ဧည့်လမ်းညွှန်(၂)',NULL,NULL,0,NULL,'2025-01-16 03:29:01','2025-01-16 03:29:01',0,NULL,NULL),(690,'မျက်မှန်ကျွမ်းကျင်(၂)',NULL,NULL,0,NULL,'2025-01-16 03:29:01','2025-01-16 03:29:01',0,NULL,NULL),(691,'သားခုတ်(၂)',NULL,NULL,0,NULL,'2025-01-16 03:29:01','2025-01-16 03:29:01',0,NULL,NULL),(692,'ဒု-လူဝင်မှုကြီးကြပ်ရေးမှူး',NULL,NULL,0,NULL,'2025-01-16 03:29:01','2025-01-16 03:29:01',0,NULL,NULL),(693,'သာသနာရေးလက်ထောက်(၃)',NULL,NULL,0,NULL,'2025-01-16 03:29:01','2025-01-16 03:29:01',0,NULL,NULL),(694,'အရောင်း(၃)',NULL,NULL,0,NULL,'2025-01-16 03:29:01','2025-01-16 03:29:01',0,NULL,NULL),(695,'စားဖိုမှူး(၃)',NULL,NULL,0,NULL,'2025-01-16 03:29:01','2025-01-16 03:29:01',0,NULL,NULL),(696,'စားပွဲထိုး(၃)',NULL,NULL,0,NULL,'2025-01-16 03:29:01','2025-01-16 03:29:01',0,NULL,NULL),(697,'ဧည့်ကြို(၃)',NULL,NULL,0,NULL,'2025-01-16 03:29:01','2025-01-16 03:29:01',0,NULL,NULL),(698,'ဧည့်လမ်းညွှန်(၃)',NULL,NULL,0,NULL,'2025-01-16 03:29:01','2025-01-16 03:29:01',0,NULL,NULL),(699,'မုန့်ဖုတ်(၃)',NULL,NULL,0,NULL,'2025-01-16 03:29:01','2025-01-16 03:29:01',0,NULL,NULL),(700,'မျက်မှန်ကျွမ်းကျင်(၃)',NULL,NULL,0,NULL,'2025-01-16 03:29:01','2025-01-16 03:29:01',0,NULL,NULL),(701,'သားခုတ်(၃)',NULL,NULL,0,NULL,'2025-01-16 03:29:01','2025-01-16 03:29:01',0,NULL,NULL),(702,'အဝတ်လျှော်(၃)',NULL,NULL,0,NULL,'2025-01-16 03:29:01','2025-01-16 03:29:01',0,NULL,NULL),(703,'အခမ်းအနားပြင်(၃)',NULL,NULL,0,NULL,'2025-01-16 03:29:01','2025-01-16 03:29:01',0,NULL,NULL),(704,'စက်ချုပ်(၃)',NULL,NULL,0,NULL,'2025-01-16 03:29:01','2025-01-16 03:29:01',0,NULL,NULL),(705,'အခန်းထိန်း(၃)',NULL,NULL,0,NULL,'2025-01-16 03:29:01','2025-01-16 03:29:01',0,NULL,NULL),(706,'ကျွမ်းကျင်(၃)',NULL,NULL,0,NULL,'2025-01-16 03:29:01','2025-01-16 03:29:01',0,NULL,NULL),(707,'စစ်ဆေးရေးမှူး(၃)',NULL,NULL,0,NULL,'2025-01-16 03:29:01','2025-01-16 03:29:01',0,NULL,NULL),(708,'စိစစ်ရေးမှူး(၃)',NULL,NULL,0,NULL,'2025-01-16 03:29:01','2025-01-16 03:29:01',0,NULL,NULL),(709,'စကားပြန်(၃)',NULL,NULL,0,NULL,'2025-01-16 03:29:01','2025-01-16 03:29:01',0,NULL,NULL),(710,'ဘာသာပြန်(၃)',NULL,NULL,0,NULL,'2025-01-16 03:29:01','2025-01-16 03:29:01',0,NULL,NULL),(711,'မော်ကွန်းထိန်းလက်ထောက်(၄)',NULL,NULL,0,NULL,'2025-01-16 03:29:01','2025-01-16 03:29:01',0,NULL,NULL),(712,'လူမှုဝန်ထမ်း(၄)',NULL,NULL,0,NULL,'2025-01-16 03:29:01','2025-01-16 03:29:01',0,NULL,NULL),(713,'သာသနာရေးလက်ထောက်(၄)',NULL,NULL,0,NULL,'2025-01-16 03:29:01','2025-01-16 03:29:01',0,NULL,NULL),(714,'လ/ထလူဝင်မှုကြီးကြပ်ရေးမှူး',NULL,NULL,0,NULL,'2025-01-16 03:29:01','2025-01-16 03:29:01',0,NULL,NULL),(715,'လ/ထစုံစမ်းရေးမှူး',NULL,NULL,0,NULL,'2025-01-16 03:29:01','2025-01-16 03:29:01',0,NULL,NULL),(716,'အရောင်း(၄)',NULL,NULL,0,NULL,'2025-01-16 03:29:01','2025-01-16 03:29:01',0,NULL,NULL),(717,'စားဖိုမှူး(၄)',NULL,NULL,0,NULL,'2025-01-16 03:29:01','2025-01-16 03:29:01',0,NULL,NULL),(718,'စားပွဲထိုး(၄)',NULL,NULL,0,NULL,'2025-01-16 03:29:01','2025-01-16 03:29:01',0,NULL,NULL),(719,'ဧည့်ကြို(၄)',NULL,NULL,0,NULL,'2025-01-16 03:29:01','2025-01-16 03:29:01',0,NULL,NULL),(720,'မုန့်ဖုတ်(၄)',NULL,NULL,0,NULL,'2025-01-16 03:29:01','2025-01-16 03:29:01',0,NULL,NULL),(721,'ဧည့်လမ်းညွှန်(၄)',NULL,NULL,0,NULL,'2025-01-16 03:29:01','2025-01-16 03:29:01',0,NULL,NULL),(722,'မျက်မှန်ကျွမ်းကျင်(၄)',NULL,NULL,0,NULL,'2025-01-16 03:29:01','2025-01-16 03:29:01',0,NULL,NULL),(723,'စစ်ဆေးရေးမှူး(၄)',NULL,NULL,0,NULL,'2025-01-16 03:29:01','2025-01-16 03:29:01',0,NULL,NULL),(724,'စိစစ်ရေးမှူး(၄)',NULL,NULL,0,NULL,'2025-01-16 03:29:01','2025-01-16 03:29:01',0,NULL,NULL),(725,'မျက်မှန်ကျွမ်းကျင်(၅)',NULL,NULL,0,NULL,'2025-01-16 03:29:01','2025-01-16 03:29:01',0,NULL,NULL),(726,'စစ်ဆေးရေးမှူး(၅)',NULL,NULL,0,NULL,'2025-01-16 03:29:01','2025-01-16 03:29:01',0,NULL,NULL),(727,'စိစစ်ရေးမှူး(၅)',NULL,NULL,0,NULL,'2025-01-16 03:29:01','2025-01-16 03:29:01',0,NULL,NULL),(728,'စကားပြန်(၅)',NULL,NULL,0,NULL,'2025-01-16 03:29:01','2025-01-16 03:29:01',0,NULL,NULL),(729,'ဘာသာပြန်(၅)',NULL,NULL,0,NULL,'2025-01-16 03:29:01','2025-01-16 03:29:01',0,NULL,NULL),(730,'ဈေးတာဝန်ခံ(၁)',NULL,NULL,0,NULL,'2025-01-16 03:29:01','2025-01-16 03:29:01',0,NULL,NULL),(731,'အခွန်ကောက်(၅)',NULL,NULL,0,NULL,'2025-01-16 03:29:01','2025-01-16 03:29:01',0,NULL,NULL),(732,'စည်းကမ်းထိန်း(၅)',NULL,NULL,0,NULL,'2025-01-16 03:29:01','2025-01-16 03:29:01',0,NULL,NULL),(733,'စည်ပင်သာယာလုပ်သား(၂)',NULL,NULL,0,NULL,'2025-01-16 03:29:01','2025-01-16 03:29:01',0,NULL,NULL),(734,'အခွန်ကောက်',NULL,NULL,0,NULL,'2025-01-16 03:29:01','2025-01-16 03:29:01',0,NULL,NULL),(735,'ဒု-လ/ထအကောက်ခွန်မှူး',NULL,NULL,0,NULL,'2025-01-16 03:29:01','2025-01-16 03:29:01',0,NULL,NULL),(736,'လ/ထတိရစ္ဆာန်ထောင်မှူး',NULL,NULL,0,NULL,'2025-01-16 03:29:01','2025-01-16 03:29:01',0,NULL,NULL),(737,'ပြေစာရေး',NULL,NULL,0,NULL,'2025-01-16 03:29:01','2025-01-16 03:29:01',0,NULL,NULL),(738,'အခွန်ကောက်(၁)',NULL,NULL,0,NULL,'2025-01-16 03:29:01','2025-01-16 03:29:01',0,NULL,NULL),(739,'စည်းကမ်းထိန်း(၁)',NULL,NULL,0,NULL,'2025-01-16 03:29:01','2025-01-16 03:29:01',0,NULL,NULL),(740,'ဒု-ရဲအုပ်',NULL,NULL,0,NULL,'2025-01-16 03:29:01','2025-01-16 03:29:01',0,NULL,NULL),(741,'စစ်ဆေးရေးမှူး(၂)',NULL,NULL,0,NULL,'2025-01-16 03:29:01','2025-01-16 03:29:01',0,NULL,NULL),(742,'ဒု-စာရင်းအင်းမှူး',NULL,NULL,0,NULL,'2025-01-16 03:29:01','2025-01-16 03:29:01',0,NULL,NULL),(743,'စိစစ်ရေးမှူး(၂)',NULL,NULL,0,NULL,'2025-01-16 03:29:01','2025-01-16 03:29:01',0,NULL,NULL),(744,'စကားပြန်(၂)',NULL,NULL,0,NULL,'2025-01-16 03:29:01','2025-01-16 03:29:01',0,NULL,NULL),(745,'ဘာသာပြန်(၂)',NULL,NULL,0,NULL,'2025-01-16 03:29:01','2025-01-16 03:29:01',0,NULL,NULL),(746,'ထိန်းသိမ်းရေးမှူး',NULL,NULL,0,NULL,'2025-01-16 03:29:01','2025-01-16 03:29:01',0,NULL,NULL),(747,'အကောက်ခွန်မှူး',NULL,NULL,0,NULL,'2025-01-16 03:29:01','2025-01-16 03:29:01',0,NULL,NULL),(748,'သံရုံးစာရေး',NULL,NULL,0,NULL,'2025-01-16 03:29:01','2025-01-16 03:29:01',0,NULL,NULL),(749,'ကြိုးမဲ့ကြေးနန်းစာရေး',NULL,NULL,0,NULL,'2025-01-16 03:29:01','2025-01-16 03:29:01',0,NULL,NULL),(750,'ဈေးတာဝန်ခံ(၂)',NULL,NULL,0,NULL,'2025-01-16 03:29:01','2025-01-16 03:29:01',0,NULL,NULL),(751,'အခွန်ကောက်(၂)',NULL,NULL,0,NULL,'2025-01-16 03:29:01','2025-01-16 03:29:01',0,NULL,NULL),(752,'စည်းကမ်းထိန်း(၂)',NULL,NULL,0,NULL,'2025-01-16 03:29:01','2025-01-16 03:29:01',0,NULL,NULL),(753,'နည်းပြ',NULL,NULL,0,NULL,'2025-01-16 03:29:01','2025-01-16 03:29:01',0,NULL,NULL),(754,'စစ်ဆေးရေးမှူး(၂)',NULL,NULL,0,NULL,'2025-01-16 03:29:01','2025-01-16 03:29:01',0,NULL,NULL),(755,'ဒု-စာရင်းအင်းမှူး',NULL,NULL,0,NULL,'2025-01-16 03:29:01','2025-01-16 03:29:01',0,NULL,NULL),(756,'စိစစ်ရေးမှူး(၂)',NULL,NULL,0,NULL,'2025-01-16 03:29:01','2025-01-16 03:29:01',0,NULL,NULL),(757,'စကားပြန်(၂)',NULL,NULL,0,NULL,'2025-01-16 03:29:01','2025-01-16 03:29:01',0,NULL,NULL),(758,'ဘာသာပြန်(၂)',NULL,NULL,0,NULL,'2025-01-16 03:29:01','2025-01-16 03:29:01',0,NULL,NULL),(759,'ထိန်းသိမ်းရေးမှူး',NULL,NULL,0,NULL,'2025-01-16 03:29:01','2025-01-16 03:29:01',0,NULL,NULL),(760,'အကောက်ခွန်မှူး',NULL,NULL,0,NULL,'2025-01-16 03:29:01','2025-01-16 03:29:01',0,NULL,NULL),(761,'သံရုံးစာရေး',NULL,NULL,0,NULL,'2025-01-16 03:29:01','2025-01-16 03:29:01',0,NULL,NULL),(762,'ကြိးမဲ့ကြေးနန်းစာရေး',NULL,NULL,0,NULL,'2025-01-16 03:29:01','2025-01-16 03:29:01',0,NULL,NULL),(763,'ဈေးတာဝန်ခံ(၂)',NULL,NULL,0,NULL,'2025-01-16 03:29:01','2025-01-16 03:29:01',0,NULL,NULL),(764,'နည်းပြ/သရုပ်ပြ',NULL,NULL,0,NULL,'2025-01-16 03:29:01','2025-01-16 03:29:01',0,NULL,NULL),(765,'စည်းကမ်းထိန်း(၂)',NULL,NULL,0,NULL,'2025-01-16 03:29:01','2025-01-16 03:29:01',0,NULL,NULL),(766,'ရဲအရာခံ',NULL,NULL,0,NULL,'2025-01-16 03:29:01','2025-01-16 03:29:01',0,NULL,NULL),(767,'မှတ်တမ်းပြုပြင်ရေးမှူး',NULL,NULL,0,NULL,'2025-01-16 03:29:01','2025-01-16 03:29:01',0,NULL,NULL),(768,'စုံစမ်းရေးမှူး',NULL,NULL,0,NULL,'2025-01-16 03:29:01','2025-01-16 03:29:01',0,NULL,NULL),(769,'ထောင်မှူးကြီး',NULL,NULL,0,NULL,'2025-01-16 03:29:01','2025-01-16 03:29:01',0,NULL,NULL),(770,'ရုံပိုင်ကြီး',NULL,NULL,0,NULL,'2025-01-16 03:29:01','2025-01-16 03:29:01',0,NULL,NULL),(771,'လ/ထစာရင်းအင်းမှူး',NULL,NULL,0,NULL,'2025-01-16 03:29:01','2025-01-16 03:29:01',0,NULL,NULL),(772,'ဒု-ထိန်းသိမ်းရေးမှူး',NULL,NULL,0,NULL,'2025-01-16 03:29:01','2025-01-16 03:29:01',0,NULL,NULL),(773,'ဒု-အကောက်ခွန်မှူး',NULL,NULL,0,NULL,'2025-01-16 03:29:01','2025-01-16 03:29:01',0,NULL,NULL),(774,'ဒု-စုံစမ်းရေးမှူး',NULL,NULL,0,NULL,'2025-01-16 03:29:01','2025-01-16 03:29:01',0,NULL,NULL),(775,'မှတ်တမ်းထိန်း',NULL,NULL,0,NULL,'2025-01-16 03:29:01','2025-01-16 03:29:01',0,NULL,NULL),(776,'သားသတ်ရုံမှူး',NULL,NULL,0,NULL,'2025-01-16 03:29:01','2025-01-16 03:29:01',0,NULL,NULL),(777,'ရဲတပ်ကြပ်ကြီး',NULL,NULL,0,NULL,'2025-01-16 03:29:01','2025-01-16 03:29:01',0,NULL,NULL),(778,'ထောင်မှူး',NULL,NULL,0,NULL,'2025-01-16 03:29:01','2025-01-16 03:29:01',0,NULL,NULL),(779,'လ/ထမီးသတ်ဦးစီးမှူး',NULL,NULL,0,NULL,'2025-01-16 03:29:01','2025-01-16 03:29:01',0,NULL,NULL),(780,'ရုံပိုင်',NULL,NULL,0,NULL,'2025-01-16 03:29:01','2025-01-16 03:29:01',0,NULL,NULL),(781,'ဒု-နည်းပြ',NULL,NULL,0,NULL,'2025-01-16 03:29:01','2025-01-16 03:29:01',0,NULL,NULL),(782,'ဒု-စာစဉ်မှူး',NULL,NULL,0,NULL,'2025-01-16 03:29:01','2025-01-16 03:29:01',0,NULL,NULL),(783,'ဒုတိယအလယ်တန်းပြ',NULL,NULL,0,NULL,'2025-01-16 03:29:01','2025-01-16 03:29:01',0,NULL,NULL),(784,'ဒုတိယမူလတန်းပြ',NULL,NULL,0,NULL,'2025-01-16 03:29:01','2025-01-16 03:29:01',0,NULL,NULL),(785,'လ/ထိန်းသိမ်းရေးမှူး',NULL,NULL,0,NULL,'2025-01-16 03:29:01','2025-01-16 03:29:01',0,NULL,NULL),(786,'လ/ထအကောက်ခွန်မှူး',NULL,NULL,0,NULL,'2025-01-16 03:29:01','2025-01-16 03:29:01',0,NULL,NULL),(787,'ရဲတပ်ကြပ်',NULL,NULL,0,NULL,'2025-01-16 03:29:01','2025-01-16 03:29:01',0,NULL,NULL),(788,'မီးသတ်တပ်ကြပ်ကြီး',NULL,NULL,0,NULL,'2025-01-16 03:29:01','2025-01-16 03:29:01',0,NULL,NULL),(789,'လ/ထထောင်မှူး',NULL,NULL,0,NULL,'2025-01-16 03:29:01','2025-01-16 03:29:01',0,NULL,NULL),(790,'အကျဉ်းထောင်တပ်ကြပ်ကြီး',NULL,NULL,0,NULL,'2025-01-16 03:29:01','2025-01-16 03:29:01',0,NULL,NULL),(791,'ဒု-ရုံပိုင်',NULL,NULL,0,NULL,'2025-01-16 03:29:01','2025-01-16 03:29:01',0,NULL,NULL),(792,'လ/ထနည်းပြ',NULL,NULL,0,NULL,'2025-01-16 03:29:01','2025-01-16 03:29:01',0,NULL,NULL),(793,'လ/ထစာစဉ်မှူး',NULL,NULL,0,NULL,'2025-01-16 03:29:01','2025-01-16 03:29:01',0,NULL,NULL),(794,'လ/ထအလယ်တန်းပြ',NULL,NULL,0,NULL,'2025-01-16 03:29:01','2025-01-16 03:29:01',0,NULL,NULL),(795,'လ/ထမူလတန်းပြ',NULL,NULL,0,NULL,'2025-01-16 03:29:01','2025-01-16 03:29:01',0,NULL,NULL),(796,'ရဲဒု-တပ်ကြပ်',NULL,NULL,0,NULL,'2025-01-16 03:29:01','2025-01-16 03:29:01',0,NULL,NULL),(797,'မီးသတ်တပ်ကြပ်',NULL,NULL,0,NULL,'2025-01-16 03:29:01','2025-01-16 03:29:01',0,NULL,NULL),(798,'လ/ထထောင်မှူး',NULL,NULL,0,NULL,'2025-01-16 03:29:01','2025-01-16 03:29:01',0,NULL,NULL),(799,'အကျဉ်းထောင်တပ်ကြပ်ကြီး',NULL,NULL,0,NULL,'2025-01-16 03:29:01','2025-01-16 03:29:01',0,NULL,NULL),(800,'ဒု-ရုံပိုင်',NULL,NULL,0,NULL,'2025-01-16 03:29:01','2025-01-16 03:29:01',0,NULL,NULL),(801,'လ/ထနည်းပြ',NULL,NULL,0,NULL,'2025-01-16 03:29:01','2025-01-16 03:29:01',0,NULL,NULL),(802,'လ/ထစာစဉ်မှူး',NULL,NULL,0,NULL,'2025-01-16 03:29:01','2025-01-16 03:29:01',0,NULL,NULL),(803,'လ/ထအလယ်တန်းပြ',NULL,NULL,0,NULL,'2025-01-16 03:29:01','2025-01-16 03:29:01',0,NULL,NULL),(804,'လ/ထမူလတန်းပြ',NULL,NULL,0,NULL,'2025-01-16 03:29:01','2025-01-16 03:29:01',0,NULL,NULL),(805,'ရဲဒု-တပ်ကြပ်',NULL,NULL,0,NULL,'2025-01-16 03:29:01','2025-01-16 03:29:01',0,NULL,NULL),(806,'မီးသတ်တပ်ကြပ်',NULL,NULL,0,NULL,'2025-01-16 03:29:02','2025-01-16 03:29:02',0,NULL,NULL),(807,'မီးသတ်ဒု-တပ်ကြပ်',NULL,NULL,0,NULL,'2025-01-16 03:29:02','2025-01-16 03:29:02',0,NULL,NULL),(808,'အကျဉ်းထောင်တပ်ကြပ်',NULL,NULL,0,NULL,'2025-01-16 03:29:02','2025-01-16 03:29:02',0,NULL,NULL),(809,'အကျဉ်းထောင်ဒု-တပ်ကြပ်',NULL,NULL,0,NULL,'2025-01-16 03:29:02','2025-01-16 03:29:02',0,NULL,NULL),(810,'လ/ထရုံပိုင်',NULL,NULL,0,NULL,'2025-01-16 03:29:02','2025-01-16 03:29:02',0,NULL,NULL),(811,'မူလတန်းကျောင်းအုပ်',NULL,NULL,0,NULL,'2025-01-16 03:29:02','2025-01-16 03:29:02',0,NULL,NULL),(812,'အထက်တန်းပြ',NULL,NULL,0,NULL,'2025-01-16 03:29:02','2025-01-16 03:29:02',0,NULL,NULL),(813,'အလယ်တန်းပြ',NULL,NULL,0,NULL,'2025-01-16 03:29:02','2025-01-16 03:29:02',0,NULL,NULL),(814,'မူလတန်းပြ',NULL,NULL,0,NULL,'2025-01-16 03:29:02','2025-01-16 03:29:02',0,NULL,NULL),(815,'သရုပ်ပြ',NULL,NULL,0,NULL,'2025-01-16 03:29:02','2025-01-16 03:29:02',0,NULL,NULL),(816,'နည်းပြ',NULL,NULL,0,NULL,'2025-01-16 03:29:02','2025-01-16 03:29:02',0,NULL,NULL),(817,'နည်းပြစက်မှု',NULL,NULL,0,NULL,'2025-01-16 03:29:02','2025-01-16 03:29:02',0,NULL,NULL),(818,'လက်ထောက်သုတေသနမှူး',NULL,NULL,0,NULL,'2025-01-16 03:29:02','2025-01-16 03:29:02',0,NULL,NULL),(819,'လုပ်သား',NULL,NULL,0,NULL,'2025-01-16 03:29:02','2025-01-16 03:29:02',0,NULL,NULL),(820,'ထုတ်လုပ်ရေးကျွမ်းကျင်(၅)',NULL,NULL,0,NULL,'2025-01-16 03:29:02','2025-01-16 03:29:02',0,NULL,NULL),(821,'ပုံသေ',NULL,NULL,0,NULL,'2025-01-16 03:29:02','2025-01-16 03:29:02',0,NULL,NULL),(822,'လုပ်သားအထွေထွေ',NULL,NULL,0,NULL,'2025-01-16 03:29:02','2025-01-16 03:29:02',0,NULL,NULL),(823,'ထုတ်လုပ်ရေးကျွမ်းကျင်(၄)',NULL,NULL,0,NULL,'2025-01-16 03:29:02','2025-01-16 03:29:02',0,NULL,NULL),(824,'လုံခြုံရေး(၄)',NULL,NULL,0,NULL,'2025-01-16 03:29:02','2025-01-16 03:29:02',0,NULL,NULL),(825,'လုံခြုံရေး(၃)',NULL,NULL,0,NULL,'2025-01-16 03:29:02','2025-01-16 03:29:02',0,NULL,NULL),(826,'ထုတ်လုပ်ရေးကျွမ်းကျင်(၃)',NULL,NULL,0,NULL,'2025-01-16 03:29:02','2025-01-16 03:29:02',0,NULL,NULL),(827,'လျှပ်စစ်ကျွမ်းကျင်(၄)',NULL,NULL,0,NULL,'2025-01-16 03:29:02','2025-01-16 03:29:02',0,NULL,NULL),(828,'အလုပ်ရုံစိတ်မှူး(ကုန်ထုတ်)',NULL,NULL,0,NULL,'2025-01-16 03:29:02','2025-01-16 03:29:02',0,NULL,NULL),(829,'ဒုတိယကြီးကြပ်ရေးမှူး',NULL,NULL,0,NULL,'2025-01-16 03:29:02','2025-01-16 03:29:02',0,NULL,NULL),(830,'လ/ထဆရာမ',NULL,NULL,0,NULL,'2025-01-16 03:29:02','2025-01-16 03:29:02',0,NULL,NULL),(831,'သရုပ်ပြ(စက်မှု)',NULL,NULL,0,NULL,'2025-01-16 03:29:02','2025-01-16 03:29:02',0,NULL,NULL),(832,'လက်ထောက်စက်ရုံမှူး',NULL,NULL,0,NULL,'2025-01-16 03:29:02','2025-01-16 03:29:02',0,NULL,NULL),(833,'စာရေးအဆင့်(၁)',NULL,NULL,0,NULL,'2025-01-16 03:29:02','2025-01-16 03:29:02',0,NULL,NULL),(834,'စာရေးအဆင့်(၂)',NULL,NULL,0,NULL,'2025-01-16 03:29:02','2025-01-16 03:29:02',0,NULL,NULL),(835,'စိစစ်ရေးမှူး(၂)',NULL,NULL,0,NULL,'2025-01-16 03:29:02','2025-01-16 03:29:02',0,NULL,NULL),(836,'ဌာနခွဲမှူး',NULL,NULL,0,NULL,'2025-01-16 03:29:02','2025-01-16 03:29:02',0,NULL,NULL),(837,'စီမံ(စီးပွား)အဆင့်(၅)',NULL,NULL,0,NULL,'2025-01-16 03:29:02','2025-01-16 03:29:02',0,NULL,NULL),(838,'စီမံ(စီးပွား)အဆင့်(၁)',NULL,NULL,0,NULL,'2025-01-16 03:29:02','2025-01-16 03:29:02',0,NULL,NULL),(839,'စီမံ(စီးပွား)အဆင့်(၂)',NULL,NULL,0,NULL,'2025-01-16 03:29:02','2025-01-16 03:29:02',0,NULL,NULL),(840,'စီမံ(စီးပွား)အဆင့်(၃)',NULL,NULL,0,NULL,'2025-01-16 03:29:02','2025-01-16 03:29:02',0,NULL,NULL),(841,'လက်ထောက်စာရင်းအင်းမှူး',NULL,NULL,0,NULL,'2025-01-16 03:29:02','2025-01-16 03:29:02',0,NULL,NULL),(842,'ဒုတိယစာရင်းအင်းမှူး',NULL,NULL,0,NULL,'2025-01-16 03:29:02','2025-01-16 03:29:02',0,NULL,NULL),(843,'ဒု-လ/ထညွှန်ကြားရေးမှူး',NULL,NULL,0,NULL,'2025-01-16 03:29:02','2025-01-16 03:29:02',0,NULL,NULL),(844,'ဆက်သွယ်ရေး(၄)',NULL,NULL,0,NULL,'2025-01-16 03:29:02','2025-01-16 03:29:02',0,NULL,NULL),(845,'ဒု-ပါမောက္ခ',NULL,NULL,0,NULL,'2025-01-16 03:29:02','2025-01-16 03:29:02',0,NULL,NULL),(846,'ခေတ္တညွှန်ကြားရေးမှူးချုပ်',NULL,NULL,0,NULL,'2025-01-16 03:29:02','2025-01-16 03:29:02',0,NULL,NULL),(847,'ဒုဗိုလ်',NULL,NULL,0,NULL,'2025-01-16 03:29:02','2025-01-16 03:29:02',0,NULL,NULL),(848,'ဒုဗိုလ်(တပ်စုမှူး)',NULL,NULL,0,NULL,'2025-01-16 03:29:02','2025-01-16 03:29:02',0,NULL,NULL),(849,'ဗိုလ်',NULL,NULL,0,NULL,'2025-01-16 03:29:02','2025-01-16 03:29:02',0,NULL,NULL),(850,'ဗိုလ်ကြီး',NULL,NULL,0,NULL,'2025-01-16 03:29:02','2025-01-16 03:29:02',0,NULL,NULL),(851,'ဗိုလ်ကြီး၊ တပ်မတော်(ရေ)ဒုစစ်ရေယာဉ်မှူး',NULL,NULL,0,NULL,'2025-01-16 03:29:02','2025-01-16 03:29:02',0,NULL,NULL),(852,'ဒု-လက်ထောက်အထွေထွေမန်နေဂျာ',NULL,NULL,0,NULL,'2025-01-16 03:29:02','2025-01-16 03:29:02',0,NULL,NULL),(853,'ဌာနမှူး',NULL,NULL,0,NULL,'2025-01-16 03:29:02','2025-01-16 03:29:02',0,NULL,NULL),(854,'ယာယီဗိုလ်မှူး',NULL,NULL,0,NULL,'2025-01-16 03:29:02','2025-01-16 03:29:02',0,NULL,NULL),(855,'ဗိုလ်မှူး',NULL,NULL,0,NULL,'2025-01-16 03:29:02','2025-01-16 03:29:02',0,NULL,NULL),(856,'ဒု-အင်ဂျင်နီယာချုပ်',NULL,NULL,0,NULL,'2025-01-16 03:29:02','2025-01-16 03:29:02',0,NULL,NULL),(857,'တပ်မတော်(ရေ) ဗိုလ်ကြီး',NULL,NULL,0,NULL,'2025-01-16 03:29:02','2025-01-16 03:29:02',0,NULL,NULL),(858,'စီးပွားရေးသံမှူး',NULL,NULL,0,NULL,'2025-01-16 03:29:02','2025-01-16 03:29:02',0,NULL,NULL),(859,'စာရေးအဆင့်-၁',NULL,NULL,0,NULL,'2025-01-16 03:29:02','2025-01-16 03:29:02',0,NULL,NULL),(860,'စာရေးအဆင့်-၂',NULL,NULL,0,NULL,'2025-01-16 03:29:02','2025-01-16 03:29:02',0,NULL,NULL),(861,'လက်ထောက်စာရင်းအင်းမှူး',NULL,NULL,0,NULL,'2025-01-16 03:29:02','2025-01-16 03:29:02',0,NULL,NULL),(862,'ဒုတိယစာရင်းအင်းမှူး',NULL,NULL,0,NULL,'2025-01-16 03:29:02','2025-01-16 03:29:02',0,NULL,NULL),(863,'ဒု-လ/ထညွှန်ကြားရေးမှူး',NULL,NULL,0,NULL,'2025-01-16 03:29:02','2025-01-16 03:29:02',0,NULL,NULL),(864,'ဒု-ဗိုလ်',NULL,NULL,0,NULL,'2025-01-16 03:29:02','2025-01-16 03:29:02',0,NULL,NULL),(865,'ဒုတိယလက်ထောက်ညွှန်မှူး',NULL,NULL,0,NULL,'2025-01-16 03:29:02','2025-01-16 03:29:02',0,NULL,NULL),(866,'ဗိုလ်လောင်း',NULL,NULL,0,NULL,'2025-01-16 03:29:02','2025-01-16 03:29:02',0,NULL,NULL),(867,'ဓါတ်ခွဲကျွမ်းကျင်',NULL,NULL,0,NULL,'2025-01-16 03:29:02','2025-01-16 03:29:02',0,NULL,NULL),(868,'သုတေသနမှူး',NULL,NULL,0,NULL,'2025-01-16 03:29:02','2025-01-16 03:29:02',0,NULL,NULL),(869,'ဌာနမှူး(စီမံ)',NULL,NULL,0,NULL,'2025-01-16 03:29:02','2025-01-16 03:29:02',0,NULL,NULL),(870,'လက်ထောက်သုတေသနအရာရှိ',NULL,NULL,0,NULL,'2025-01-16 03:29:02','2025-01-16 03:29:02',0,NULL,NULL),(871,'စံပြအင်ဂျင်နီယာဝန်ထမ်းသင်တန်းသား',NULL,NULL,0,NULL,'2025-01-16 03:29:02','2025-01-16 03:29:02',0,NULL,NULL),(872,'ဆသရ-၄',NULL,NULL,0,NULL,'2025-01-16 03:29:02','2025-01-16 03:29:02',0,NULL,NULL),(873,'အငယ်တန်းလ/ထမန်နေဂျာ',NULL,NULL,0,NULL,'2025-01-16 03:29:02','2025-01-16 03:29:02',0,NULL,NULL),(874,'ဌာနစိတ်မန်နေဂျာ',NULL,NULL,0,NULL,'2025-01-16 03:29:02','2025-01-16 03:29:02',0,NULL,NULL),(875,'မြို့နယ်မန်နေဂျာ',NULL,NULL,0,NULL,'2025-01-16 03:29:02','2025-01-16 03:29:02',0,NULL,NULL),(876,'ဒုတိယဗိုလ်မှူးကြီး',NULL,NULL,0,NULL,'2025-01-16 03:29:02','2025-01-16 03:29:02',0,NULL,NULL),(877,'ဗိုလ်မှူးကြီး',NULL,NULL,0,NULL,'2025-01-16 03:29:02','2025-01-16 03:29:02',0,NULL,NULL),(878,'စီမံ(စီးပွား)အဆင့်(၅)',NULL,NULL,0,NULL,'2025-01-16 03:29:02','2025-01-16 03:29:02',0,NULL,NULL),(879,'စီမံ(စီးပွား)အဆင့်(၁)',NULL,NULL,0,NULL,'2025-01-16 03:29:02','2025-01-16 03:29:02',0,NULL,NULL),(880,'စီမံ(စီးပွား)အဆင့်(၃)',NULL,NULL,0,NULL,'2025-01-16 03:29:02','2025-01-16 03:29:02',0,NULL,NULL),(881,'ကျွမ်းကျင်အဆင့်(၄)',2,10,NULL,NULL,'2025-01-16 03:33:48','2025-01-16 03:33:48',0,NULL,NULL),(882,'ကျွမ်းကျင်အဆင့်(၆)',2,10,NULL,NULL,'2025-01-16 03:36:00','2025-01-16 03:36:00',0,NULL,NULL),(883,'ဒုတိယဗိုလ်မှ ဗိုလ်ကြီးထိ',2,NULL,NULL,NULL,'2025-01-21 23:05:55','2025-01-21 23:05:55',0,NULL,NULL),(884,'ဒုတိယဗိုလ်မှ ဗိုလ်ကြီးထိ',NULL,NULL,NULL,NULL,'2025-01-21 23:07:57','2025-01-21 23:07:57',0,NULL,NULL),(885,'ဗိုလ်လောင်းမှဗိုလ်ကြီး',NULL,NULL,NULL,NULL,'2025-01-22 02:04:14','2025-01-22 02:04:14',0,NULL,NULL),(886,'ဆက်သွယ်ရေးအဆင့်(၃)',2,NULL,NULL,NULL,'2025-01-22 02:16:00','2025-01-22 02:16:00',0,NULL,NULL),(887,'ဒုတိယစီမံကိန်းမှူး',2,8,NULL,NULL,'2025-01-22 02:17:35','2025-01-22 02:17:35',0,NULL,NULL),(888,'ဓာတ်ခွဲကျွမ်းကျင်',NULL,NULL,NULL,NULL,'2025-01-22 02:42:31','2025-01-22 02:42:31',0,NULL,NULL),(889,'သုတေသန (ကထိက)',1,5,NULL,NULL,'2025-01-22 02:44:43','2025-01-22 02:44:43',0,NULL,NULL),(890,'မော်ကွန်းထိန်း (ဒုတိယပါမောက္ခ)',1,4,NULL,NULL,'2025-01-22 02:46:55','2025-01-22 02:46:55',0,NULL,NULL),(891,'ဌာနမှူး(စီမံ)',NULL,NULL,NULL,NULL,'2025-01-22 02:50:24','2025-01-22 02:50:24',0,NULL,NULL),(892,'ကထိက (တွဲဖက်ပါမောက္ခ)',NULL,NULL,NULL,NULL,'2025-01-22 02:51:46','2025-01-22 02:51:46',0,NULL,NULL),(893,'ဝန်ထမ်းသင်တန်းသား',NULL,NULL,NULL,NULL,'2025-01-22 02:53:56','2025-01-22 02:53:56',0,NULL,NULL),(894,'အငယ်တန်း လက်ထောက်မန်နေဂျာ',NULL,NULL,NULL,NULL,'2025-01-22 03:00:45','2025-01-22 03:00:45',0,NULL,NULL),(895,'အဖွဲ့ခွဲမှူး',1,6,NULL,NULL,'2025-01-22 03:06:47','2025-01-22 03:06:47',0,NULL,NULL),(896,'ဒုဗိုလ်(တပ်စုမှူး)မှ ဗိုလ်မှူး(တပ်ခွဲမှူး)',1,NULL,NULL,NULL,'2025-02-05 01:16:15','2025-02-05 01:16:15',0,NULL,NULL),(897,'ညွှန်ကြားရေးမှူးချုပ်(ခေတ္တ )',1,1,NULL,NULL,'2025-02-05 01:38:13','2025-02-05 01:38:13',0,NULL,NULL),(898,'သုတေသန(ကထိက)',1,3,NULL,NULL,'2025-02-28 02:34:23','2025-02-28 02:34:23',0,NULL,NULL);
/*!40000 ALTER TABLE `ranks` ENABLE KEYS */;
UNLOCK TABLES;

--
-- Table structure for table `recommendations`
--

DROP TABLE IF EXISTS `recommendations`;
/*!40101 SET @saved_cs_client     = @@character_set_client */;
/*!50503 SET character_set_client = utf8mb4 */;
CREATE TABLE `recommendations` (
  `id` bigint unsigned NOT NULL AUTO_INCREMENT,
  `staff_id` bigint unsigned DEFAULT NULL,
  `recommend_by` varchar(255) CHARACTER SET utf8mb4 COLLATE utf8mb4_unicode_ci NOT NULL,
  `created_at` timestamp NULL DEFAULT NULL,
  `updated_at` timestamp NULL DEFAULT NULL,
  PRIMARY KEY (`id`),
  KEY `recommendations_staff_id_foreign` (`staff_id`),
  CONSTRAINT `recommendations_staff_id_foreign` FOREIGN KEY (`staff_id`) REFERENCES `staff` (`id`) ON DELETE CASCADE
) ENGINE=InnoDB AUTO_INCREMENT=49 DEFAULT CHARSET=utf8mb4 COLLATE=utf8mb4_unicode_ci;
/*!40101 SET character_set_client = @saved_cs_client */;

--
-- Dumping data for table `recommendations`
--

LOCK TABLES `recommendations` WRITE;
/*!40000 ALTER TABLE `recommendations` DISABLE KEYS */;
INSERT INTO `recommendations` VALUES (23,21,'ဦးသန့်စင်လွင်','2024-12-12 22:29:38','2024-12-12 22:29:38'),(33,7,'ပြည်ထောင်စုဝန်ကြီး','2024-12-13 03:13:14','2024-12-13 03:13:14'),(35,25,'ဒုတိယဗိုလ်ချုပ်ကြီး အောင်ရဲကျော်(ငြိမ်း)','2024-12-15 21:23:48','2024-12-15 21:23:48'),(37,30,'ဒေါက်တာသန်းသန်းဝင်း၊ ဒုတိယပါမောက္ခချုပ်၊ ပြည်တက္ကသိုလ်(ငြိမ်း)၊ပညာရေးဝန်ကြီးဌာန','2024-12-16 02:15:52','2025-02-26 01:45:51'),(40,35,'ဗိုလ်ကြီး ဦးရဲဘုန်းမြင့်‌အောင် (ခ) ဦးရဲခေါင်၊ ကာကွယ်ရေး ဝန်ကြီးဌာန၊တပ်မတော်(လေ) ','2025-01-15 02:41:18','2025-01-15 02:41:18'),(41,51,'မရှိပါ။','2025-01-24 02:41:04','2025-01-24 02:41:04'),(43,55,'ညွှန်ကြားရေးမှူးချုပ်','2025-02-13 22:44:09','2025-02-13 22:44:09'),(44,56,'ဦးမင်းဇော်ဦး၊ ဒုတိယညွှန်ကြားရေးမှူးချုပ်','2025-02-14 00:32:51','2025-02-14 00:32:51');
/*!40000 ALTER TABLE `recommendations` ENABLE KEYS */;
UNLOCK TABLES;

--
-- Table structure for table `regions`
--

DROP TABLE IF EXISTS `regions`;
/*!40101 SET @saved_cs_client     = @@character_set_client */;
/*!50503 SET character_set_client = utf8mb4 */;
CREATE TABLE `regions` (
  `id` bigint unsigned NOT NULL AUTO_INCREMENT,
  `name` varchar(255) CHARACTER SET utf8mb4 COLLATE utf8mb4_unicode_ci NOT NULL,
  `created_at` timestamp NULL DEFAULT NULL,
  `updated_at` timestamp NULL DEFAULT NULL,
  PRIMARY KEY (`id`)
) ENGINE=InnoDB AUTO_INCREMENT=16 DEFAULT CHARSET=utf8mb4 COLLATE=utf8mb4_unicode_ci;
/*!40101 SET character_set_client = @saved_cs_client */;

--
-- Dumping data for table `regions`
--

LOCK TABLES `regions` WRITE;
/*!40000 ALTER TABLE `regions` DISABLE KEYS */;
INSERT INTO `regions` VALUES (1,'နေပြည်တော်','2024-12-12 22:33:18','2024-12-12 22:33:18'),(2,'ကချင်ပြည်နယ်','2024-12-12 22:33:18','2024-12-12 22:33:18'),(3,'ကယားပြည်နယ်','2024-12-12 22:33:18','2024-12-12 22:33:18'),(4,'ကရင်ပြည်နယ်','2024-12-12 22:33:18','2024-12-12 22:33:18'),(5,'ချင်းပြည်နယ်','2024-12-12 22:33:18','2024-12-12 22:33:18'),(6,'စစ်ကိုင်းတိုင်း','2024-12-12 22:33:18','2024-12-12 22:33:18'),(7,'တနင်္သာရီတိုင်း','2024-12-12 22:33:19','2024-12-12 22:33:19'),(8,'ပဲခူးတိုင်း','2024-12-12 22:33:19','2024-12-12 22:33:19'),(9,'မကွေးတိုင်း','2024-12-12 22:33:19','2024-12-12 22:33:19'),(10,'မန္တလေးတိုင်း','2024-12-12 22:33:19','2024-12-12 22:33:19'),(11,'မွန်ပြည်နယ်','2024-12-12 22:33:19','2024-12-12 22:33:19'),(12,'ရခိုင်ပြည်နယ်','2024-12-12 22:33:19','2024-12-12 22:33:19'),(13,'ရန်ကုန်တိုင်း','2024-12-12 22:33:19','2024-12-12 22:33:19'),(14,'ရှမ်းပြည်နယ်','2024-12-12 22:33:19','2024-12-12 22:33:19'),(15,'ဧရာဝတီတိုင်း','2024-12-12 22:33:20','2024-12-12 22:33:20');
/*!40000 ALTER TABLE `regions` ENABLE KEYS */;
UNLOCK TABLES;

--
-- Table structure for table `relation_ship_types`
--

DROP TABLE IF EXISTS `relation_ship_types`;
/*!40101 SET @saved_cs_client     = @@character_set_client */;
/*!50503 SET character_set_client = utf8mb4 */;
CREATE TABLE `relation_ship_types` (
  `id` bigint unsigned NOT NULL AUTO_INCREMENT,
  `name` varchar(255) COLLATE utf8mb4_unicode_ci NOT NULL,
  `created_at` timestamp NULL DEFAULT NULL,
  `updated_at` timestamp NULL DEFAULT NULL,
  PRIMARY KEY (`id`)
) ENGINE=InnoDB AUTO_INCREMENT=12 DEFAULT CHARSET=utf8mb4 COLLATE=utf8mb4_unicode_ci;
/*!40101 SET character_set_client = @saved_cs_client */;

--
-- Dumping data for table `relation_ship_types`
--

LOCK TABLES `relation_ship_types` WRITE;
/*!40000 ALTER TABLE `relation_ship_types` DISABLE KEYS */;
INSERT INTO `relation_ship_types` VALUES (1,'Sibling','2025-01-15 20:59:49','2025-01-15 20:59:49'),(2,'Parent','2025-01-15 20:59:49','2025-01-15 20:59:49'),(3,'Spouse','2025-01-15 20:59:49','2025-01-15 20:59:49'),(4,'GrandParents','2025-01-15 20:59:49','2025-01-15 20:59:49'),(5,'Child','2025-01-15 20:59:49','2025-01-15 20:59:49'),(6,'Uncle','2025-01-15 20:59:49','2025-01-15 20:59:49'),(7,'Aunt','2025-01-15 20:59:49','2025-01-15 20:59:49'),(8,'Cousin','2025-01-15 20:59:49','2025-01-15 20:59:49'),(9,'Nephew','2025-01-15 20:59:49','2025-01-15 20:59:49'),(10,'Niece','2025-01-15 20:59:49','2025-01-15 20:59:49'),(11,'GrandChild','2025-01-15 20:59:49','2025-01-15 20:59:49');
/*!40000 ALTER TABLE `relation_ship_types` ENABLE KEYS */;
UNLOCK TABLES;

--
-- Table structure for table `relations`
--

DROP TABLE IF EXISTS `relations`;
/*!40101 SET @saved_cs_client     = @@character_set_client */;
/*!50503 SET character_set_client = utf8mb4 */;
CREATE TABLE `relations` (
  `id` bigint unsigned NOT NULL AUTO_INCREMENT,
  `name` varchar(255) CHARACTER SET utf8mb4 COLLATE utf8mb4_unicode_ci NOT NULL,
  `created_at` timestamp NULL DEFAULT NULL,
  `updated_at` timestamp NULL DEFAULT NULL,
  `relation_ship_type_id` bigint unsigned DEFAULT NULL,
  PRIMARY KEY (`id`),
  KEY `relations_relation_ship_type_id_foreign` (`relation_ship_type_id`),
  CONSTRAINT `relations_relation_ship_type_id_foreign` FOREIGN KEY (`relation_ship_type_id`) REFERENCES `relation_ship_types` (`id`) ON DELETE SET NULL
) ENGINE=InnoDB AUTO_INCREMENT=19 DEFAULT CHARSET=utf8mb4 COLLATE=utf8mb4_unicode_ci;
/*!40101 SET character_set_client = @saved_cs_client */;

--
-- Dumping data for table `relations`
--

LOCK TABLES `relations` WRITE;
/*!40000 ALTER TABLE `relations` DISABLE KEYS */;
INSERT INTO `relations` VALUES (1,'ဇနီး','2025-01-15 21:56:24','2025-01-15 21:56:24',3),(2,'ခင်ပွန်း','2025-01-15 21:56:24','2025-01-15 21:56:24',3),(3,'သား','2025-01-15 21:56:24','2025-01-15 21:56:24',5),(4,'သမီး','2025-01-15 21:56:24','2025-01-15 21:56:24',5),(5,'မိခင်','2025-01-15 21:56:24','2025-01-15 21:56:24',2),(6,'ဖခင်','2025-01-15 21:56:24','2025-01-15 21:56:24',2),(7,'အစ်ကို','2025-01-15 21:56:24','2025-01-15 21:56:24',1),(8,'အစ်မ','2025-01-15 21:56:24','2025-01-15 21:56:24',1),(9,'ညီ','2025-01-15 21:56:24','2025-01-15 21:56:24',1),(10,'မောင်','2025-01-15 21:56:24','2025-01-15 21:56:24',1),(11,'ညီမ','2025-01-15 21:56:24','2025-01-15 21:56:24',1),(12,'ဦးလေး','2025-01-15 21:56:24','2025-01-15 21:56:24',6),(13,'အဒေါ်','2025-01-15 21:56:24','2025-01-15 21:56:24',7),(14,'တူ','2025-01-15 21:56:24','2025-01-15 21:56:24',9),(15,'တူမ','2025-01-15 21:56:24','2025-01-15 21:56:24',10),(16,'အဖိုး','2025-01-15 21:56:24','2025-01-15 21:56:24',4),(17,'အဖွား','2025-01-15 21:56:24','2025-01-15 21:56:24',4),(18,'မြေး','2025-01-15 21:56:24','2025-01-15 21:56:24',11);
/*!40000 ALTER TABLE `relations` ENABLE KEYS */;
UNLOCK TABLES;

--
-- Table structure for table `religions`
--

DROP TABLE IF EXISTS `religions`;
/*!40101 SET @saved_cs_client     = @@character_set_client */;
/*!50503 SET character_set_client = utf8mb4 */;
CREATE TABLE `religions` (
  `id` bigint unsigned NOT NULL AUTO_INCREMENT,
  `name` varchar(255) CHARACTER SET utf8mb4 COLLATE utf8mb4_unicode_ci NOT NULL,
  `created_at` timestamp NULL DEFAULT NULL,
  `updated_at` timestamp NULL DEFAULT NULL,
  PRIMARY KEY (`id`)
) ENGINE=InnoDB AUTO_INCREMENT=6 DEFAULT CHARSET=utf8mb4 COLLATE=utf8mb4_unicode_ci;
/*!40101 SET character_set_client = @saved_cs_client */;

--
-- Dumping data for table `religions`
--

LOCK TABLES `religions` WRITE;
/*!40000 ALTER TABLE `religions` DISABLE KEYS */;
INSERT INTO `religions` VALUES (1,'ဗုဒ္ဓ','2024-12-12 22:33:28','2024-12-12 22:33:28'),(2,'ခရစ်ယာန်','2024-12-12 22:33:28','2024-12-12 22:33:28'),(3,'ဟိန္ဒူ','2024-12-12 22:33:28','2024-12-12 22:33:28'),(4,'အစ္စလာမ်','2024-12-12 22:33:28','2024-12-12 22:33:28'),(5,'အခြား','2024-12-12 22:33:28','2024-12-12 22:33:28');
/*!40000 ALTER TABLE `religions` ENABLE KEYS */;
UNLOCK TABLES;

--
-- Table structure for table `retire_types`
--

DROP TABLE IF EXISTS `retire_types`;
/*!40101 SET @saved_cs_client     = @@character_set_client */;
/*!50503 SET character_set_client = utf8mb4 */;
CREATE TABLE `retire_types` (
  `id` bigint unsigned NOT NULL AUTO_INCREMENT,
  `name` varchar(255) CHARACTER SET utf8mb4 COLLATE utf8mb4_unicode_ci NOT NULL,
  `created_at` timestamp NULL DEFAULT NULL,
  `updated_at` timestamp NULL DEFAULT NULL,
  PRIMARY KEY (`id`)
) ENGINE=InnoDB AUTO_INCREMENT=7 DEFAULT CHARSET=utf8mb4 COLLATE=utf8mb4_unicode_ci;
/*!40101 SET character_set_client = @saved_cs_client */;

--
-- Dumping data for table `retire_types`
--

LOCK TABLES `retire_types` WRITE;
/*!40000 ALTER TABLE `retire_types` DISABLE KEYS */;
INSERT INTO `retire_types` VALUES (1,'သေဆုံး','2024-12-12 22:33:31','2024-12-12 22:33:31'),(2,'နုတ်ထွက်','2024-12-12 22:33:31','2024-12-12 22:33:31'),(3,'ထုတ်ပယ်','2024-12-12 22:33:31','2024-12-12 22:33:31'),(4,'ထုတ်ပစ်','2024-12-12 22:33:31','2024-12-12 22:33:31'),(5,'ပင်စင်','2024-12-12 22:33:31','2024-12-12 22:33:31'),(6,'ပြောင်းရွေ့ထွက်ခွာ','2024-12-12 22:33:31','2024-12-12 22:33:31');
/*!40000 ALTER TABLE `retire_types` ENABLE KEYS */;
UNLOCK TABLES;

--
-- Table structure for table `rewards`
--

DROP TABLE IF EXISTS `rewards`;
/*!40101 SET @saved_cs_client     = @@character_set_client */;
/*!50503 SET character_set_client = utf8mb4 */;
CREATE TABLE `rewards` (
  `id` bigint unsigned NOT NULL AUTO_INCREMENT,
  `name` varchar(255) COLLATE utf8mb4_unicode_ci NOT NULL,
  `staff_id` bigint unsigned DEFAULT NULL,
  `type` varchar(255) COLLATE utf8mb4_unicode_ci NOT NULL,
  `year` varchar(255) COLLATE utf8mb4_unicode_ci NOT NULL,
  `remark` varchar(255) COLLATE utf8mb4_unicode_ci NOT NULL,
  `created_at` timestamp NULL DEFAULT NULL,
  `updated_at` timestamp NULL DEFAULT NULL,
  PRIMARY KEY (`id`),
  KEY `rewards_staff_id_foreign` (`staff_id`),
  CONSTRAINT `rewards_staff_id_foreign` FOREIGN KEY (`staff_id`) REFERENCES `staff` (`id`) ON DELETE CASCADE
) ENGINE=InnoDB DEFAULT CHARSET=utf8mb4 COLLATE=utf8mb4_unicode_ci;
/*!40101 SET character_set_client = @saved_cs_client */;

--
-- Dumping data for table `rewards`
--

LOCK TABLES `rewards` WRITE;
/*!40000 ALTER TABLE `rewards` DISABLE KEYS */;
/*!40000 ALTER TABLE `rewards` ENABLE KEYS */;
UNLOCK TABLES;

--
-- Table structure for table `role_permissions`
--

DROP TABLE IF EXISTS `role_permissions`;
/*!40101 SET @saved_cs_client     = @@character_set_client */;
/*!50503 SET character_set_client = utf8mb4 */;
CREATE TABLE `role_permissions` (
  `id` bigint unsigned NOT NULL AUTO_INCREMENT,
  `role_id` bigint unsigned DEFAULT NULL,
  `permission_id` bigint unsigned DEFAULT NULL,
  `created_at` timestamp NULL DEFAULT NULL,
  `updated_at` timestamp NULL DEFAULT NULL,
  PRIMARY KEY (`id`),
  KEY `role_permissions_role_id_foreign` (`role_id`),
  KEY `role_permissions_permission_id_foreign` (`permission_id`),
  CONSTRAINT `role_permissions_permission_id_foreign` FOREIGN KEY (`permission_id`) REFERENCES `permissions` (`id`) ON DELETE SET NULL,
  CONSTRAINT `role_permissions_role_id_foreign` FOREIGN KEY (`role_id`) REFERENCES `roles` (`id`) ON DELETE SET NULL
) ENGINE=InnoDB DEFAULT CHARSET=utf8mb4 COLLATE=utf8mb4_unicode_ci;
/*!40101 SET character_set_client = @saved_cs_client */;

--
-- Dumping data for table `role_permissions`
--

LOCK TABLES `role_permissions` WRITE;
/*!40000 ALTER TABLE `role_permissions` DISABLE KEYS */;
/*!40000 ALTER TABLE `role_permissions` ENABLE KEYS */;
UNLOCK TABLES;

--
-- Table structure for table `roles`
--

DROP TABLE IF EXISTS `roles`;
/*!40101 SET @saved_cs_client     = @@character_set_client */;
/*!50503 SET character_set_client = utf8mb4 */;
CREATE TABLE `roles` (
  `id` bigint unsigned NOT NULL AUTO_INCREMENT,
  `name` varchar(255) CHARACTER SET utf8mb4 COLLATE utf8mb4_unicode_ci NOT NULL,
  `created_at` timestamp NULL DEFAULT NULL,
  `updated_at` timestamp NULL DEFAULT NULL,
  PRIMARY KEY (`id`)
) ENGINE=InnoDB AUTO_INCREMENT=6 DEFAULT CHARSET=utf8mb4 COLLATE=utf8mb4_unicode_ci;
/*!40101 SET character_set_client = @saved_cs_client */;

--
-- Dumping data for table `roles`
--

LOCK TABLES `roles` WRITE;
/*!40000 ALTER TABLE `roles` DISABLE KEYS */;
INSERT INTO `roles` VALUES (1,'Super Admin',NULL,NULL),(2,'HR',NULL,NULL),(3,'Finance',NULL,NULL),(4,'HR User',NULL,NULL),(5,'Finance User',NULL,NULL);
/*!40000 ALTER TABLE `roles` ENABLE KEYS */;
UNLOCK TABLES;

--
-- Table structure for table `salaries`
--

DROP TABLE IF EXISTS `salaries`;
/*!40101 SET @saved_cs_client     = @@character_set_client */;
/*!50503 SET character_set_client = utf8mb4 */;
CREATE TABLE `salaries` (
  `id` bigint unsigned NOT NULL AUTO_INCREMENT,
  `staff_id` bigint unsigned DEFAULT NULL,
  `rank_id` bigint unsigned DEFAULT NULL,
  `salary_month` date DEFAULT NULL,
  `current_salary` int DEFAULT NULL,
  `current_salary_day` date DEFAULT NULL,
  `previous_salary_before_increment` int DEFAULT NULL,
  `previous_salary_before_increment_day` date DEFAULT NULL,
  `previous_salary_before_promotion` int DEFAULT NULL,
  `previous_salary_before_promotion_day` date DEFAULT NULL,
  `addition` int DEFAULT NULL,
  `addition_education` int DEFAULT NULL,
  `addition_ration` int DEFAULT NULL,
  `deduction` int DEFAULT NULL,
  `deduction_insurance` int DEFAULT NULL,
  `deduction_tax` int DEFAULT NULL,
  `actual_salary` int DEFAULT NULL,
  `created_at` timestamp NULL DEFAULT NULL,
  `updated_at` timestamp NULL DEFAULT NULL,
  PRIMARY KEY (`id`)
) ENGINE=InnoDB DEFAULT CHARSET=utf8mb4 COLLATE=utf8mb4_unicode_ci;
/*!40101 SET character_set_client = @saved_cs_client */;

--
-- Dumping data for table `salaries`
--

LOCK TABLES `salaries` WRITE;
/*!40000 ALTER TABLE `salaries` DISABLE KEYS */;
/*!40000 ALTER TABLE `salaries` ENABLE KEYS */;
UNLOCK TABLES;

--
-- Table structure for table `schools`
--

DROP TABLE IF EXISTS `schools`;
/*!40101 SET @saved_cs_client     = @@character_set_client */;
/*!50503 SET character_set_client = utf8mb4 */;
CREATE TABLE `schools` (
  `id` bigint unsigned NOT NULL AUTO_INCREMENT,
  `staff_id` bigint unsigned DEFAULT NULL,
  `education_group_id` bigint unsigned DEFAULT NULL,
  `education_type_id` bigint unsigned DEFAULT NULL,
  `school_name` varchar(255) CHARACTER SET utf8mb4 COLLATE utf8mb4_unicode_ci NOT NULL,
  `town` varchar(255) CHARACTER SET utf8mb4 COLLATE utf8mb4_unicode_ci NOT NULL,
  `from_date` varchar(255) COLLATE utf8mb4_unicode_ci DEFAULT NULL,
  `to_date` varchar(255) COLLATE utf8mb4_unicode_ci DEFAULT NULL,
  `remark` varchar(255) CHARACTER SET utf8mb4 COLLATE utf8mb4_unicode_ci DEFAULT NULL,
  `created_at` timestamp NULL DEFAULT NULL,
  `updated_at` timestamp NULL DEFAULT NULL,
  `education` varchar(255) COLLATE utf8mb4_unicode_ci DEFAULT NULL,
  PRIMARY KEY (`id`),
  KEY `schools_staff_id_foreign` (`staff_id`),
  KEY `schools_education_group_id_foreign` (`education_group_id`),
  KEY `schools_education_type_id_foreign` (`education_type_id`),
  CONSTRAINT `schools_education_group_id_foreign` FOREIGN KEY (`education_group_id`) REFERENCES `education_groups` (`id`) ON DELETE SET NULL,
  CONSTRAINT `schools_education_type_id_foreign` FOREIGN KEY (`education_type_id`) REFERENCES `education_types` (`id`) ON DELETE SET NULL,
  CONSTRAINT `schools_staff_id_foreign` FOREIGN KEY (`staff_id`) REFERENCES `staff` (`id`) ON DELETE CASCADE
) ENGINE=InnoDB AUTO_INCREMENT=465 DEFAULT CHARSET=utf8mb4 COLLATE=utf8mb4_unicode_ci;
/*!40101 SET character_set_client = @saved_cs_client */;

--
-- Dumping data for table `schools`
--

LOCK TABLES `schools` WRITE;
/*!40000 ALTER TABLE `schools` DISABLE KEYS */;
INSERT INTO `schools` VALUES (217,7,8,16,'ပညာရေးတက္ကသိုလ်လေ့ကျင့်ရေးကျောင်း ','ကမာရွတ်','၁၉၇၁','၁၉၈၂','','2024-12-10 23:37:11','2025-02-23 22:43:51','မူလတန်းမှ အထက်တန်းအထိ'),(255,21,1,1,'အ.မ.က(၁၇)၊ဗဟန်း','ရန်ကုန်','1978-06-01','1983-02-18','-','2024-12-12 23:10:47','2024-12-12 23:10:47',NULL),(256,21,1,2,'အ.ထ.က(၁)၊ဗဟန်း','ရန်ကုန်','1983-06-01','1986-02-21','-','2024-12-12 23:10:47','2024-12-12 23:10:47',NULL),(257,21,1,2,'အ.ထ.က(၃)၊ တောင်ဥက္ကလာ','ရန်ကုန်','1986-06-02','1990-02-23','-','2024-12-12 23:10:47','2024-12-12 23:10:47',NULL),(258,21,1,3,'အ.ထ.က(၁)၊ စမ်းချောင်း','ရန်ကုန်','1990-06-04','1993-03-19','-','2024-12-12 23:10:47','2024-12-12 23:10:47',NULL),(259,21,2,4,'အဝေးသင်တက္ကသိုလ်','ရန်ကုန်','1994-10-10','1995-11-17','-','2024-12-12 23:10:47','2024-12-12 23:10:47',NULL),(332,8,1,1,'အမက (၂)၊ ပင်လုံမြို့','ပင်လုံမြို့ ','2024-12-04','2024-12-04','-','2024-12-16 01:17:03','2024-12-16 01:17:03',NULL),(333,8,1,2,'အလက (၁)၊ ပင်လုံမြို့','ပင်လုံမြို့','2024-12-04','2024-12-04','-','2024-12-16 01:17:03','2024-12-16 01:17:03',NULL),(334,8,1,3,'အထက (၁)၊ ပင်လုံမြို့','ပင်လုံမြို့ ','2024-12-04','2024-12-04','-','2024-12-16 01:17:03','2024-12-16 01:17:03',NULL),(335,8,1,3,'အထက(၆)၊ရွှေပေါက်ကံ ','ရန်ကုန်မြို့','2024-12-04','2024-12-04','-','2024-12-16 01:17:03','2024-12-16 01:17:03',NULL),(336,8,2,6,'စစ်တက္ကသိုလ်','ပြင်ဦးလွင်မြို့','2024-12-04','2024-12-04','-','2024-12-16 01:17:03','2024-12-16 01:17:03',NULL),(337,8,4,13,'National University of Singapore','စင်္ကာပူသမ္မတနိုင်ငံ','2024-12-04','2024-12-04','-','2024-12-16 01:17:03','2024-12-16 01:17:03',NULL),(338,8,4,18,'University of Thai Chamber of Commerce (UTCC)    ','ထိုင်းနိုင်ငံ','2024-12-04','2024-12-04','-','2024-12-16 01:17:03','2024-12-16 01:17:03',NULL),(339,8,4,9,'နိုင်ငံတော်ကာကွယ်ရေး တက္ကသိုလ်','နေပြည်တော်','2024-12-04','2024-12-04','-','2024-12-16 01:17:03','2024-12-16 01:17:03',NULL),(340,8,7,17,'ရန်ကုန်တက္ကသိုလ်','ရန်ကုန်','2017-06-01','2018-04-06','-','2024-12-16 01:17:03','2024-12-16 01:17:03',NULL),(365,33,1,1,'အမက၊ မကျီးဘုတ်ရွာ၊ မြောင်မြိုနယ်','စစ်ကိုင်းတိုင်း','၁၉၈၃','၁၉၈၈ ','','2025-01-10 23:30:00','2025-01-10 23:30:00',NULL),(366,33,1,3,'အထက၊ ချောင်ဦးမြို့','စစ်ကိုင်းတိုင်း','၁၉၈၈','၁၉၉၅','','2025-01-10 23:30:00','2025-01-10 23:30:00',NULL),(367,33,3,4,'မန္တလေး တက္ကသိုလ်','မန္တလေး','၁၉၉၆','၂၀၀၄','','2025-01-10 23:30:00','2025-01-10 23:30:00',NULL),(368,33,4,9,'မန္တလေး တက္ကသိုလ်','မန္တလေး','၁၉၉၉','၂၀၀၄','','2025-01-10 23:30:00','2025-01-10 23:30:00',NULL),(369,33,4,9,'ရန်ကုန် စီးပွားရေး တက္ကသိုလ်','ရန်ကုန်','၂၀၁၆','၂၀၂၀','','2025-01-10 23:30:00','2025-01-10 23:30:00',NULL),(370,33,7,27,'စင်္ကာပူအမျိုးသားတက္ကသိုလ်','စင်္ကာပူနိုင်ငံ','၂၀၀၉','၂၀၀၉','','2025-01-10 23:30:00','2025-01-10 23:30:00',NULL),(371,33,7,16,'စစ်ကိုင်းတက္ကသိုလ်','စစ်ကိုင်းတိုင်း','၂၀၀၈','၂၀၀၈','','2025-01-10 23:30:00','2025-01-10 23:30:00',NULL),(390,34,1,1,'အ.မ.က(၅)ဒဂုံ၊ ','ရန်ကုန်','၁၉၇၆','၁၉၈၁','','2025-01-13 23:14:51','2025-01-15 23:00:00',NULL),(391,34,1,36,'အ.ထ.က(၂)လသာ၊ ','ရန်ကုန်','၁၉၈၁','၁၉၈၅','','2025-01-13 23:14:51','2025-01-15 23:00:00',NULL),(393,34,2,10,'ရန်ကုန်တက္ကသိုလ် ၊ ကြည့်မြင်တိုင်နယ်မြေ ','ရန်ကုန်','၁၉၈၇','၁၉၉၂','','2025-01-13 23:14:51','2025-01-13 23:14:51',NULL),(394,34,4,10,'Hiroshima University, Japan ','ဂျပန်','၂၀၀၃','၂၀၀၅','','2025-01-13 23:14:51','2025-01-13 23:14:51',NULL),(395,34,7,17,' ရန်ကုန်တက္ကသိုလ် ','ရန်ကုန်','၂၀၁၆','၂၀၁၇','','2025-01-13 23:14:51','2025-01-13 23:14:51',NULL),(396,35,1,1,'အမက ခလရ(၃၇)၊မြစ်ကြီးနား','မြစ်ကြီးနား','၁၉၈၅','၁၉၉၁','','2025-01-16 02:32:52','2025-01-16 02:32:52',NULL),(397,35,1,36,'အထက(၂)၊ရွှေဘို','ရွှေဘို','၁၉၉၃','၁၉၉၆','','2025-01-16 02:32:52','2025-01-16 02:32:52',NULL),(398,35,2,34,'ရန်ကုန်နည်းပညာတက္ကသိုလ်','ရန်ကုန်တိုင်း','၁၉၉၈','၂၀၀၀','','2025-01-16 02:32:52','2025-01-16 02:32:52',NULL),(399,35,4,38,'မန္တလေးနည်းပညာတက္ကသိုလ်','မန္တလေးတိုင်း','၂၀၀၂','၂၀၀၃','','2025-01-16 02:32:52','2025-01-16 02:32:52',NULL),(400,35,5,14,'ရန်ကုန်နည်းပညာတက္ကသိုလ်','ရန်ကုန်တိုင်း','၂၀၀၆','၂၀၀၈','','2025-01-16 02:32:52','2025-01-16 02:32:52',NULL),(401,50,1,20,'အမက(၁၈)ဒဂုံမြို့သစ်(မြောက်ပိုင်း)','ရန်ကုန်','၁၉၉၃','၁၉၉၈','','2025-01-22 01:33:29','2025-01-22 01:33:29',NULL),(402,50,1,28,'ပညာရေးတက္ကသိုလ်လေ့ကျင့်ရေးအထက်တန်းကျောင်း (ကမာရွတ်)','ရန်ကုန်','၁၉၉၉','၂၀၀၄','','2025-01-22 01:33:29','2025-01-22 01:44:18',NULL),(403,50,2,10,'စစ်တက္ကသိုလ်','ပြင်ဦးလွင်','၂၀၀၄','၂၀၀၇','','2025-01-22 01:33:29','2025-01-22 01:33:29',NULL),(404,7,3,1,'ရန်ကုန်တက္ကသိုလ်','ရန်ကုန်မြို့','၁၉၈၂','၁၉၈၄','','2025-01-24 02:36:34','2025-02-23 22:03:03','B.A(History)'),(405,7,2,4,'ရန်ကုန်စီးပွားရေးတက္ကသိုလ်','ရန်ကုန်မြို့','၂၀၁၇','၂၀၁၉','','2025-01-24 02:36:34','2025-02-23 22:03:03','Master of Development Studies (EMDevS)'),(406,54,8,12,'အမကချောင်းကျိုး','ပေါက်ခေါင်း','၁၉၉၃','၁၉၉၈ ','','2025-01-28 02:42:10','2025-02-25 02:29:01','မူလတန်း'),(409,54,8,17,'အထက(တောင်လည်)','ပေါက်ခေါင်း','၁၉၉၈ ','၂၀၀၃','','2025-01-30 02:32:49','2025-02-26 01:37:58','အလယ်တန်းမှ အထက်တန်း'),(410,54,3,1,'ပြည်တက္ကသိုလ်','ပြည်မြို့','၂၀၀၄','၂၀၀၈','','2025-01-30 02:32:50','2025-02-25 02:29:01','B.A (Geo)'),(411,54,4,6,'ရန်ကုန်တက္ကသိုလ်','ရန်ကုန်','၂၀၁၅','၂၀၁၆','','2025-01-30 02:32:50','2025-02-25 02:29:01','PGDCA'),(412,56,8,12,'အမက၊မကျည်းဘုတ်','မြောင်မြို့နယ်၊မကျည်းဘုတ်','၁၉၉၀','၁၉၉၄','','2025-02-14 02:18:32','2025-02-26 01:55:51','မူလတန်း '),(413,56,8,13,'အထက(တွင်းကြီး)','မြောင်မြို့နယ်၊တွင်းကြီးကျေးရွာ','၁၉၉၅','၁၉၉၈','','2025-02-14 02:18:32','2025-02-26 01:55:51','အလယ်တန်း'),(414,56,8,14,'အထက-၃ (မုံရွာ)','(မုံရွာ)','၁၉၉၉','၂၀၀၀','','2025-02-14 02:18:32','2025-02-26 01:55:51','အထက်တန်း'),(415,56,3,2,'မုံရွာတတ္ကသိုလ်','(မုံရွာ)','၂၀၀၁','၂၀၀၃','','2025-02-14 02:18:32','2025-02-26 01:55:51','B.Sc (Botany)'),(416,56,4,6,'ရန်ကုန်တက္ကသိုလ်','ရန်ကုန်မြို့','၁၂-၁၂-၂၀၁၆ ','၂၇-၁၂-၂၀၁၇','','2025-02-14 02:18:32','2025-02-26 01:55:51','Post Graduate Diploma in Computer Application (PGDCA)'),(417,56,4,1,'ရန်ကုန်တက္ကသိုလ်','ရန်ကုန်','၃-၆-၂၀၁၇ ','၁၀-၀၃-၂၀၁၉','','2025-02-14 02:18:32','2025-02-26 01:55:51','Dip English'),(418,56,4,4,'ရန်ကုန်စီးပွားရေးတက္ကသိုလ်','ရန်ကုန်','၉-၇-၂၀၁၈ ','၁၁-၁၀-၂၀၁၉','','2025-02-14 02:18:32','2025-02-26 01:55:51','Diploma in Development Studies(Dip.DS)'),(419,56,8,18,'YUFL(နိုင်ငံခြားဘာသာတက္ကသိုလ်)','ရန်ကုန်','၈-၈-၂၀၂၂  ','၂-၁၂-၂၀၂၂','','2025-02-14 02:18:32','2025-02-26 01:56:50','Certificate of English'),(421,59,8,15,'အ.မ.က(၈)၊သင်္ဃန်းကျွန်းမြို့နယ်','ရန်ကုန်မြို့','၂၀၀၀','၂၀၀၄','','2025-02-24 01:48:21','2025-02-26 02:27:32','မူလတန်းမှ အလယ်တန်းအထိ'),(422,59,8,17,'အ.ထ.က(၁)၊သင်္ဃန်းကျွန်းမြို့နယ်','ရန်ကုန်မြို့','၂၀၀၄','၂၀၁၀','','2025-02-24 01:48:21','2025-02-27 02:18:23','အလယ်တန်းမှ အထက်တန်းအထိ'),(427,55,8,12,' အ-မ-က(၁၆)သင်္ဃန်းကျွန်း','ရန်ကုန်မြို့','၁၉၉၂','၁၉၉၆','','2025-02-26 02:01:22','2025-02-26 02:02:26','မူလတန်း '),(428,55,8,13,'အ-လ-က(၂)သင်္ဃန်းကျွန်း','ရန်ကုန်မြို့','၁၉၉၇','၂၀၀၁','','2025-02-26 02:01:22','2025-02-26 02:02:26','အလယ်တန်း '),(429,55,8,14,'အ-ထ-က သုဝဏ္ဏ','ရန်ကုန်မြို့','၂၀၀၂','၂၀၀၃','','2025-02-26 02:01:22','2025-02-26 02:02:26','အထက်တန်း '),(430,55,8,2,'ဒဂုံတက္ကသိုလ်','အရှေ့ဒဂုံ','၂၀၀၄','၂၀၀၆','','2025-02-26 02:01:22','2025-02-26 02:02:26','B.Sc(Biotechnology)  '),(431,55,4,4,'အုပ်ချုပ်မှုနှင့်ပညာဖွံ့ဖြိုးမှု ဘွဲ့လွန်သင်တန်းကျောင်း(GSAD) ','နေပြည်တော်','၂၀၁၆','၂၀၁၈','','2025-02-26 02:01:22','2025-02-26 02:02:26','Postgraduate of Planning and Practices(Dip. Plan & Pract)'),(432,30,8,16,'ရန်ကုန်ပညာရေးတက္ကသိုလ် လေ့ကျင့်ရေးကျောင်း TTC','ရန်ကုန်မြို့','၁၉၈၉','၂၀၀၀','','2025-02-26 02:02:55','2025-02-26 02:02:55',NULL),(433,30,3,9,'ဆေးဝါးတက္ကသိုလ်(ရန်ကုန်)','ရန်ကုန်မြို့','၂၀၀၁','၂၀၀၅','','2025-02-26 02:02:55','2025-02-26 02:02:55','ဆေးဝါးသိပ္ပံဘွဲ့(B.Pharm)'),(434,30,3,1,'ရန်ကုန်အရှေ့ပိုင်းတက္ကသိုလ်','ရန်ကုန်မြို့','၂၀၀၂','၂၀၀၅','','2025-02-26 02:02:55','2025-02-26 02:02:55','B.A (English)'),(435,30,2,4,'ရန်ကုန်စီးပွားရေးတက္ကသိုလ်','ရန်ကုန်မြို့','၂၀၁၇','၂၀၂၀','','2025-02-26 02:02:55','2025-02-26 02:02:55','ဖွံ့ဖြိုးမှုပညာမဟာဘွဲ့ (EMDevS) '),(436,30,2,4,'University of Thai Chamber of Commerce ','ရန်ကုန်မြို့','၂၀၁၈','၂၀၂၀','','2025-02-26 02:02:55','2025-02-26 02:02:55','စီးပွားရေးစီမံခန့်ခွဲမှုဆိုင်ရာမဟာဘွဲ့(MBA)'),(437,59,3,1,'ဒဂုံတက္ကသိုလ်','ရန်ကုန်','၂၀၁၄','၂၀၂၁','','2025-02-26 02:27:32','2025-02-26 02:27:32','BA(History)'),(440,53,8,12,'အ-မ-က ပေါ်တော်မူကျေးရွာ','ဘိုကလေးမြို့နယ်','၁၉၉၃','၁၉၉၈','','2025-02-27 02:00:44','2025-02-27 02:00:44','မူလတန်း'),(441,53,8,13,'အ-ထ-က မြင်းကကုန်း','ဘိုကလေးမြို့နယ်','၁၉၉၉','၂၀၀၂','','2025-02-27 02:00:44','2025-02-27 02:00:44','အလယ်တန်း'),(442,53,8,14,'အ-ထ-က မြင်းကကုန်း','ဘိုကလေးမြို့နယ်','၂၀၀၃','၂၀၀၅','','2025-02-27 02:00:44','2025-02-27 02:00:44','အထက်တန်း'),(443,53,3,1,'ဒဂုံတက္ကသိုလ်','ရန်ကုန်','၂၀၀၇','၂၀၁၉','','2025-02-27 02:00:44','2025-02-27 02:00:44','B.A (Geog)'),(444,53,4,1,'ရန်ကုန်တက္ကသိုလ်','ရန်ကုန်','၂၀၁၉','၂၀၂၄','','2025-02-27 02:00:44','2025-02-27 02:00:44','Dip.BL'),(448,60,8,15,'ရန်ကင်းပညာရေးကောလိပ်လေ့ကျင့်ရေးအလယ်တန်းကျောင်း','ရန်ကုန်မြို့','၂၀၀၁','၂၀၀၉','','2025-02-27 03:01:06','2025-02-27 23:05:23','မူလတန်းမှ အလယ်တန်းအထိ'),(449,60,8,14,'အထက-၂(ဗဟန်း)','ရန်ကုန်မြို့','၂၀၀၉','၂၀၁၁','','2025-02-27 03:01:06','2025-02-27 03:01:06','အထက်တန်း'),(450,60,3,2,'ဒဂုံတက္ကသိုလ်','ရန်ကုန်မြို့','၂၀၁၂','၂၀၁၇','','2025-02-27 22:53:54','2025-02-27 22:53:54','B.A(Botany)'),(451,57,8,12,'အ.လ.က(၇)၊','ရခိုင်ပြည်နယ်၊စစ်တွေမြို့','၁၉၉၄','၁၉၉၆','','2025-02-27 23:19:30','2025-02-27 23:19:30','မူလတန်း'),(452,57,8,12,'အမက(၅)','ရန်ကင်းမြို့နယ်၊ရန်ကုန်တိုင်းဒေသကြီး','၁၉၉၇','၁၉၉၈','','2025-02-27 23:19:30','2025-02-27 23:19:30','မူလတန်း'),(453,57,8,17,'အ.ထ.က(၃)','မြောက်ဥက္ကလာပမြို့နယ်၊ ရန်ကုန်တိုင်းဒေသကြီး','၁၉၉၉','၂၀၀၄','','2025-02-27 23:19:30','2025-02-27 23:19:30','အလယ်တန်းမှအထက်တန်းထိ'),(455,61,8,16,'အထက(၄)၊ သင်္ဃန်းကျွန်း','ရန်ကုန်မြို့','2008','2018','','2025-02-28 02:16:01','2025-02-28 02:16:01','မူလတန်းမှအထက်တန်းထိ'),(456,61,3,2,'ဒဂုံတက္ကသိုလ်','ရန်ကုန်မြို့','2019','2024','','2025-02-28 02:16:01','2025-02-28 02:16:01','B.SC(Bot)'),(457,62,8,15,'အလက(ဘယ်လင်း)','ကျောက်ဆည်မြို့။','1987','1998','','2025-02-28 03:40:35','2025-02-28 03:40:35','မူလတန်းမှ အလယ်တန်းအထိ'),(458,62,8,14,'အထက(၂) ကျောက်ဆည်','‌ကျောက်ဆည်မြို့။','1998','1999','','2025-02-28 03:40:35','2025-02-28 03:40:35','အထက်တန်း'),(461,62,1,7,'ရန်ကုန်နည်းပညာတက္ကသိုလ်','ရန်ကုန်မြို့။','2004','2006','','2025-03-02 23:06:54','2025-03-02 23:06:54','Ph.D(IT)'),(462,62,3,5,'မန္တလေးနည်းပညာတက္ကသိုလ်','မန္တလေးမြို့။','2001','2002','','2025-03-02 23:07:35','2025-03-02 23:07:35','B.E(IT)'),(463,62,2,5,'ရန်ကုန်နည်းပညာတက္ကသိုလ်','ရန်ကုန်မြို့။','2003','2004','','2025-03-02 23:07:35','2025-03-02 23:07:35','M.E(IT)');
/*!40000 ALTER TABLE `schools` ENABLE KEYS */;
UNLOCK TABLES;

--
-- Table structure for table `sections`
--

DROP TABLE IF EXISTS `sections`;
/*!40101 SET @saved_cs_client     = @@character_set_client */;
/*!50503 SET character_set_client = utf8mb4 */;
CREATE TABLE `sections` (
  `id` bigint unsigned NOT NULL AUTO_INCREMENT,
  `name` varchar(255) CHARACTER SET utf8mb4 COLLATE utf8mb4_unicode_ci NOT NULL,
  `division_id` bigint unsigned DEFAULT NULL,
  `created_at` timestamp NULL DEFAULT NULL,
  `updated_at` timestamp NULL DEFAULT NULL,
  PRIMARY KEY (`id`),
  KEY `sections_division_id_foreign` (`division_id`),
  CONSTRAINT `sections_division_id_foreign` FOREIGN KEY (`division_id`) REFERENCES `divisions` (`id`) ON DELETE SET NULL
) ENGINE=InnoDB AUTO_INCREMENT=12 DEFAULT CHARSET=utf8mb4 COLLATE=utf8mb4_unicode_ci;
/*!40101 SET character_set_client = @saved_cs_client */;

--
-- Dumping data for table `sections`
--

LOCK TABLES `sections` WRITE;
/*!40000 ALTER TABLE `sections` DISABLE KEYS */;
INSERT INTO `sections` VALUES (1,'test',NULL,'2024-12-01 21:33:41','2024-12-01 21:33:41'),(2,'test',NULL,'2024-12-02 02:45:40','2024-12-02 02:45:40'),(3,'test',NULL,'2024-12-02 03:07:53','2024-12-02 03:07:53'),(4,'test',NULL,'2024-12-02 03:09:39','2024-12-02 03:09:39'),(5,'test',NULL,'2024-12-03 02:39:47','2024-12-03 02:39:47'),(6,'test',NULL,'2024-12-03 22:20:27','2024-12-03 22:20:27'),(7,'test',NULL,'2024-12-08 21:36:31','2024-12-08 21:36:31'),(8,'test',NULL,'2024-12-08 21:37:03','2024-12-08 21:37:03'),(9,'test',NULL,'2024-12-10 02:56:34','2024-12-10 02:56:34'),(10,'test',NULL,'2024-12-12 22:19:20','2024-12-12 22:19:20'),(11,'test',NULL,'2024-12-12 22:33:26','2024-12-12 22:33:26');
/*!40000 ALTER TABLE `sections` ENABLE KEYS */;
UNLOCK TABLES;

--
-- Table structure for table `sessions`
--

DROP TABLE IF EXISTS `sessions`;
/*!40101 SET @saved_cs_client     = @@character_set_client */;
/*!50503 SET character_set_client = utf8mb4 */;
CREATE TABLE `sessions` (
  `id` varchar(255) CHARACTER SET utf8mb4 COLLATE utf8mb4_unicode_ci NOT NULL,
  `user_id` bigint unsigned DEFAULT NULL,
  `ip_address` varchar(45) CHARACTER SET utf8mb4 COLLATE utf8mb4_unicode_ci DEFAULT NULL,
  `user_agent` text CHARACTER SET utf8mb4 COLLATE utf8mb4_unicode_ci,
  `payload` longtext CHARACTER SET utf8mb4 COLLATE utf8mb4_unicode_ci NOT NULL,
  `last_activity` int NOT NULL,
  PRIMARY KEY (`id`),
  KEY `1` (`user_id`),
  KEY `sessions_last_activity_index` (`last_activity`),
  CONSTRAINT `1` FOREIGN KEY (`user_id`) REFERENCES `users` (`id`)
) ENGINE=InnoDB DEFAULT CHARSET=utf8mb4 COLLATE=utf8mb4_unicode_ci;
/*!40101 SET character_set_client = @saved_cs_client */;

--
-- Dumping data for table `sessions`
--

LOCK TABLES `sessions` WRITE;
/*!40000 ALTER TABLE `sessions` DISABLE KEYS */;
INSERT INTO `sessions` VALUES ('A8gc9hgGxSfkWd5OhiQ4cqEGhxVYVd8JZi848BAR',1,'172.16.11.107','Mozilla/5.0 (Windows NT 10.0; Win64; x64) AppleWebKit/537.36 (KHTML, like Gecko) Chrome/133.0.0.0 Safari/537.36','YTo0OntzOjY6Il90b2tlbiI7czo0MDoiTXliTndjSTBUV3pZbTJodUFKUm1iSk5VODVYdTdyV3dsOFh2MTNrdyI7czo5OiJfcHJldmlvdXMiO2E6MTp7czozOiJ1cmwiO3M6ODI6Imh0dHA6Ly8xNzIuMTYuMTEuMjUzOjgwODAvZmlsZS9zdGFmZnMvZzQwSEVuVVpkMjN2YU56ZDFiUkMxUGk2Z2R0ZjdKenZDQVpkbDBrQi5qcGciO31zOjY6Il9mbGFzaCI7YToyOntzOjM6Im9sZCI7YTowOnt9czozOiJuZXciO2E6MDp7fX1zOjUwOiJsb2dpbl93ZWJfNTliYTM2YWRkYzJiMmY5NDAxNTgwZjAxNGM3ZjU4ZWE0ZTMwOTg5ZCI7aToxO30=',1740990557),('f6aUrtMzW7AOQAP8XbfHBIWuIi2wJnUnXsMyaeut',1,'172.16.11.106','Mozilla/5.0 (Windows NT 10.0; Win64; x64) AppleWebKit/537.36 (KHTML, like Gecko) Chrome/133.0.0.0 Safari/537.36','YTo0OntzOjY6Il90b2tlbiI7czo0MDoiTzd0eVpXUEU4N0xqQzVKaThlNDZXN2VjVDlIR1JsaHpPMmx6R1NnOCI7czo5OiJfcHJldmlvdXMiO2E6MTp7czozOiJ1cmwiO3M6NDc6Imh0dHA6Ly8xNzIuMTYuMTEuMjUzOjgwODAvcGRmX3N0YWZmX3JlcG9ydDUzLzU1Ijt9czo2OiJfZmxhc2giO2E6Mjp7czozOiJvbGQiO2E6MDp7fXM6MzoibmV3IjthOjA6e319czo1MDoibG9naW5fd2ViXzU5YmEzNmFkZGMyYjJmOTQwMTU4MGYwMTRjN2Y1OGVhNGUzMDk4OWQiO2k6MTt9',1740989257),('sBxtRl8Smirqk0pSI9nnW4pKshH0r9wJTmL44taD',1,'172.16.11.104','Mozilla/5.0 (Windows NT 10.0; Win64; x64) AppleWebKit/537.36 (KHTML, like Gecko) Chrome/133.0.0.0 Safari/537.36','YTo0OntzOjY6Il90b2tlbiI7czo0MDoiblJZV1Vlall5QWNxZEZNWHQ0UmswY2xZUGg5bldhNGRUTDl0WTlwVyI7czo5OiJfcHJldmlvdXMiO2E6MTp7czozOiJ1cmwiO3M6NjY6Imh0dHA6Ly8xNzIuMTYuMTEuMjUzOjgwODAvc3RhZmZfZGV0YWlsLzAvMS82Mi9kZXRhaWxfcGVyc29uYWxfaW5mbyI7fXM6NjoiX2ZsYXNoIjthOjI6e3M6Mzoib2xkIjthOjA6e31zOjM6Im5ldyI7YTowOnt9fXM6NTA6ImxvZ2luX3dlYl81OWJhMzZhZGRjMmIyZjk0MDE1ODBmMDE0YzdmNThlYTRlMzA5ODlkIjtpOjE7fQ==',1740989874),('V2srk8kuzL9anImO0G1vvTMFnr1731pmqCuv7PwX',1,'172.16.11.253','Mozilla/5.0 (X11; Ubuntu; Linux x86_64; rv:135.0) Gecko/20100101 Firefox/135.0','YTo0OntzOjY6Il90b2tlbiI7czo0MDoiNkoyTXNUNDloelRnRkdkbWRlUzRvYW1jcTJyWnkwR3hQNTFmTU9uOSI7czo5OiJfcHJldmlvdXMiO2E6MTp7czozOiJ1cmwiO3M6MzM6Imh0dHA6Ly8xNzIuMTYuMTEuMjUzOjgwODAvc3RhZmYvMSI7fXM6NjoiX2ZsYXNoIjthOjI6e3M6Mzoib2xkIjthOjA6e31zOjM6Im5ldyI7YTowOnt9fXM6NTA6ImxvZ2luX3dlYl81OWJhMzZhZGRjMmIyZjk0MDE1ODBmMDE0YzdmNThlYTRlMzA5ODlkIjtpOjE7fQ==',1740991907),('VStJDd3x8HwGDdCOaLFoKtIkBP5PyIcMRSNxF0x2',1,'172.16.11.102','Mozilla/5.0 (Windows NT 10.0; Win64; x64) AppleWebKit/537.36 (KHTML, like Gecko) Chrome/133.0.0.0 Safari/537.36 Edg/133.0.0.0','YTo0OntzOjY6Il90b2tlbiI7czo0MDoiWG44ZTFQcGY5c3pCdEViRnprazR2elZpa1NFTWthVGRVM2RrZmFFSiI7czo5OiJfcHJldmlvdXMiO2E6MTp7czozOiJ1cmwiO3M6MzI6Imh0dHA6Ly8xNzIuMTYuMTEuMjUzOjgwODAvcmVwb3J0Ijt9czo2OiJfZmxhc2giO2E6Mjp7czozOiJvbGQiO2E6MDp7fXM6MzoibmV3IjthOjA6e319czo1MDoibG9naW5fd2ViXzU5YmEzNmFkZGMyYjJmOTQwMTU4MGYwMTRjN2Y1OGVhNGUzMDk4OWQiO2k6MTt9',1740991676),('W6uo0tNz0YGoj2OTWfVAshyzwDRrobxBxowjNh2d',1,'172.16.11.253','Mozilla/5.0 (X11; Linux x86_64) AppleWebKit/537.36 (KHTML, like Gecko) Chrome/131.0.0.0 Safari/537.36','YTo0OntzOjY6Il90b2tlbiI7czo0MDoiZGxvb04zMERacTdnaEJlbTJpSEF0S1Z4TXJ2YVBYZkVMWTJEUjRUZyI7czo5OiJfcHJldmlvdXMiO2E6MTp7czozOiJ1cmwiO3M6NTg6Imh0dHA6Ly8xNzIuMTYuMTEuMjUzOjgwODAvc3RhZmZfZGV0YWlsLzAvMS83L3BlcnNvbmFsX2luZm8iO31zOjY6Il9mbGFzaCI7YToyOntzOjM6Im9sZCI7YTowOnt9czozOiJuZXciO2E6MDp7fX1zOjUwOiJsb2dpbl93ZWJfNTliYTM2YWRkYzJiMmY5NDAxNTgwZjAxNGM3ZjU4ZWE0ZTMwOTg5ZCI7aToxO30=',1740989488);
/*!40000 ALTER TABLE `sessions` ENABLE KEYS */;
UNLOCK TABLES;

--
-- Table structure for table `siblings`
--

DROP TABLE IF EXISTS `siblings`;
/*!40101 SET @saved_cs_client     = @@character_set_client */;
/*!50503 SET character_set_client = utf8mb4 */;
CREATE TABLE `siblings` (
  `id` bigint unsigned NOT NULL AUTO_INCREMENT,
  `staff_id` bigint unsigned DEFAULT NULL,
  `name` varchar(255) CHARACTER SET utf8mb4 COLLATE utf8mb4_unicode_ci NOT NULL,
  `ethnic_id` bigint unsigned DEFAULT NULL,
  `religion_id` bigint unsigned DEFAULT NULL,
  `gender_id` bigint unsigned DEFAULT NULL,
  `place_of_birth` varchar(255) CHARACTER SET utf8mb4 COLLATE utf8mb4_unicode_ci NOT NULL,
  `occupation` varchar(255) CHARACTER SET utf8mb4 COLLATE utf8mb4_unicode_ci NOT NULL,
  `address` varchar(255) CHARACTER SET utf8mb4 COLLATE utf8mb4_unicode_ci NOT NULL,
  `relation_id` bigint unsigned DEFAULT NULL,
  `created_at` timestamp NULL DEFAULT NULL,
  `updated_at` timestamp NULL DEFAULT NULL,
  PRIMARY KEY (`id`),
  KEY `siblings_staff_id_foreign` (`staff_id`),
  KEY `siblings_ethnic_id_foreign` (`ethnic_id`),
  KEY `siblings_religion_id_foreign` (`religion_id`),
  KEY `siblings_gender_id_foreign` (`gender_id`),
  KEY `siblings_relation_id_foreign` (`relation_id`),
  CONSTRAINT `siblings_ethnic_id_foreign` FOREIGN KEY (`ethnic_id`) REFERENCES `ethnics` (`id`) ON DELETE SET NULL,
  CONSTRAINT `siblings_gender_id_foreign` FOREIGN KEY (`gender_id`) REFERENCES `genders` (`id`) ON DELETE SET NULL,
  CONSTRAINT `siblings_relation_id_foreign` FOREIGN KEY (`relation_id`) REFERENCES `relations` (`id`) ON DELETE SET NULL,
  CONSTRAINT `siblings_religion_id_foreign` FOREIGN KEY (`religion_id`) REFERENCES `religions` (`id`) ON DELETE SET NULL,
  CONSTRAINT `siblings_staff_id_foreign` FOREIGN KEY (`staff_id`) REFERENCES `staff` (`id`) ON DELETE CASCADE
) ENGINE=InnoDB AUTO_INCREMENT=250 DEFAULT CHARSET=utf8mb4 COLLATE=utf8mb4_unicode_ci;
/*!40101 SET character_set_client = @saved_cs_client */;

--
-- Dumping data for table `siblings`
--

LOCK TABLES `siblings` WRITE;
/*!40000 ALTER TABLE `siblings` DISABLE KEYS */;
INSERT INTO `siblings` VALUES (37,8,'ဒေါ်မျိုးပပမျိုး',136,1,1,'အင်းလေး/ ညောင်ရွှေ','Head of Operation မြန်မာနိုင်ငံသားများဘဏ်','အမှတ်၂၉၊ ကျီတော်လမ်း၊ ကျီတော်ရပ်ကွက်၊  မင်္ဂလာတောင်ညွန့် မြို့နယ်၊ရန်ကုန်မြို့။',8,'2024-12-08 22:37:54','2024-12-08 22:37:54'),(38,8,'ဦးမျိုးမင်းလတ်',136,1,1,'အင်းလေး/ ညောင်ရွှေ','Executive, City Mart Holding Co., Ltd','အခန်း 5A ၊အမှတ်၁၅၈၊ မြို့မလမ်း၊ ယမုံနာ (၁) ရပ်ကွက်၊ဒေါပုံမြို့နယ်၊ ရန်ကုန်မြို့',9,'2024-12-08 22:37:54','2024-12-08 22:37:54'),(39,8,'ဦးကျော်မြင့်စိန်',136,1,1,'အင်းလေး/ ညောင်ရွှေ','Executive, City Mart Holding Co., Ltd','အခန်း 5A ၊အမှတ်၁၅၈၊ မြို့မလမ်း၊ ယမုံနာ (၁) ရပ်ကွက်၊ဒေါပုံမြို့နယ်၊ ရန်ကုန်မြို့',9,'2024-12-08 22:37:54','2024-12-08 22:37:54'),(40,8,'ဦးလွင်မျိုးထွေး',136,1,1,'အင်းလေး/ ညောင်ရွှေ','မန်နေဂျာ KBZ Group of Company ','အခန်း ၂၀၊ တိုက် ၉၂-ခ၊ သုနန္ဒာလမ်း၊ ၁၀ ရပ်ကွက်၊ လှိုင်မြို့နယ်၊ ရန်ကုန်မြို့',9,'2024-12-08 22:37:54','2024-12-08 22:37:54'),(117,7,'ဦးသန်းဦးလွင်',86,1,1,'ရန်ကုန်မြို့','ကုမ္ပဏီဝန်ထမ်း','၆၃၅ A(B-1) ရိုးမ ရိပ်သာ၊ပြည်လမ်း၊ ကမာရွတ်မြို့နယ်၊ရန်ကုန်။',7,'2024-12-10 22:14:38','2025-02-24 01:57:06'),(118,7,'ဒေါ်ခင်စန်းလွင်',86,1,2,'ရန်ကုန်မြို့','GED ဆရာမ','၆၃၅ A (C-2) ရိုးမ ရိပ်သာ၊ပြည်လမ်း၊ ကမာရွတ်မြို့နယ်၊ရန်ကုန်။',8,'2024-12-10 22:14:38','2025-02-24 01:57:06'),(119,7,'ဒေါ်ခင်ထားလွင်',86,1,2,'ရန်ကုန်မြို့','အထက်တန်းပြဆရာမ','၆၃၅ A(C-1) ရိုးမ ရိပ်သာ၊ပြည်လမ်း၊ ကမာရွတ်မြို့နယ်၊ရန်ကုန်။',8,'2024-12-10 22:14:38','2025-02-24 01:57:06'),(133,21,'ဦးဇော်ဝင်းဆွေ',86,1,1,'ရန်ကုန်မြို့','ကိုယ်ပိုင်ယာဉ်မောင်း','လှည်းတန်း(၅)လမ်း၊ ကမာရွတ်မြို့နယ်၊ ရန်ကုန်တိုင်းဒေသကြီး။',7,'2024-12-12 22:53:03','2024-12-12 22:53:03'),(134,21,'ဦးလှမိုးဆွေ',86,1,1,'ရန်ကုန်မြို့','အရောင်း/ အဝယ်','အမှတ်(၁၂၈/ခ)၊ စံပယ်မြိုင်လမ်း၊ (၁၇)ရပ်ကွက်၊ဒဂုံမြို့ သစ် (တောင်ပိုင်း)မြို့နယ်၊ ရန်ကုန်တိုင်းဒေသကြီး။	',7,'2024-12-12 22:53:03','2024-12-12 22:53:03'),(135,21,'ဒေါ်နှင်းနှင်းဆွေ',86,1,2,'ရန်ကုန်မြို့','မှီခို','အမှတ်(၂၉) င ၄လွှာ၊ ခိုင်ရွှေဝါလမ်း၊လှည်းတန်း၊ ကမာရွတ်မြို့နယ်၊ ရန်ကုန်တိုင်းဒေသကြီး။',11,'2024-12-12 22:53:03','2024-12-12 22:53:03'),(136,21,'ဦးကျော်စိုးမိုး',86,1,1,'ရန်ကုန်မြို့','အရောင်း/အဝယ်','အမှတ်(၁၂၈/ခ)၊ စံပယ်မြိုင်လမ်း၊ (၁၇)ရပ်ကွက်၊ဒဂုံမြို့ သစ် (တောင်ပိုင်း)မြို့နယ်၊ ရန်ကုန်တိုင်းဒေသကြီး။	',10,'2024-12-12 22:53:03','2024-12-12 22:53:03'),(143,25,'ဦးသက်နိုင်',139,1,1,'တောင်ကြီး	','အင်ဂျင်နီယာချုပ် (ပြင်/ထိန်း)	','ဝါရှင်တန်ဒီစီ၊ အမေရိကန်နိုင်ငံ',7,'2024-12-13 03:24:02','2024-12-13 03:24:02'),(144,25,'ဒေါက်တာခင်သက်ဝေ',139,1,2,'တောင်ကြီး	','ပါမောက္ခချုပ်၊ သူနာပြုတက္ကသိုလ်(မန်း)	','သူနာပြုတက္ကသိုလ်၊ မန္တလေးမြို့၊မန္တလေးတိုင်းဒေသကြီး',8,'2024-12-13 03:24:02','2024-12-13 03:24:02'),(145,25,'ဦးမြင့်နိုင်',139,1,1,'တောင်ကြီး	','စက်မှုအင်ဂျင်နီယာ(ပြင်ပ)	','(၁၃၉)၊ စဝ်စံထွန်းလမ်း၊ စျေးပိုင်းရပ်၊ တောင်ကြီးမြို့',7,'2024-12-13 03:24:02','2024-12-13 03:24:02'),(146,25,'ဦးဌေးနိုင်',139,1,1,'တောင်ကြီး	','အကြီးတန်းအင်ဂျင်နီယာ(မြို့ပြ)တာဂျီးမားကုမ္ပဏီ	','(၇)လမ်း၊ လှည်းတန်း၊ ကမာရွတ်မြို့နယ်၊ ရန်ကုန်တိုင်းဒေသကြီး။',9,'2024-12-13 03:24:02','2024-12-13 03:24:02'),(184,33,'ဒေါ်စန်းမြင့်ဌေး',86,1,2,'မြောင်မြို့နယ်၊ စစ်ကိုင်းတိုင်းဒေသကြီး','မှီခို','မကျီးဘုတ်ရွာ၊ မြောင်မြို့နယ် စစ်ကိုင်းတိုင်း ဒေသကြီး',8,'2025-01-10 02:30:47','2025-01-10 02:30:47'),(187,34,'ဦးအောင်အောင်လွင်',86,1,1,'ရန်ကုန်မြို့','Logistic and Warehouse Manager  (ရွှေတောင် ကုမ္ပဏီ လီမိတက်)','တိုက်(၃)၊အခန်း (၄)၊ဝေဠုဝန် အိမ်ရာ၊စမ်းချောင်း မြို့နယ်၊ ရန်ကုန်။',7,'2025-01-13 22:58:58','2025-01-13 22:58:58'),(188,34,'ဦးအာကာဖြိုးလွင်',86,1,1,'ရန်ကုန်မြို့','လက်ထောက်မန်နေဂျာ (Superme Development Co., Ltd.)','တိုက်(၂)၊အခန်း (၁၅)၊ဝေဠုဝန် အိမ်ရာ၊ စမ်းချောင်း မြို့နယ်၊ ရန်ကုန်။',10,'2025-01-13 22:58:58','2025-01-13 22:58:58'),(193,35,'ဦးသီဟစိုး (ခ) ဦးသက်နောင်',86,1,1,'မြစ်ကြီးနားမြို့','ရဲမှူးကြီး','အခန်း(၁၂)၊တိုက် (၂၂)၊ ခရေအိမ်ရာ၊  နေပြည်တော်',7,'2025-01-15 03:36:41','2025-01-15 03:36:41'),(194,35,'ဦးရဲဘုန်းမြင့် အောင် (ခ) ဦးရဲခေါင် ',86,1,1,'မြစ်ကြီးနားမြို့','ဗိုလ်ကြီး','လေကြောင်းအတတ်သင်လေတပ်စခန်း ဌာနချုပ်၊ မိတ္ထီလာမြို့',10,'2025-01-15 03:36:41','2025-01-15 03:36:41'),(195,36,'ဦးသိန်းစိုးထွန်း',86,1,1,'ကျားကျေးရွာ၊ ရွှေဘိုမြို့','ကုမ္ပဏီ ဝန်ထမ်း','ရွှေကြာပင်ရပ်ကွက်၊ နေပြည်တော်။',9,'2025-01-16 02:04:04','2025-01-16 02:04:04'),(196,36,'ဒေါ်အေးအေးမော်',86,1,2,'ကျားကျေးရွာ၊ ရွှေဘိုမြို့','မှီခို','စစ်ကိုင်းတိုင်းဒေသကြီး၊ ရွှေဘို မြို့နယ်၊ကျားကျေးရွာ။',11,'2025-01-16 02:04:04','2025-01-16 02:04:04'),(202,50,'ဒေါ်ဖြိုးပပအောင်',86,1,2,'ရန်ကုန်','မှီခို','တိုက်အမှတ်(၃၁၀၁) အခန်း အမှတ်(၂)၊ ချယ်ရီအိမ်ယာ၊ဇဗ္ဗူ သီရိမြို့၊နေပြည်တော်',11,'2025-01-22 01:20:23','2025-01-22 01:20:23'),(203,50,'ဦးကျော်ဇင်မင်းထက်',86,1,1,'ရန်ကုန်မြို့','အိမ်ခြံမြေရောင်းဝယ်ရေး','အမှတ်(၄၂)၊ ဗိုလ်အောင်ဆန်း လမ်း၊(၈၃)ရပ်ကွက်၊ ဒဂုံဆိပ်ကမ်းမြိုနယ်၊ ရန်ကုန်တိုင်း',9,'2025-01-22 01:20:23','2025-01-22 01:20:23'),(204,50,'ဒေါ်ဖြိုးပပအောင်',86,1,2,'ရန်ကုန်','မှီခို','တိုက်အမှတ်(၃၁၀၁) အခန်း အမှတ်(၂)၊ ချယ်ရီအိမ်ယာ၊ဇဗ္ဗူ သီရိမြို့၊နေပြည်တော်',11,'2025-01-22 01:21:20','2025-01-22 01:21:20'),(205,50,'ဦးကျော်ဇင်မင်းထက်',86,1,1,'ရန်ကုန်မြို့','အိမ်ခြံမြေရောင်းဝယ်ရေး','အမှတ်(၄၂)၊ ဗိုလ်အောင်ဆန်း လမ်း၊(၈၃)ရပ်ကွက်၊ ဒဂုံဆိပ်ကမ်းမြိုနယ်၊ ရန်ကုန်တိုင်း',9,'2025-01-22 01:21:20','2025-01-22 01:21:20'),(206,54,'ဦးကျော်မျိုးဦး',86,1,1,'ပေါက်ခေါင်း','တောင်ယာ','ချောင်းကျိုးရွာ၊ ပေါက်ခေါင်းမြို့နယ်၊ ပဲခူးတိုင်းဒေသကြီး။',7,'2025-01-28 02:38:33','2025-01-28 02:38:33'),(207,54,'ဦးရဲမင်းဇော်',86,1,1,'ပေါက်ခေါင်း','တောင်ယာ','ချောင်းကျိုးရွာ၊ ပေါက်ခေါင်းမြို့နယ်၊ ပဲခူးတိုင်းဒေသကြီး။',7,'2025-01-28 02:38:33','2025-01-28 02:38:33'),(208,54,'‌ဒေါ်အေးအေးမွန်',86,1,2,'ပေါက်ခေါင်း','မူပြ(ရွာပု)','ချောင်းကျိုးရွာ၊ ပေါက်ခေါင်းမြို့နယ်၊ ပဲခူးတိုင်းဒေသကြီး။',11,'2025-01-28 02:38:33','2025-01-28 02:38:33'),(218,53,'ဦးဝင်းနိုင်ဦး',86,1,1,'ပေါ်တော်မူကျေးရွာ၊ ဘိုကလေးမြို့နယ်၊ ဧရာဝတီတိုင်းဒေသကြီး','ဝန်ထမ်း','မြင်းကကုန်းကျေးရွာ၊ ဘိုကလေးမြို့နယ်၊ ဧရာဝတီတိုင်းဒေသကြီး',7,'2025-01-28 02:53:41','2025-02-25 02:33:24'),(219,53,'ဦးမျိုးမင်း',86,1,1,'ပေါ်တော်မူကျေးရွာ၊ ဘိုကလေးမြို့နယ်၊ ဧရာဝတီတိုင်းဒေသကြီး','မှိခို','ပေါ်တော်မူကျေးရွာ၊ ဘိုကလေးမြို့နယ်၊ ဧရာဝတီတိုင်းဒေသကြီး',7,'2025-01-28 02:53:41','2025-01-28 02:53:41'),(220,53,'ဦးမျိုးအောင်',86,1,1,'ပေါ်တော်မူကျေးရွာ၊ ဘိုကလေးမြို့နယ်၊ ဧရာဝတီတိုင်းဒေသကြီး','လယ်','ပေါ်တော်မူကျေးရွာ၊ ဘိုကလေးမြို့နယ်၊ ဧရာဝတီတိုင်းဒေသကြီး',7,'2025-01-28 02:53:41','2025-01-28 02:53:41'),(221,53,'ဒေါ်သီတာလှိုင်',86,1,2,'ပေါ်တော်မူကျေးရွာ၊ ဘိုကလေးမြို့နယ်၊ ဧရာဝတီတိုင်းဒေသကြီး','ဝန်ထမ်း','ပေါ်တော်မူကျေးရွာ၊ ဘိုကလေးမြို့နယ်၊ ဧရာဝတီတိုင်းဒေသကြီး',8,'2025-01-28 02:53:41','2025-01-28 02:53:41'),(222,53,'ဦးဝေယံလင်း',86,1,1,'ပေါ်တော်မူကျေးရွာ၊ ဘိုကလေးမြို့နယ်၊ ဧရာဝတီတိုင်းဒေသကြီး','လယ်','ပေါ်တော်မူကျေးရွာ၊ ဘိုကလေးမြို့နယ်၊ ဧရာဝတီတိုင်းဒေသကြီး',10,'2025-01-28 02:53:41','2025-01-28 02:53:41'),(223,53,'ဦးရန်နိုင်',86,1,1,'ပေါ်တော်မူကျေးရွာ၊ ဘိုကလေးမြို့နယ်၊ ဧရာဝတီတိုင်းဒေသကြီး','လယ်','ပေါ်တော်မူကျေးရွာ၊ ဘိုကလေးမြို့နယ်၊ ဧရာဝတီတိုင်းဒေသကြီး',10,'2025-01-28 02:53:41','2025-01-28 02:53:41'),(233,30,'ဒေါ်မေလှိုင်ဝေရီအောင်',86,1,2,'ရန်ကုန်','လက်ထောက်ညွှန်ကြားရေးမှူး','တိုက် ၆၂၁၁၊ ၂၆၊ သုခသိဒ္ဓိ ရပ်ကွက်၊ နေပြည်တော်',8,'2025-02-05 03:14:47','2025-02-26 01:49:35'),(234,56,'ဒေါ်မြင့်မြင့်သူ',86,1,2,'မကျည်းဘုတ်ရွာ','မှီခို','စစ်ကိုင်းတိုင်းဒေသကြီး၊မြောင်မြို့နယ်၊မကျည်းဘုတ်ရွာ',8,'2025-02-14 01:02:15','2025-02-14 01:02:15'),(235,56,'ဦးဖိုးချွန်(ခ)ဦးနန်းဝင်းအောင်',86,1,1,'မကျည်းဘုတ်ရွာ','တောင်သူ','စစ်ကိုင်းတိုင်းဒေသကြီး၊မြောင်မြို့နယ်၊မကျည်းဘုတ်ရွာ',10,'2025-02-14 01:02:15','2025-02-14 01:02:15'),(236,56,'ဦးမျိုးဇော်ထွန်း',86,1,1,'မကျည်းဘုတ်ရွာ','မှီခို','စစ်ကိုင်းတိုင်းဒေသကြီး၊မြောင်မြို့နယ်၊မကျည်းဘုတ်ရွာ',10,'2025-02-14 01:02:15','2025-02-14 01:02:15'),(237,59,'ဦးထင်လင်းကျော်',86,1,1,'ရန်ကုန်တိုင်းဒေသကြီး','ဥပဒေအကြံပေး ဥပဒေရေးရာ ကော်မတီတာဝန်ခံ ပြည်ထောင်စု ကြံ့ခိုင်ရေးနှင့်ဖွံ့ဖြိုးရေးပါတီ','ပြည်ထောင်စုကြံ့ခိုင်ရေးနှင့်ဖွံ့ဖြိုးရေးပါတီ ရုံးရာဇသင်္ဂဟလမ်း၊ ဒက္ခိဏသီရိ၊ နေပြည်တော်',7,'2025-02-24 01:31:20','2025-02-26 02:16:50'),(238,59,'ဦးခေတ်နိုင်ကျော်',86,1,1,'ရန်ကုန်တိုင်းဒေသကြီး',' ဦးစီးအရာရှိ လူဝင်မှုကြီးကြပ်ရေးနှင့်ပြည်သူ့ အင်အားဝန်ကြီး ဌာန၊ ','အမှတ် ၁၀၄၃-ခ၊ သုမန(၁)လမ်း၊ ၁၆/၁ ရပ်ကွက်၊ သင်္ဃန်းကျွန်း မြို့နယ်၊ ရန်ကုန်တိုင်း ဒေသကြီး',7,'2025-02-24 01:31:20','2025-02-26 02:16:50'),(239,59,'ဒေါ်မြသီရိကျော်',86,1,2,'ရန်ကုန်တိုင်းဒေသကြီး','မှီခို','အမှတ် ၁၀၄၃-ခ၊ သုမန(၁)လမ်း၊ ၁၆/၁ ရပ်ကွက်၊ သင်္ဃန်းကျွန်း မြို့နယ်၊ ရန်ကုန်တိုင်း ဒေသကြီး',8,'2025-02-24 01:31:20','2025-02-26 02:16:50'),(240,57,'ဒေါ်ဇင်မာဝေ',96,1,2,'စစ်တွေ','အထက်တန်းပြ(အ.ထ.က(၁))၊မြောက်ဥက္ကလာပမြို့နယ်၊','အမှတ်(၇၈၃)၊ဣန္ဒ္ဒါ(၈)လမ်း၊(ဋ)ရပ်ကွက်၊ မြောက်ဥက္ကလာပမြို့နယ်၊ရန်ကုန်မြို့။',8,'2025-02-24 02:11:22','2025-02-24 02:11:22'),(241,57,'ဦးကျော်ဖြိုးနိုင်',96,1,2,'စစ်တွေ','အင်ဂျင်နီယာ(ခေတ္တဂျပန်)','အမှတ်(၇၈၃)၊ ဣန္ဒာ(၈)လမ်း၊ (ဋ)ရပ်ကွက်၊မြောက်ဥက္ကလာပ မြို့နယ်၊ ရန်ကုန်မြို့။',10,'2025-02-24 02:11:22','2025-02-24 02:11:22'),(242,30,'ဒေါက်တာမေစုမြတ်ထွေးအောင်',86,1,2,'ရန်ကုန်','ပါမောက္ခ၊ ရန်ကုန်စီးပွားရေးတက္ကသိုလ်','Pro 2၊ B 2-1 ပါမောက္ခ အိမ်ယာ၊ လှိုင် တက္ကသိုလ်နယ် မြေ၊ ရန်ကုန်မြို့',8,'2025-02-26 01:49:35','2025-02-26 01:49:35'),(243,30,'ဦးမြတ်လင်းအောင် (ကွယ်လွန်)',86,1,1,'ရန်ကုန်','လက်ထောက်ကထိက ယဉ်ကျေးမှုတက္ကသိုလ်','တိုက် ၃၆၂၊ အခန်း ၁၉၊ တတိယထပ်၊ ပညာ့ရိပ်သာ၊ ရန်ရှင်းလမ်း၊ ရန်ကင်းမြို့နယ်၊ ရန်ကုန်မြို့',7,'2025-02-26 01:49:35','2025-02-26 01:49:35'),(244,60,'မောင်စွမ်းရည်ထက်',86,1,1,'ရန်ကုန်တိုင်းဒေသကြီး','ကျောင်းသား','အမှတ်(၃၁၁/က)၊ ပင်းယ(၁၃)လမ်း၊ ၅ရပ်ကွက်၊ တောင်ဥက္ကလာပမြို့နယ်၊ ရန်ကုန်တိုင်းဒေသကြီး။',10,'2025-02-27 02:26:57','2025-02-27 23:02:29'),(245,55,'မောင်ရဲလွင်',86,1,1,'ရန်ကုန်မြို့','ကုမ္ပဏီဝန်ထမ်း','မီးဒုံးလမ်းသွယ်(၃)၊ သုဝဏ္ဏမြို့ တိုက်(၉၇)၊ အခန်း(၆)',10,'2025-02-27 22:06:09','2025-02-27 22:06:09'),(246,61,'ဦးနေမျိုးဇင်',86,1,1,'ရန်ကုန်မြို့','ကုမ္ပဏီဝန်ထမ်း','အမှတ်(၁၂၀)ကန်တော်လမ်း၊လေးထောင့်ကန် ရပ်ကွက် ၊ သင်္ဃန်းကျွန်းမြို့နယ်၊ ရန်ကုန်မြို့',7,'2025-02-28 02:41:56','2025-02-28 02:41:56'),(248,62,'ဒေါ်လွင်လွင်မြင့်',86,1,2,'ကျောက်ဆည်မြို့နယ်','မှီခို','အမှတ်-၂၊ တောင်နောက်၊ ကျောက်ဆည်မြို့နယ်၊ မန္တလေးတိုင်းဒေသကြီး။',8,'2025-02-28 03:33:47','2025-02-28 03:33:47'),(249,62,'ဒေါ်လွင်လွင်တင့်',86,1,2,'ကျောက်ဆည်မြို့နယ်','မှီခို','အမှတ်-၂၊ တောင်နောက်၊ ကျောက်ဆည်မြို့နယ်၊ မန္တလေးတိုင်းဒေသကြီး။',8,'2025-02-28 03:33:47','2025-02-28 03:33:47');
/*!40000 ALTER TABLE `siblings` ENABLE KEYS */;
UNLOCK TABLES;

--
-- Table structure for table `social_activities`
--

DROP TABLE IF EXISTS `social_activities`;
/*!40101 SET @saved_cs_client     = @@character_set_client */;
/*!50503 SET character_set_client = utf8mb4 */;
CREATE TABLE `social_activities` (
  `id` bigint unsigned NOT NULL AUTO_INCREMENT,
  `staff_id` bigint unsigned NOT NULL,
  `particular` varchar(255) CHARACTER SET utf8mb4 COLLATE utf8mb4_unicode_ci DEFAULT NULL,
  `remark` varchar(255) CHARACTER SET utf8mb4 COLLATE utf8mb4_unicode_ci DEFAULT NULL,
  `created_at` timestamp NULL DEFAULT NULL,
  `updated_at` timestamp NULL DEFAULT NULL,
  PRIMARY KEY (`id`),
  KEY `social_activities_staff_id_foreign` (`staff_id`),
  CONSTRAINT `social_activities_staff_id_foreign` FOREIGN KEY (`staff_id`) REFERENCES `staff` (`id`) ON DELETE CASCADE
) ENGINE=InnoDB DEFAULT CHARSET=utf8mb4 COLLATE=utf8mb4_unicode_ci;
/*!40101 SET character_set_client = @saved_cs_client */;

--
-- Dumping data for table `social_activities`
--

LOCK TABLES `social_activities` WRITE;
/*!40000 ALTER TABLE `social_activities` DISABLE KEYS */;
/*!40000 ALTER TABLE `social_activities` ENABLE KEYS */;
UNLOCK TABLES;

--
-- Table structure for table `spouse_father_siblings`
--

DROP TABLE IF EXISTS `spouse_father_siblings`;
/*!40101 SET @saved_cs_client     = @@character_set_client */;
/*!50503 SET character_set_client = utf8mb4 */;
CREATE TABLE `spouse_father_siblings` (
  `id` bigint unsigned NOT NULL AUTO_INCREMENT,
  `staff_id` bigint unsigned DEFAULT NULL,
  `name` varchar(255) CHARACTER SET utf8mb4 COLLATE utf8mb4_unicode_ci NOT NULL,
  `ethnic_id` bigint unsigned DEFAULT NULL,
  `religion_id` bigint unsigned DEFAULT NULL,
  `gender_id` bigint unsigned DEFAULT NULL,
  `place_of_birth` varchar(255) CHARACTER SET utf8mb4 COLLATE utf8mb4_unicode_ci NOT NULL,
  `occupation` varchar(255) CHARACTER SET utf8mb4 COLLATE utf8mb4_unicode_ci NOT NULL,
  `address` varchar(255) CHARACTER SET utf8mb4 COLLATE utf8mb4_unicode_ci NOT NULL,
  `relation_id` bigint unsigned DEFAULT NULL,
  `created_at` timestamp NULL DEFAULT NULL,
  `updated_at` timestamp NULL DEFAULT NULL,
  PRIMARY KEY (`id`),
  KEY `spouse_father_siblings_staff_id_foreign` (`staff_id`),
  KEY `spouse_father_siblings_ethnic_id_foreign` (`ethnic_id`),
  KEY `spouse_father_siblings_religion_id_foreign` (`religion_id`),
  KEY `spouse_father_siblings_gender_id_foreign` (`gender_id`),
  KEY `spouse_father_siblings_relation_id_foreign` (`relation_id`),
  CONSTRAINT `spouse_father_siblings_ethnic_id_foreign` FOREIGN KEY (`ethnic_id`) REFERENCES `ethnics` (`id`) ON DELETE SET NULL,
  CONSTRAINT `spouse_father_siblings_gender_id_foreign` FOREIGN KEY (`gender_id`) REFERENCES `genders` (`id`) ON DELETE SET NULL,
  CONSTRAINT `spouse_father_siblings_relation_id_foreign` FOREIGN KEY (`relation_id`) REFERENCES `relations` (`id`) ON DELETE SET NULL,
  CONSTRAINT `spouse_father_siblings_religion_id_foreign` FOREIGN KEY (`religion_id`) REFERENCES `religions` (`id`) ON DELETE SET NULL,
  CONSTRAINT `spouse_father_siblings_staff_id_foreign` FOREIGN KEY (`staff_id`) REFERENCES `staff` (`id`) ON DELETE CASCADE
) ENGINE=InnoDB AUTO_INCREMENT=72 DEFAULT CHARSET=utf8mb4 COLLATE=utf8mb4_unicode_ci;
/*!40101 SET character_set_client = @saved_cs_client */;

--
-- Dumping data for table `spouse_father_siblings`
--

LOCK TABLES `spouse_father_siblings` WRITE;
/*!40000 ALTER TABLE `spouse_father_siblings` DISABLE KEYS */;
INSERT INTO `spouse_father_siblings` VALUES (7,8,'ဦးစိုးတင့်',86,1,1,'မန္တလေး','တိုင်းဦးစီးမှူး (ငြိမ်း) ကချင်ပြည်နယ်၊ သာသနာရေး ဦးစီးဌာန','အမှတ် ၄၅၂၊ မြို့သစ်ကြီး၊ ကွက်သစ်ရပ်ကွက်၊ မြစ်ကြီးနားမြို့',9,'2024-12-08 22:37:55','2024-12-08 22:37:55'),(48,33,'ဦးမြင့်ဆွေ',86,1,1,'ရန်ကုန်မြို့','သင်္ဘော အင်ဂျင်နီယာချုပ် (ငြိမ်း)','အမှတ် ၄၃၊ ဗဟိုလမ်း၊ လှည်းတန်း၊ ကမာရွတ်မြို့နယ်၊ ရန်ကုန်မြို့',6,'2025-01-10 02:30:47','2025-01-10 02:30:47'),(49,36,'ဦးတင်အောင် ',86,1,1,'','ကွယ်လွန်','',7,'2025-01-16 02:39:39','2025-01-16 02:39:39'),(50,36,'ဒေါ်စန်းစန်းနိုင်',86,1,2,'ရန်ကုန်မြို့','မှီခို','မြင်သာ (၁၁) လမ်း၊ တောင်ဥက္ကလာပမြို့ နယ်၊ ရန်ကုန်မြို့',11,'2025-01-16 02:39:39','2025-01-16 02:39:39'),(62,50,'ဦးစောမောင်',86,1,1,'မလှိုင်မြို့','တောင်သူ','အမှတ်(၁၂၀) သရဖီလမ်း၊နယ်မြေ (၄)၊ မင်္ဂလာရပ်ကွက်၊ ဆီဆိုင်မြို့',6,'2025-01-22 01:21:20','2025-01-22 01:21:20'),(63,50,'ဒေါ်ကြည်ညွှန့်',86,1,2,'မလှိုင်မြို့','မှီခို','ဇောတိကရပ်ကွက်၊ နယ်မြေ(၁)၊ဈေးပိုင်း၊ နမ့်ခုတ်ကျေးရွာ၊ ဟိုပုံးမြို့',11,'2025-01-22 01:21:20','2025-01-22 01:21:20'),(64,50,'ဒေါ်ရွှေမြိုင်',86,1,2,'မလှိုင်မြို့','မှီခို','ဇောတိကရပ်ကွက်၊ နယ်မြေ(၁)၊ ဈေးပိုင်း၊ နမ့်ခုတ် ကျေးရွာ၊ဟိုပုံးမြို့',11,'2025-01-22 01:21:20','2025-01-22 01:21:20'),(65,50,'ဦကံထွန်း',86,1,1,'မလှိုင်မြို့','တောင်သူ','အမှတ်(၃၉)၊ ကံကော်လမ်း၊ မင်္ဂလာရပ်ကွက်၊ နယ်မြေ(၁)၊ဆီဆိုင်မြို့',9,'2025-01-22 01:21:20','2025-01-22 01:21:20'),(66,53,'ဦးသာအေး',86,1,1,'ဒုတ်ရိုက်ကုန်းရွာ၊ မြန်အောင်မြို့နယ်၊ ဧရာဝတီတိုင်း','လယ်','ဒုတ်ရိုက်ကုန်းရွာ၊ မြန်အောင်မြို့နယ်၊ ဧရာဝတီတိုင်း',6,'2025-01-28 02:55:23','2025-01-28 02:55:23'),(67,7,'(ဦးခင်မောင်)၁၉၉၅',86,1,1,'ထန်းတပင်','ဆန်စက်လုပ်ငန်း','ပြည်တော်သာရပ်ကွက်၊ထန်းတပင်မြို့။',6,'2025-02-06 03:31:26','2025-02-24 01:57:06'),(68,7,'(ဒေါ်တင်လှ)၁၉၉၂',86,1,1,'ထန်းတပင်','ဆန်စက်/ ဆီစက်','ပြည်တော်သာ ရပ်ကွက်၊ ထန်းတပင်မြို့။',11,'2025-02-06 03:31:26','2025-02-24 01:57:06'),(69,30,'ဦးမြင့်ဦး',86,1,1,'အုတ်ဖို','စစ်မှုထမ်းဟောင်း','ဂုံညင်းတန်းကျေးရွာ၊ အုတ်ဖိုမြို့နယ်။',6,'2025-02-26 01:55:48','2025-02-26 01:55:48'),(70,62,'ဦးတင်ငွေ',86,1,1,'စဉ့်ကိုင်မြို့။','ကုန်သွယ်လယ်ယာ (ငြိမ်း)','ဉာဏ်ကွေ့ရွာ၊ စဉ့်ကိုင်မြို့နယ်၊ မန္တလေးတိုင်းဒေသကြီး။',6,'2025-02-28 03:33:47','2025-02-28 03:33:47'),(71,62,'ဦးတင်ရွှေ',86,1,1,'စဉ့်ကိုင်မြို့။','တောင်သူ','ဉာဏ်ကွေ့ရွာ၊ စဉ့်ကိုင်မြို့နယ်၊ မန္တလေးတိုင်းဒေသကြီး။',7,'2025-02-28 03:33:47','2025-02-28 03:33:47');
/*!40000 ALTER TABLE `spouse_father_siblings` ENABLE KEYS */;
UNLOCK TABLES;

--
-- Table structure for table `spouse_mother_siblings`
--

DROP TABLE IF EXISTS `spouse_mother_siblings`;
/*!40101 SET @saved_cs_client     = @@character_set_client */;
/*!50503 SET character_set_client = utf8mb4 */;
CREATE TABLE `spouse_mother_siblings` (
  `id` bigint unsigned NOT NULL AUTO_INCREMENT,
  `staff_id` bigint unsigned DEFAULT NULL,
  `name` varchar(255) CHARACTER SET utf8mb4 COLLATE utf8mb4_unicode_ci NOT NULL,
  `ethnic_id` bigint unsigned DEFAULT NULL,
  `religion_id` bigint unsigned DEFAULT NULL,
  `gender_id` bigint unsigned DEFAULT NULL,
  `place_of_birth` varchar(255) CHARACTER SET utf8mb4 COLLATE utf8mb4_unicode_ci NOT NULL,
  `occupation` varchar(255) CHARACTER SET utf8mb4 COLLATE utf8mb4_unicode_ci NOT NULL,
  `address` varchar(255) CHARACTER SET utf8mb4 COLLATE utf8mb4_unicode_ci NOT NULL,
  `relation_id` bigint unsigned DEFAULT NULL,
  `created_at` timestamp NULL DEFAULT NULL,
  `updated_at` timestamp NULL DEFAULT NULL,
  PRIMARY KEY (`id`),
  KEY `spouse_mother_siblings_staff_id_foreign` (`staff_id`),
  KEY `spouse_mother_siblings_ethnic_id_foreign` (`ethnic_id`),
  KEY `spouse_mother_siblings_religion_id_foreign` (`religion_id`),
  KEY `spouse_mother_siblings_gender_id_foreign` (`gender_id`),
  KEY `spouse_mother_siblings_relation_id_foreign` (`relation_id`),
  CONSTRAINT `spouse_mother_siblings_ethnic_id_foreign` FOREIGN KEY (`ethnic_id`) REFERENCES `ethnics` (`id`) ON DELETE SET NULL,
  CONSTRAINT `spouse_mother_siblings_gender_id_foreign` FOREIGN KEY (`gender_id`) REFERENCES `genders` (`id`) ON DELETE SET NULL,
  CONSTRAINT `spouse_mother_siblings_relation_id_foreign` FOREIGN KEY (`relation_id`) REFERENCES `relations` (`id`) ON DELETE SET NULL,
  CONSTRAINT `spouse_mother_siblings_religion_id_foreign` FOREIGN KEY (`religion_id`) REFERENCES `religions` (`id`) ON DELETE SET NULL,
  CONSTRAINT `spouse_mother_siblings_staff_id_foreign` FOREIGN KEY (`staff_id`) REFERENCES `staff` (`id`) ON DELETE CASCADE
) ENGINE=InnoDB AUTO_INCREMENT=50 DEFAULT CHARSET=utf8mb4 COLLATE=utf8mb4_unicode_ci;
/*!40101 SET character_set_client = @saved_cs_client */;

--
-- Dumping data for table `spouse_mother_siblings`
--

LOCK TABLES `spouse_mother_siblings` WRITE;
/*!40000 ALTER TABLE `spouse_mother_siblings` DISABLE KEYS */;
INSERT INTO `spouse_mother_siblings` VALUES (5,25,'ဦးဝင်းဌေး ',86,1,1,'ဟင်္သာတ 		','တွဲဖက်တရားသူကြီး (ငြိမ်း)','သမိုင်းလမ်းဆုံ၊ မရမ်းကုန်း၊ ရန်ကုန်',10,'2024-12-13 03:24:02','2024-12-13 03:24:02'),(40,33,'ဒေါ်သီတာသန်း ',86,1,2,'ရန်ကုန်မြို့','ဆောက်လုပ်ရေး လုပ်ငန်း (ကိုယ်ပိုင်)','အမှတ် ၄၃၊ ဗဟိုလမ်း၊ လှည်းတန်း၊ ကမာရွတ် မြို့နယ်၊ ရန်ကုန်မြို့',5,'2025-01-10 02:30:47','2025-01-10 02:30:47'),(42,36,'ဒေါ်ခင်သိန်း',86,1,2,'ရန်ကုန်မြို့','မှီခို','အမှတ်(၂၁၃)၊ ရွှေသရဖီလမ်း၊ (၄၁)ရပ်ကွက်၊ ဒဂုံမြို့သစ် (မြောက်ပိုင်း) မြို့နယ်၊ ရန်ကုန်မြို့',8,'2025-01-16 03:00:03','2025-01-16 03:00:03'),(43,50,'ဒေါ်နန်းလှယဉ်',103,1,2,'ဟိုပုံးမြို့','မှီခို','အမှတ်(၁၂၀)သရဖီလမ်း၊ နယ်မြေ(၄)၊ မင်္ဂလာ ရပ်ကွက်၊ ဆီဆိုင်မြို့',5,'2025-01-22 01:21:20','2025-01-22 01:21:20'),(44,50,'ဒေါ်ရီရီမြင့်',103,1,2,'ဟိုပုံးမြို့','မှီခို','အမှတ်(၁၂၀)သရဖီလမ်း၊ နယ်မြေ (၄)၊ မင်္ဂလာ ရပ်ကွက်၊ဆီဆိုင်မြို့',11,'2025-01-22 01:21:20','2025-01-22 01:21:20'),(45,53,'ဒေါ်လှမြင့်',86,1,2,'ဒုတ်ရိုက်ကုန်းရွာ၊ မြန်အောင်မြို့နယ်၊ ဧရာဝတီတိုင်း','မှီခို','ဒုတ်ရိုက်ကုန်းရွာ၊ မြန်အောင်မြို့နယ်၊ ဧရာဝတီတိုင်း',5,'2025-01-28 02:55:23','2025-01-28 02:55:23'),(46,7,'ဒေါ်တင်ရီ',86,1,2,'ထန်းတပင်','မှီခို','ပြည်တော်သာရပ်ကွက်၊ထန်းတပင်မြို့။',5,'2025-02-17 03:20:09','2025-02-24 01:57:06'),(47,7,'ဒေါ်ခင်ရီ',86,1,2,'ထန်းတပင်','မှီခို','အောင်ချမ်းသာရပ်ကွက်၊ ထန်းတပင်မြို့။',11,'2025-02-17 03:20:09','2025-02-24 01:57:06'),(48,30,'ဒေါ်ကြည်ဝင်း',86,1,2,'အုတ်ဖို','မှီခို','ဂုံညင်းတန်းကျေးရွာ၊ အုတ်ဖိုမြို့နယ်။',5,'2025-02-26 01:55:48','2025-02-26 02:34:13'),(49,62,'ဒေါ်ကြွယ်တင်',86,1,2,'စဉ့်ကိုင်မြို့။','မှီခို','ဉာဏ်ကွေ့ရွာ၊ စဉ့်ကိုင်မြို့နယ်၊ မန္တလေးတိုင်းဒေသကြီး။',5,'2025-02-28 03:33:47','2025-02-28 03:33:47');
/*!40000 ALTER TABLE `spouse_mother_siblings` ENABLE KEYS */;
UNLOCK TABLES;

--
-- Table structure for table `spouse_siblings`
--

DROP TABLE IF EXISTS `spouse_siblings`;
/*!40101 SET @saved_cs_client     = @@character_set_client */;
/*!50503 SET character_set_client = utf8mb4 */;
CREATE TABLE `spouse_siblings` (
  `id` bigint unsigned NOT NULL AUTO_INCREMENT,
  `staff_id` bigint unsigned DEFAULT NULL,
  `name` varchar(255) CHARACTER SET utf8mb4 COLLATE utf8mb4_unicode_ci NOT NULL,
  `ethnic_id` bigint unsigned DEFAULT NULL,
  `religion_id` bigint unsigned DEFAULT NULL,
  `gender_id` bigint unsigned DEFAULT NULL,
  `place_of_birth` varchar(255) CHARACTER SET utf8mb4 COLLATE utf8mb4_unicode_ci NOT NULL,
  `occupation` varchar(255) CHARACTER SET utf8mb4 COLLATE utf8mb4_unicode_ci NOT NULL,
  `address` varchar(255) CHARACTER SET utf8mb4 COLLATE utf8mb4_unicode_ci NOT NULL,
  `relation_id` bigint unsigned DEFAULT NULL,
  `created_at` timestamp NULL DEFAULT NULL,
  `updated_at` timestamp NULL DEFAULT NULL,
  PRIMARY KEY (`id`),
  KEY `spouse_siblings_staff_id_foreign` (`staff_id`),
  KEY `spouse_siblings_ethnic_id_foreign` (`ethnic_id`),
  KEY `spouse_siblings_religion_id_foreign` (`religion_id`),
  KEY `spouse_siblings_gender_id_foreign` (`gender_id`),
  KEY `spouse_siblings_relation_id_foreign` (`relation_id`),
  CONSTRAINT `spouse_siblings_ethnic_id_foreign` FOREIGN KEY (`ethnic_id`) REFERENCES `ethnics` (`id`) ON DELETE SET NULL,
  CONSTRAINT `spouse_siblings_gender_id_foreign` FOREIGN KEY (`gender_id`) REFERENCES `genders` (`id`) ON DELETE SET NULL,
  CONSTRAINT `spouse_siblings_relation_id_foreign` FOREIGN KEY (`relation_id`) REFERENCES `relations` (`id`) ON DELETE SET NULL,
  CONSTRAINT `spouse_siblings_religion_id_foreign` FOREIGN KEY (`religion_id`) REFERENCES `religions` (`id`) ON DELETE SET NULL,
  CONSTRAINT `spouse_siblings_staff_id_foreign` FOREIGN KEY (`staff_id`) REFERENCES `staff` (`id`) ON DELETE CASCADE
) ENGINE=InnoDB AUTO_INCREMENT=116 DEFAULT CHARSET=utf8mb4 COLLATE=utf8mb4_unicode_ci;
/*!40101 SET character_set_client = @saved_cs_client */;

--
-- Dumping data for table `spouse_siblings`
--

LOCK TABLES `spouse_siblings` WRITE;
/*!40000 ALTER TABLE `spouse_siblings` DISABLE KEYS */;
INSERT INTO `spouse_siblings` VALUES (13,8,'ဦးကျော်မင်းထွန်း',86,1,1,'မန္တလေး','‘ကျော်ကျော် မင်းထွန်း’ ပန်းပုလုပ်ငန်း','အမှတ် ၁၀၊ ၄၇ လမ်း၊ ၈၁ လမ်းနှင့် ၈၂ လမ်းကြား၊ ကျွန်းလုံးဥသျှောင် ရပ်ကွက်၊ ချမ်းမြသာစည် မြို့နယ်၊ မန္တလေးမြို့',7,'2024-12-08 22:37:55','2024-12-08 22:37:55'),(14,8,'ဒေါ်ခင်ဆွေမြင့်',86,1,2,'မန္တလေး','‘ရွှေလမင်း’ ပန်းပုလုပ်ငန်း','အမှတ်၅/၆၊ ၄၇လမ်း၊ ၈၁ လမ်းနှင့် ၈၂ လမ်း ကြား၊ ကျွန်းလုံးဥသျှောင် ရပ်ကွက်၊ချမ်းမြသာစည် မြို့နယ်၊ မန္တလေးမြို့',8,'2024-12-08 22:37:55','2024-12-08 22:37:55'),(36,7,'ဒေါ်ခင်မြင့်',86,1,2,'ထန်းတပင်','မှီခို','အမှတ်(၁၄၀)အေးရိပ် ငြိမ်လမ်း၊သီရိရတနာ   ရပ်ကွက်၊ ထန်းတပင်မြို့။',8,'2024-12-10 22:14:38','2025-02-06 03:27:19'),(37,7,'ဒေါ်ရီရီမြင့်',86,1,2,'ထန်းတပင်','ခင်မေတ္တာ ဆီစက်','အမှတ်(၁၃၃) သဇင်လမ်း၊ အောင်ချမ်းသာရပ်ကွက်၊ ထန်းတပင်မြို့။',8,'2024-12-10 22:14:38','2024-12-10 22:14:38'),(38,7,'ဒေါ်အေးအေးမြင့်',86,1,2,'ထန်းတပင်','မှီခို','အမှတ်(၁၃/၂၄၀) ဘုရားလမ်း၊ တောင်ငူမြို့။',8,'2024-12-10 22:14:38','2024-12-10 22:14:38'),(39,7,'ဦးဇော်ဝင်း',86,1,1,'ထန်းတပင်','စားသုံးဆီ ရောင်းဝယ်ရေး လုပ်ငန်း','အမှတ်(၁) သီရိရတနာရပ်ကွက်၊ ထန်းတပင်မြို့၊ တောင်ငူမြို့။',10,'2024-12-10 22:14:38','2024-12-10 22:14:38'),(44,25,'ဒေါ်လဲ့လဲ့နိုင်',86,1,2,'ရန်ကုန်	','	မန်နေဂျာ(ရသာချိုထရေးဒင်းကုမ္ပဏီလီမိတက်)','မလိခအိမ်ရာ၊ သင်္ဃန်းကျွန်း',8,'2024-12-13 03:24:02','2024-12-13 03:24:02'),(45,25,'ဒေါ်ချစ်ချစ်ထွေး',86,1,2,'ရန်ကုန်	','မှီခို	','မလိခအိမ်ရာ၊ သင်္ဃန်းကျွန်း',11,'2024-12-13 03:24:02','2024-12-13 03:24:02'),(46,25,'ဦးသန်းကျော်မိုး',86,1,1,'ရန်ကုန်	','အရာခံဗိုလ်၊စစ်ရုံးချုပ်','မလိခအိမ်ရာ၊ သင်္ဃန်းကျွန်း',10,'2024-12-13 03:24:02','2024-12-13 03:24:02'),(47,25,'ဒု-ဗိုလ်မှူးကြီးသော်တာထွေး',86,1,1,'ရန်ကုန်	','တပ်မှူး၊စစ်ကြောရေးနှင့်တည်းခိုရေးတပ်၊ မန္တလေး	','စ.တ.ခ၊ မန္တလေး',10,'2024-12-13 03:24:02','2024-12-13 03:24:02'),(82,33,'ဒေါက်တာဝဏ္ဏဆွေ',86,1,1,'ရန်ကုန်မြို့','‘မိုး’ဆေးဆိုင် (ကိုယ်ပိုင်)','အမှတ်၄၃၊ ဗဟိုလမ်း၊ လှည်းတန်း၊ ကမာရွတ် မြို့နယ်၊ ရန်ကုန်မြို့',10,'2025-01-10 02:30:47','2025-01-10 02:30:47'),(83,36,'ဒေါ်စန္ဒာအောင် ',86,1,2,'ရန်ကုန်မြို့','ဦးစီးအရာရှိ','သပြေ (၂) ၊ အဆောင် (၁၈)၊  နေပြည်တော်',8,'2025-01-16 02:38:49','2025-01-16 02:38:49'),(84,36,'ဒေါ်ခင်မာအောင် ',86,1,2,'ရန်ကုန်မြို့','ဒုတိယဦးစီးမှူး','အမှတ် (၂၁၃)၊ ရွှေသရဖီ လမ်း၊ (၄၁) ရပ်ကွက်၊ ဒဂုံမြောက်ပိုင်းမြို့နယ်၊ ရန်ကုန်မြို့။',8,'2025-01-16 02:38:49','2025-01-16 02:38:49'),(85,36,'ဦးနေမင်းအောင် ',86,1,1,'ရန်ကုန်မြို့','လက်ထောက်ညွှန်ကြားရေးမှူး','အမှတ် (၂၁၃)၊ ရွှေသရဖီ လမ်း၊ (၄၁) ရပ်ကွက်၊ ဒဂုံမြောက်ပိုင်းမြို့နယ်၊ ရန်ကုန်မြို့။',7,'2025-01-16 02:38:49','2025-01-16 02:38:49'),(86,36,'ဒေါ်အိအိအောင် ',86,1,2,'ရန်ကုန်မြို့','လက်ထောက်ညွှန်ကြားရေးမှူး','အမှတ် (၂၁၃)၊ ရွှေသရဖီ လမ်း၊ (၄၁) ရပ်ကွက်၊ ဒဂုံမြောက်ပိုင်းမြို့နယ်၊ ရန်ကုန်မြို့။',8,'2025-01-16 02:38:49','2025-01-16 02:38:49'),(112,50,'ဒေါ်လှလှဝင်း',140,1,2,'ဆီဆိုင်မြို့','မှီခို','အမှတ်(၁၂၀) သရဖီလမ်း၊ နယ်မြေ (၄)၊ မင်္ဂလာရပ်ကွက်၊ ဆီဆိုင်မြို့',8,'2025-01-22 01:21:20','2025-01-22 01:23:49'),(113,50,'ဒေါ်သိန်းသိန်းဝင်း',140,1,2,'ဆီဆိုင်မြို့','မှီခို','အမှတ်(၁၂၀) သရဖီလမ်း၊ နယ်မြေ (၄)၊ မင်္ဂလာရပ်ကွက်၊ ဆီဆိုင်မြို့',8,'2025-01-22 01:21:20','2025-01-22 01:23:49'),(114,50,'ဦးလှိုင်ဝင်းအောင်',140,1,1,'ဆီဆိုင်မြို့','ကိတ်မုန့်လုပ်ငန်း','အမှတ်(၁၂၀) သရဖီလမ်း၊ နယ်မြေ (၄)၊ မင်္ဂလာရပ်ကွက်၊ ဆီဆိုင်မြို့',10,'2025-01-22 01:21:20','2025-01-22 01:23:49'),(115,30,'ဒေါ်ယုယုဝင်း',86,1,2,'အုတ်ဖို','အထက်တန်းပြ အထက ဂုံညင်းတန်း','ဂုံညင်းတန်း ကျေးရွာ၊ အုတ်ဖိုမြို့နယ်။',11,'2025-02-26 01:55:48','2025-02-26 01:55:48');
/*!40000 ALTER TABLE `spouse_siblings` ENABLE KEYS */;
UNLOCK TABLES;

--
-- Table structure for table `spouses`
--

DROP TABLE IF EXISTS `spouses`;
/*!40101 SET @saved_cs_client     = @@character_set_client */;
/*!50503 SET character_set_client = utf8mb4 */;
CREATE TABLE `spouses` (
  `id` bigint unsigned NOT NULL AUTO_INCREMENT,
  `staff_id` bigint unsigned DEFAULT NULL,
  `name` varchar(255) CHARACTER SET utf8mb4 COLLATE utf8mb4_unicode_ci NOT NULL,
  `ethnic_id` bigint unsigned DEFAULT NULL,
  `religion_id` bigint unsigned DEFAULT NULL,
  `gender_id` bigint unsigned DEFAULT NULL,
  `place_of_birth` varchar(255) CHARACTER SET utf8mb4 COLLATE utf8mb4_unicode_ci NOT NULL,
  `occupation` varchar(255) CHARACTER SET utf8mb4 COLLATE utf8mb4_unicode_ci NOT NULL,
  `address` varchar(255) CHARACTER SET utf8mb4 COLLATE utf8mb4_unicode_ci NOT NULL,
  `relation_id` bigint unsigned DEFAULT NULL,
  `remark` text CHARACTER SET utf8mb4 COLLATE utf8mb4_unicode_ci,
  `created_at` timestamp NULL DEFAULT NULL,
  `updated_at` timestamp NULL DEFAULT NULL,
  PRIMARY KEY (`id`),
  KEY `spouses_staff_id_foreign` (`staff_id`),
  KEY `spouses_ethnic_id_foreign` (`ethnic_id`),
  KEY `spouses_religion_id_foreign` (`religion_id`),
  KEY `spouses_gender_id_foreign` (`gender_id`),
  KEY `spouses_relation_id_foreign` (`relation_id`),
  CONSTRAINT `spouses_ethnic_id_foreign` FOREIGN KEY (`ethnic_id`) REFERENCES `ethnics` (`id`) ON DELETE SET NULL,
  CONSTRAINT `spouses_gender_id_foreign` FOREIGN KEY (`gender_id`) REFERENCES `genders` (`id`) ON DELETE SET NULL,
  CONSTRAINT `spouses_relation_id_foreign` FOREIGN KEY (`relation_id`) REFERENCES `relations` (`id`) ON DELETE SET NULL,
  CONSTRAINT `spouses_religion_id_foreign` FOREIGN KEY (`religion_id`) REFERENCES `religions` (`id`) ON DELETE SET NULL,
  CONSTRAINT `spouses_staff_id_foreign` FOREIGN KEY (`staff_id`) REFERENCES `staff` (`id`) ON DELETE CASCADE
) ENGINE=InnoDB AUTO_INCREMENT=76 DEFAULT CHARSET=utf8mb4 COLLATE=utf8mb4_unicode_ci;
/*!40101 SET character_set_client = @saved_cs_client */;

--
-- Dumping data for table `spouses`
--

LOCK TABLES `spouses` WRITE;
/*!40000 ALTER TABLE `spouses` DISABLE KEYS */;
INSERT INTO `spouses` VALUES (7,8,'ဒေါ်ရတနာမြင့်',86,1,2,'မန္တလေး','တွဲဖက်ပါမောက္ခ ပြင်သစ်ဘာသာဌာန၊ ရန်ကုန်နိုင်ငံခြား ဘာသာတက္ကသိုလ်','အခန်း(၂၀၆)၊ စိမ်းလဲ့မေ လမ်းသွယ်DICA၊ ရန်ကုန် တိုင်း၊ဝန်ထမ်းအိမ်ရာ၊ ရန်ကင်းမြို့နယ်',1,NULL,'2024-12-08 22:37:55','2024-12-08 22:37:55'),(21,7,'ဒေါ်ဝေဝေမြင့်',86,1,2,'တောင်ငူမြို့','မှီခို','၆၃၅ A (A-2) ရိုးမ ရိပ်သာ၊ ပြည်လမ်း၊ ကမာရွတ်မြို့နယ်၊ ရန်ကုန်။',1,NULL,'2024-12-10 22:14:38','2025-02-24 01:57:06'),(23,25,'ဒေါ်ကြည်ကြည်အောင်',86,1,2,'မြစ်ကြီးနား','အလယ်တန်းပြ (ငြိမ်း)','တိုက်(၂)၊အခန်း (၀၀၃)၊ ဝါဝါဝင်း အိမ်ရာ၊ (၅) ရပ် ကွက်၊ ရန်ကင်းမြို့ နယ်၊ ရန်ကုန်တိုင်း ဒေသကြီး',1,NULL,'2024-12-13 03:24:02','2024-12-13 03:24:02'),(58,33,'ဒေါ်အိအိဖြိုးဆွေ',86,1,2,'ရန်ကုန်မြို့','မှီခို','အမှတ်၄၃၊ ဗဟိုလမ်း၊ လှည်းတန်း၊ ကမာရွတ် မြို့နယ်၊ ရန်ကုန်မြို့',1,NULL,'2025-01-10 02:30:47','2025-01-10 02:30:47'),(59,36,'ဒေါ််ခင်လတ်သူ',86,1,2,'ရန်ကုန်မြို့','မှီခို','အမှတ်(၁)၊ သစ္စာလမ်း၊ ရန်ကင်းမြို့နယ်၊  ရန်ကုန်မြို့။  ',1,NULL,'2025-01-16 02:38:49','2025-01-16 02:38:49'),(70,50,'ဒေါ်နီလာဝင်း',140,1,2,'ဆီဆိုင်မြို့','မှီခို','အမှတ်(၄၂)၊သစ်ခွလမ်း၊ကျောင်းကြီးစုရပ် ကွက်၊ တောင်ကြီးမြို့၊ ရှမ်းပြည်နယ်',1,NULL,'2025-01-22 01:21:20','2025-01-22 01:23:49'),(73,53,'ဦးအောင်ကိုသက်',86,1,1,'ဒုတ်ရိုက်ကုန်းရွာ၊ မြန်အောင်မြို့နယ်၊ဧရာဝတီတိုင်း','ဝန်ထမ်း','တိုက်(ဘီ)၊ အခန်း (၄၀၃)၊ သဇင်ရုံလမ်း၊ မရမ်းကုန်းမြို့နယ်၊ ရန်ကုန်တိုင်းဒေသကြီး',2,NULL,'2025-01-28 02:55:23','2025-02-26 02:26:11'),(74,30,'ဦးကျော်ကျော်လွင်',86,1,1,'အုတ်ဖို','ဝက်မွေးမြူ‌ရေး','တိုက် B ၊ အခန်း ၂၀၄၊ သဇင်ရုံလမ်း၊ DICA အိမ်ယာ၊ မရမ်းကုန်း ၅ ရပ်ကွက်၊ မရမ်းကုန်းမြို့နယ်၊ ရန်ကုန်မြို့',2,NULL,'2025-02-26 01:51:58','2025-02-26 01:51:58'),(75,62,'ဒေါ်ခိုင်ဇာလင်း',86,1,2,'စဉ့်ကိုင်မြို့။','မှီခို','အခန်း(၄၀၅)၊ စိမ်းလဲ့မေလမ်းသွယ်၊ DICA၊ရန်ကုန်တိုင်းဝန်ထမ်းအိမ်ရာ၊ ရန်ကင်းမြို့နယ်၊ ရန်ကုန်တိုင်းဒေသကြီး။',1,NULL,'2025-02-28 03:33:47','2025-02-28 03:33:47');
/*!40000 ALTER TABLE `spouses` ENABLE KEYS */;
UNLOCK TABLES;

--
-- Table structure for table `staff`
--

DROP TABLE IF EXISTS `staff`;
/*!40101 SET @saved_cs_client     = @@character_set_client */;
/*!50503 SET character_set_client = utf8mb4 */;
CREATE TABLE `staff` (
  `id` bigint unsigned NOT NULL AUTO_INCREMENT,
  `staff_photo` text CHARACTER SET utf8mb4 COLLATE utf8mb4_unicode_ci,
  `staff_no` text CHARACTER SET utf8mb4 COLLATE utf8mb4_unicode_ci,
  `name` text CHARACTER SET utf8mb4 COLLATE utf8mb4_unicode_ci,
  `nick_name` text CHARACTER SET utf8mb4 COLLATE utf8mb4_unicode_ci,
  `other_name` text CHARACTER SET utf8mb4 COLLATE utf8mb4_unicode_ci,
  `dob` date DEFAULT NULL,
  `attendid` text CHARACTER SET utf8mb4 COLLATE utf8mb4_unicode_ci,
  `gpms_staff_no` text CHARACTER SET utf8mb4 COLLATE utf8mb4_unicode_ci,
  `spouse_name` text CHARACTER SET utf8mb4 COLLATE utf8mb4_unicode_ci,
  `gender_id` bigint unsigned DEFAULT NULL,
  `ethnic_id` bigint unsigned DEFAULT NULL,
  `religion_id` bigint unsigned DEFAULT NULL,
  `height_feet` int DEFAULT NULL,
  `height_inch` int DEFAULT NULL,
  `hair_color` text CHARACTER SET utf8mb4 COLLATE utf8mb4_unicode_ci,
  `eye_color` text CHARACTER SET utf8mb4 COLLATE utf8mb4_unicode_ci,
  `prominent_mark` text CHARACTER SET utf8mb4 COLLATE utf8mb4_unicode_ci,
  `skin_color` text CHARACTER SET utf8mb4 COLLATE utf8mb4_unicode_ci,
  `weight` text CHARACTER SET utf8mb4 COLLATE utf8mb4_unicode_ci,
  `blood_type_id` bigint unsigned DEFAULT NULL,
  `marital_status_id` bigint unsigned DEFAULT NULL,
  `place_of_birth` text CHARACTER SET utf8mb4 COLLATE utf8mb4_unicode_ci,
  `nrc_region_id_id` bigint unsigned DEFAULT NULL,
  `nrc_township_code_id` bigint unsigned DEFAULT NULL,
  `nrc_sign_id` bigint unsigned DEFAULT NULL,
  `nrc_code` text CHARACTER SET utf8mb4 COLLATE utf8mb4_unicode_ci,
  `nrc_front` text CHARACTER SET utf8mb4 COLLATE utf8mb4_unicode_ci,
  `nrc_back` text CHARACTER SET utf8mb4 COLLATE utf8mb4_unicode_ci,
  `phone` text CHARACTER SET utf8mb4 COLLATE utf8mb4_unicode_ci,
  `mobile` text CHARACTER SET utf8mb4 COLLATE utf8mb4_unicode_ci,
  `email` text CHARACTER SET utf8mb4 COLLATE utf8mb4_unicode_ci,
  `life_insurance_proposal` text CHARACTER SET utf8mb4 COLLATE utf8mb4_unicode_ci,
  `life_insurance_policy_no` text CHARACTER SET utf8mb4 COLLATE utf8mb4_unicode_ci,
  `life_insurance_premium` text CHARACTER SET utf8mb4 COLLATE utf8mb4_unicode_ci,
  `current_address_street` text CHARACTER SET utf8mb4 COLLATE utf8mb4_unicode_ci,
  `current_address_ward` text CHARACTER SET utf8mb4 COLLATE utf8mb4_unicode_ci,
  `current_address_house_no` text CHARACTER SET utf8mb4 COLLATE utf8mb4_unicode_ci,
  `current_address_township_or_town_id` bigint unsigned DEFAULT NULL,
  `current_address_district_id` bigint unsigned DEFAULT NULL,
  `current_address_region_id` bigint unsigned DEFAULT NULL,
  `permanent_address_street` text CHARACTER SET utf8mb4 COLLATE utf8mb4_unicode_ci,
  `permanent_address_ward` text CHARACTER SET utf8mb4 COLLATE utf8mb4_unicode_ci,
  `permanent_address_house_no` text CHARACTER SET utf8mb4 COLLATE utf8mb4_unicode_ci,
  `permanent_address_township_or_town_id` bigint unsigned DEFAULT NULL,
  `permanent_address_district_id` bigint unsigned DEFAULT NULL,
  `permanent_address_region_id` bigint unsigned DEFAULT NULL,
  `previous_addresses` text CHARACTER SET utf8mb4 COLLATE utf8mb4_unicode_ci,
  `military_solider_no` text CHARACTER SET utf8mb4 COLLATE utf8mb4_unicode_ci,
  `military_join_date` date DEFAULT NULL,
  `military_dsa_no` text CHARACTER SET utf8mb4 COLLATE utf8mb4_unicode_ci,
  `military_gazetted_no` text CHARACTER SET utf8mb4 COLLATE utf8mb4_unicode_ci,
  `veteran_no` text CHARACTER SET utf8mb4 COLLATE utf8mb4_unicode_ci,
  `veteran_date` date DEFAULT NULL,
  `military_gazetted_date` date DEFAULT NULL,
  `military_leave_date` date DEFAULT NULL,
  `military_leave_reason` text CHARACTER SET utf8mb4 COLLATE utf8mb4_unicode_ci,
  `military_served_army` text CHARACTER SET utf8mb4 COLLATE utf8mb4_unicode_ci,
  `military_brief_history_or_penalty` text CHARACTER SET utf8mb4 COLLATE utf8mb4_unicode_ci,
  `military_pension` varchar(255) COLLATE utf8mb4_unicode_ci DEFAULT NULL,
  `last_serve_army` text CHARACTER SET utf8mb4 COLLATE utf8mb4_unicode_ci,
  `health_condition` text CHARACTER SET utf8mb4 COLLATE utf8mb4_unicode_ci,
  `tax_exception` text CHARACTER SET utf8mb4 COLLATE utf8mb4_unicode_ci,
  `education_group_id` bigint unsigned DEFAULT NULL,
  `education_type_id` bigint unsigned DEFAULT NULL,
  `education_id` bigint unsigned DEFAULT NULL,
  `father_name` text CHARACTER SET utf8mb4 COLLATE utf8mb4_unicode_ci,
  `father_ethnic_id` bigint unsigned DEFAULT NULL,
  `father_religion_id` bigint unsigned DEFAULT NULL,
  `father_place_of_birth` text CHARACTER SET utf8mb4 COLLATE utf8mb4_unicode_ci,
  `father_occupation` text CHARACTER SET utf8mb4 COLLATE utf8mb4_unicode_ci,
  `father_address_house_no` text CHARACTER SET utf8mb4 COLLATE utf8mb4_unicode_ci,
  `father_address_street` text CHARACTER SET utf8mb4 COLLATE utf8mb4_unicode_ci,
  `father_address_ward` text CHARACTER SET utf8mb4 COLLATE utf8mb4_unicode_ci,
  `father_address_township_or_town_id` bigint unsigned DEFAULT NULL,
  `father_address_district_id` bigint unsigned DEFAULT NULL,
  `father_address_region_id` bigint unsigned DEFAULT NULL,
  `spouse_father_name` text CHARACTER SET utf8mb4 COLLATE utf8mb4_unicode_ci,
  `spouse_father_ethnic_id` bigint unsigned DEFAULT NULL,
  `spouse_father_religion_id` bigint unsigned DEFAULT NULL,
  `spouse_father_place_of_birth` text CHARACTER SET utf8mb4 COLLATE utf8mb4_unicode_ci,
  `spouse_father_occupation` text CHARACTER SET utf8mb4 COLLATE utf8mb4_unicode_ci,
  `spouse_father_address_house_no` text CHARACTER SET utf8mb4 COLLATE utf8mb4_unicode_ci,
  `spouse_father_address_street` text CHARACTER SET utf8mb4 COLLATE utf8mb4_unicode_ci,
  `spouse_father_address_ward` text CHARACTER SET utf8mb4 COLLATE utf8mb4_unicode_ci,
  `spouse_father_address_township_or_town_id` bigint unsigned DEFAULT NULL,
  `spouse_father_address_district_id` bigint unsigned DEFAULT NULL,
  `spouse_father_address_region_id` bigint unsigned DEFAULT NULL,
  `mother_name` text CHARACTER SET utf8mb4 COLLATE utf8mb4_unicode_ci,
  `mother_ethnic_id` bigint unsigned DEFAULT NULL,
  `mother_religion_id` bigint unsigned DEFAULT NULL,
  `mother_place_of_birth` text CHARACTER SET utf8mb4 COLLATE utf8mb4_unicode_ci,
  `mother_occupation` text CHARACTER SET utf8mb4 COLLATE utf8mb4_unicode_ci,
  `mother_address_house_no` text CHARACTER SET utf8mb4 COLLATE utf8mb4_unicode_ci,
  `mother_address_street` text CHARACTER SET utf8mb4 COLLATE utf8mb4_unicode_ci,
  `mother_address_ward` text CHARACTER SET utf8mb4 COLLATE utf8mb4_unicode_ci,
  `mother_address_township_or_town_id` bigint unsigned DEFAULT NULL,
  `mother_address_district_id` bigint unsigned DEFAULT NULL,
  `mother_address_region_id` bigint unsigned DEFAULT NULL,
  `spouse_mother_name` text CHARACTER SET utf8mb4 COLLATE utf8mb4_unicode_ci,
  `spouse_mother_ethnic_id` bigint unsigned DEFAULT NULL,
  `spouse_mother_religion_id` bigint unsigned DEFAULT NULL,
  `spouse_mother_place_of_birth` text CHARACTER SET utf8mb4 COLLATE utf8mb4_unicode_ci,
  `spouse_mother_occupation` text CHARACTER SET utf8mb4 COLLATE utf8mb4_unicode_ci,
  `spouse_mother_address_house_no` text CHARACTER SET utf8mb4 COLLATE utf8mb4_unicode_ci,
  `spouse_mother_address_street` text CHARACTER SET utf8mb4 COLLATE utf8mb4_unicode_ci,
  `spouse_mother_address_ward` text CHARACTER SET utf8mb4 COLLATE utf8mb4_unicode_ci,
  `spouse_mother_address_township_or_town_id` bigint unsigned DEFAULT NULL,
  `spouse_mother_address_district_id` bigint unsigned DEFAULT NULL,
  `spouse_mother_address_region_id` bigint unsigned DEFAULT NULL,
  `family_in_politics` tinyint(1) NOT NULL DEFAULT '0',
  `is_parents_citizen_when_staff_born` tinyint(1) NOT NULL DEFAULT '0',
  `current_rank_id` bigint unsigned DEFAULT NULL,
  `current_rank_date` date DEFAULT NULL,
  `current_department_id` bigint unsigned DEFAULT NULL,
  `current_division_id` bigint unsigned DEFAULT NULL,
  `transfer_remark` text CHARACTER SET utf8mb4 COLLATE utf8mb4_unicode_ci,
  `side_department_id` bigint unsigned DEFAULT NULL,
  `side_division_id` bigint unsigned DEFAULT NULL,
  `salary_paid_by` bigint unsigned DEFAULT NULL,
  `join_date` date DEFAULT NULL,
  `government_staff_started_date` date DEFAULT NULL,
  `is_newly_appointed` tinyint(1) NOT NULL DEFAULT '0',
  `is_direct_appointed` varchar(255) COLLATE utf8mb4_unicode_ci DEFAULT NULL,
  `payscale_id` bigint unsigned DEFAULT NULL,
  `current_salary` int DEFAULT NULL,
  `current_increment_time` int DEFAULT NULL,
  `last_school_name` text CHARACTER SET utf8mb4 COLLATE utf8mb4_unicode_ci,
  `last_school_subject` text CHARACTER SET utf8mb4 COLLATE utf8mb4_unicode_ci,
  `last_school_row_no` text CHARACTER SET utf8mb4 COLLATE utf8mb4_unicode_ci,
  `last_school_major` text CHARACTER SET utf8mb4 COLLATE utf8mb4_unicode_ci,
  `student_life_political_social` text CHARACTER SET utf8mb4 COLLATE utf8mb4_unicode_ci,
  `habit` text CHARACTER SET utf8mb4 COLLATE utf8mb4_unicode_ci,
  `revolution` text CHARACTER SET utf8mb4 COLLATE utf8mb4_unicode_ci,
  `transfer_reason_salary` text CHARACTER SET utf8mb4 COLLATE utf8mb4_unicode_ci,
  `during_work_political_social` text CHARACTER SET utf8mb4 COLLATE utf8mb4_unicode_ci,
  `has_military_friend` tinyint(1) DEFAULT '0',
  `foreigner_friend_name` text CHARACTER SET utf8mb4 COLLATE utf8mb4_unicode_ci,
  `foreigner_friend_occupation` text CHARACTER SET utf8mb4 COLLATE utf8mb4_unicode_ci,
  `foreigner_friend_nationality_id` bigint unsigned DEFAULT NULL,
  `foreigner_friend_country_id` bigint unsigned DEFAULT NULL,
  `foreigner_friend_how_to_know` text CHARACTER SET utf8mb4 COLLATE utf8mb4_unicode_ci,
  `recommended_by_military_person` text CHARACTER SET utf8mb4 COLLATE utf8mb4_unicode_ci,
  `is_active` tinyint(1) NOT NULL DEFAULT '1',
  `status` varchar(255) CHARACTER SET utf8mb4 COLLATE utf8mb4_unicode_ci DEFAULT NULL,
  `previous_active_status` varchar(255) CHARACTER SET utf8mb4 COLLATE utf8mb4_unicode_ci NOT NULL DEFAULT '1',
  `status_changed_at` timestamp NULL DEFAULT NULL,
  `retire_date` date DEFAULT NULL,
  `retire_type_id` bigint unsigned DEFAULT NULL,
  `retire_remark` text CHARACTER SET utf8mb4 COLLATE utf8mb4_unicode_ci,
  `pension_type_id` bigint unsigned DEFAULT NULL,
  `pension_salary` int DEFAULT NULL,
  `gratuity` int DEFAULT NULL,
  `pension_bank` text CHARACTER SET utf8mb4 COLLATE utf8mb4_unicode_ci,
  `pension_office_order` text CHARACTER SET utf8mb4 COLLATE utf8mb4_unicode_ci,
  `family_pension_inheritor` text CHARACTER SET utf8mb4 COLLATE utf8mb4_unicode_ci,
  `family_pension_inheritor_relation_id` bigint unsigned DEFAULT NULL,
  `family_pension_date` date DEFAULT NULL,
  `comment` longtext CHARACTER SET utf8mb4 COLLATE utf8mb4_unicode_ci,
  `status_id` varchar(255) CHARACTER SET utf8mb4 COLLATE utf8mb4_unicode_ci DEFAULT NULL,
  `created_at` timestamp NULL DEFAULT NULL,
  `updated_at` timestamp NULL DEFAULT NULL,
  `family_in_politics_text` longtext COLLATE utf8mb4_unicode_ci,
  `has_military_friend_text` longtext COLLATE utf8mb4_unicode_ci,
  `sort_no` int DEFAULT NULL,
  `military_service_id` bigint unsigned DEFAULT NULL,
  `side_ministry_id` bigint unsigned DEFAULT NULL,
  `transfer_division_id` bigint unsigned DEFAULT NULL,
  `request_attach` varchar(255) COLLATE utf8mb4_unicode_ci DEFAULT NULL,
  `retire_remark_attach` varchar(255) COLLATE utf8mb4_unicode_ci DEFAULT NULL,
  `last_increment_date` date DEFAULT NULL,
  `past_occupation` text COLLATE utf8mb4_unicode_ci,
  PRIMARY KEY (`id`),
  KEY `staff_gender_id_foreign` (`gender_id`),
  KEY `staff_ethnic_id_foreign` (`ethnic_id`),
  KEY `staff_religion_id_foreign` (`religion_id`),
  KEY `staff_blood_type_id_foreign` (`blood_type_id`),
  KEY `staff_marital_status_id_foreign` (`marital_status_id`),
  KEY `staff_nrc_region_id_id_foreign` (`nrc_region_id_id`),
  KEY `staff_nrc_township_code_id_foreign` (`nrc_township_code_id`),
  KEY `staff_nrc_sign_id_foreign` (`nrc_sign_id`),
  KEY `staff_current_address_township_or_town_id_foreign` (`current_address_township_or_town_id`),
  KEY `staff_current_address_district_id_foreign` (`current_address_district_id`),
  KEY `staff_current_address_region_id_foreign` (`current_address_region_id`),
  KEY `staff_permanent_address_township_or_town_id_foreign` (`permanent_address_township_or_town_id`),
  KEY `staff_permanent_address_district_id_foreign` (`permanent_address_district_id`),
  KEY `staff_permanent_address_region_id_foreign` (`permanent_address_region_id`),
  KEY `staff_father_ethnic_id_foreign` (`father_ethnic_id`),
  KEY `staff_father_religion_id_foreign` (`father_religion_id`),
  KEY `staff_father_address_township_or_town_id_foreign` (`father_address_township_or_town_id`),
  KEY `staff_father_address_district_id_foreign` (`father_address_district_id`),
  KEY `staff_father_address_region_id_foreign` (`father_address_region_id`),
  KEY `staff_spouse_father_ethnic_id_foreign` (`spouse_father_ethnic_id`),
  KEY `staff_spouse_father_religion_id_foreign` (`spouse_father_religion_id`),
  KEY `staff_spouse_father_address_township_or_town_id_foreign` (`spouse_father_address_township_or_town_id`),
  KEY `staff_spouse_father_address_district_id_foreign` (`spouse_father_address_district_id`),
  KEY `staff_spouse_father_address_region_id_foreign` (`spouse_father_address_region_id`),
  KEY `staff_mother_ethnic_id_foreign` (`mother_ethnic_id`),
  KEY `staff_mother_religion_id_foreign` (`mother_religion_id`),
  KEY `staff_mother_address_township_or_town_id_foreign` (`mother_address_township_or_town_id`),
  KEY `staff_mother_address_district_id_foreign` (`mother_address_district_id`),
  KEY `staff_mother_address_region_id_foreign` (`mother_address_region_id`),
  KEY `staff_spouse_mother_ethnic_id_foreign` (`spouse_mother_ethnic_id`),
  KEY `staff_spouse_mother_religion_id_foreign` (`spouse_mother_religion_id`),
  KEY `staff_spouse_mother_address_township_or_town_id_foreign` (`spouse_mother_address_township_or_town_id`),
  KEY `staff_spouse_mother_address_district_id_foreign` (`spouse_mother_address_district_id`),
  KEY `staff_spouse_mother_address_region_id_foreign` (`spouse_mother_address_region_id`),
  KEY `staff_current_rank_id_foreign` (`current_rank_id`),
  KEY `staff_current_department_id_foreign` (`current_department_id`),
  KEY `staff_current_division_id_foreign` (`current_division_id`),
  KEY `staff_side_department_id_foreign` (`side_department_id`),
  KEY `staff_side_division_id_foreign` (`side_division_id`),
  KEY `staff_salary_paid_by_foreign` (`salary_paid_by`),
  KEY `staff_payscale_id_foreign` (`payscale_id`),
  KEY `staff_foreigner_friend_nationality_id_foreign` (`foreigner_friend_nationality_id`),
  KEY `staff_foreigner_friend_country_id_foreign` (`foreigner_friend_country_id`),
  KEY `staff_pension_type_id_foreign` (`pension_type_id`),
  KEY `staff_family_pension_inheritor_relation_id_foreign` (`family_pension_inheritor_relation_id`),
  KEY `staff_military_service_id_foreign` (`military_service_id`),
  KEY `staff_side_ministry_id_foreign` (`side_ministry_id`),
  KEY `staff_transfer_division_id_foreign` (`transfer_division_id`),
  CONSTRAINT `staff_blood_type_id_foreign` FOREIGN KEY (`blood_type_id`) REFERENCES `blood_types` (`id`) ON DELETE SET NULL,
  CONSTRAINT `staff_current_address_district_id_foreign` FOREIGN KEY (`current_address_district_id`) REFERENCES `districts` (`id`) ON DELETE SET NULL,
  CONSTRAINT `staff_current_address_region_id_foreign` FOREIGN KEY (`current_address_region_id`) REFERENCES `regions` (`id`) ON DELETE SET NULL,
  CONSTRAINT `staff_current_address_township_or_town_id_foreign` FOREIGN KEY (`current_address_township_or_town_id`) REFERENCES `townships` (`id`) ON DELETE SET NULL,
  CONSTRAINT `staff_current_department_id_foreign` FOREIGN KEY (`current_department_id`) REFERENCES `departments` (`id`) ON DELETE SET NULL,
  CONSTRAINT `staff_current_division_id_foreign` FOREIGN KEY (`current_division_id`) REFERENCES `divisions` (`id`) ON DELETE SET NULL,
  CONSTRAINT `staff_current_rank_id_foreign` FOREIGN KEY (`current_rank_id`) REFERENCES `ranks` (`id`) ON DELETE SET NULL,
  CONSTRAINT `staff_ethnic_id_foreign` FOREIGN KEY (`ethnic_id`) REFERENCES `ethnics` (`id`) ON DELETE SET NULL,
  CONSTRAINT `staff_family_pension_inheritor_relation_id_foreign` FOREIGN KEY (`family_pension_inheritor_relation_id`) REFERENCES `relations` (`id`) ON DELETE SET NULL,
  CONSTRAINT `staff_father_address_district_id_foreign` FOREIGN KEY (`father_address_district_id`) REFERENCES `districts` (`id`) ON DELETE SET NULL,
  CONSTRAINT `staff_father_address_region_id_foreign` FOREIGN KEY (`father_address_region_id`) REFERENCES `regions` (`id`) ON DELETE SET NULL,
  CONSTRAINT `staff_father_address_township_or_town_id_foreign` FOREIGN KEY (`father_address_township_or_town_id`) REFERENCES `townships` (`id`) ON DELETE SET NULL,
  CONSTRAINT `staff_father_ethnic_id_foreign` FOREIGN KEY (`father_ethnic_id`) REFERENCES `ethnics` (`id`) ON DELETE SET NULL,
  CONSTRAINT `staff_father_religion_id_foreign` FOREIGN KEY (`father_religion_id`) REFERENCES `religions` (`id`) ON DELETE SET NULL,
  CONSTRAINT `staff_foreigner_friend_country_id_foreign` FOREIGN KEY (`foreigner_friend_country_id`) REFERENCES `countries` (`id`) ON DELETE SET NULL,
  CONSTRAINT `staff_foreigner_friend_nationality_id_foreign` FOREIGN KEY (`foreigner_friend_nationality_id`) REFERENCES `nationalities` (`id`) ON DELETE SET NULL,
  CONSTRAINT `staff_gender_id_foreign` FOREIGN KEY (`gender_id`) REFERENCES `genders` (`id`) ON DELETE SET NULL,
  CONSTRAINT `staff_marital_status_id_foreign` FOREIGN KEY (`marital_status_id`) REFERENCES `marital_statuses` (`id`) ON DELETE SET NULL,
  CONSTRAINT `staff_military_service_id_foreign` FOREIGN KEY (`military_service_id`) REFERENCES `military_services` (`id`) ON DELETE SET NULL,
  CONSTRAINT `staff_mother_address_district_id_foreign` FOREIGN KEY (`mother_address_district_id`) REFERENCES `districts` (`id`) ON DELETE SET NULL,
  CONSTRAINT `staff_mother_address_region_id_foreign` FOREIGN KEY (`mother_address_region_id`) REFERENCES `regions` (`id`) ON DELETE SET NULL,
  CONSTRAINT `staff_mother_address_township_or_town_id_foreign` FOREIGN KEY (`mother_address_township_or_town_id`) REFERENCES `townships` (`id`) ON DELETE SET NULL,
  CONSTRAINT `staff_mother_ethnic_id_foreign` FOREIGN KEY (`mother_ethnic_id`) REFERENCES `ethnics` (`id`) ON DELETE SET NULL,
  CONSTRAINT `staff_mother_religion_id_foreign` FOREIGN KEY (`mother_religion_id`) REFERENCES `religions` (`id`) ON DELETE SET NULL,
  CONSTRAINT `staff_nrc_region_id_id_foreign` FOREIGN KEY (`nrc_region_id_id`) REFERENCES `nrc_region_ids` (`id`) ON DELETE SET NULL,
  CONSTRAINT `staff_nrc_sign_id_foreign` FOREIGN KEY (`nrc_sign_id`) REFERENCES `nrc_signs` (`id`) ON DELETE SET NULL,
  CONSTRAINT `staff_nrc_township_code_id_foreign` FOREIGN KEY (`nrc_township_code_id`) REFERENCES `nrc_township_codes` (`id`) ON DELETE SET NULL,
  CONSTRAINT `staff_payscale_id_foreign` FOREIGN KEY (`payscale_id`) REFERENCES `payscales` (`id`) ON DELETE SET NULL,
  CONSTRAINT `staff_pension_type_id_foreign` FOREIGN KEY (`pension_type_id`) REFERENCES `pension_types` (`id`) ON DELETE SET NULL,
  CONSTRAINT `staff_permanent_address_district_id_foreign` FOREIGN KEY (`permanent_address_district_id`) REFERENCES `districts` (`id`) ON DELETE SET NULL,
  CONSTRAINT `staff_permanent_address_region_id_foreign` FOREIGN KEY (`permanent_address_region_id`) REFERENCES `regions` (`id`) ON DELETE SET NULL,
  CONSTRAINT `staff_permanent_address_township_or_town_id_foreign` FOREIGN KEY (`permanent_address_township_or_town_id`) REFERENCES `townships` (`id`) ON DELETE SET NULL,
  CONSTRAINT `staff_religion_id_foreign` FOREIGN KEY (`religion_id`) REFERENCES `religions` (`id`) ON DELETE SET NULL,
  CONSTRAINT `staff_salary_paid_by_foreign` FOREIGN KEY (`salary_paid_by`) REFERENCES `departments` (`id`) ON DELETE SET NULL,
  CONSTRAINT `staff_side_department_id_foreign` FOREIGN KEY (`side_department_id`) REFERENCES `departments` (`id`) ON DELETE SET NULL,
  CONSTRAINT `staff_side_division_id_foreign` FOREIGN KEY (`side_division_id`) REFERENCES `divisions` (`id`) ON DELETE SET NULL,
  CONSTRAINT `staff_side_ministry_id_foreign` FOREIGN KEY (`side_ministry_id`) REFERENCES `ministries` (`id`) ON DELETE SET NULL,
  CONSTRAINT `staff_spouse_father_address_district_id_foreign` FOREIGN KEY (`spouse_father_address_district_id`) REFERENCES `districts` (`id`) ON DELETE SET NULL,
  CONSTRAINT `staff_spouse_father_address_region_id_foreign` FOREIGN KEY (`spouse_father_address_region_id`) REFERENCES `regions` (`id`) ON DELETE SET NULL,
  CONSTRAINT `staff_spouse_father_address_township_or_town_id_foreign` FOREIGN KEY (`spouse_father_address_township_or_town_id`) REFERENCES `townships` (`id`) ON DELETE SET NULL,
  CONSTRAINT `staff_spouse_father_ethnic_id_foreign` FOREIGN KEY (`spouse_father_ethnic_id`) REFERENCES `ethnics` (`id`) ON DELETE SET NULL,
  CONSTRAINT `staff_spouse_father_religion_id_foreign` FOREIGN KEY (`spouse_father_religion_id`) REFERENCES `religions` (`id`) ON DELETE SET NULL,
  CONSTRAINT `staff_spouse_mother_address_district_id_foreign` FOREIGN KEY (`spouse_mother_address_district_id`) REFERENCES `districts` (`id`) ON DELETE SET NULL,
  CONSTRAINT `staff_spouse_mother_address_region_id_foreign` FOREIGN KEY (`spouse_mother_address_region_id`) REFERENCES `regions` (`id`) ON DELETE SET NULL,
  CONSTRAINT `staff_spouse_mother_address_township_or_town_id_foreign` FOREIGN KEY (`spouse_mother_address_township_or_town_id`) REFERENCES `townships` (`id`) ON DELETE SET NULL,
  CONSTRAINT `staff_spouse_mother_ethnic_id_foreign` FOREIGN KEY (`spouse_mother_ethnic_id`) REFERENCES `ethnics` (`id`) ON DELETE SET NULL,
  CONSTRAINT `staff_spouse_mother_religion_id_foreign` FOREIGN KEY (`spouse_mother_religion_id`) REFERENCES `religions` (`id`) ON DELETE SET NULL,
  CONSTRAINT `staff_transfer_division_id_foreign` FOREIGN KEY (`transfer_division_id`) REFERENCES `divisions` (`id`) ON DELETE SET NULL
) ENGINE=InnoDB AUTO_INCREMENT=63 DEFAULT CHARSET=utf8mb4 COLLATE=utf8mb4_unicode_ci;
/*!40101 SET character_set_client = @saved_cs_client */;

--
-- Dumping data for table `staff`
--

LOCK TABLES `staff` WRITE;
/*!40000 ALTER TABLE `staff` DISABLE KEYS */;
INSERT INTO `staff` VALUES (7,'staffs/Qjb1vyjkZzTjCMFWvNfuFXM4rmpS5VE3C7y3lewy.jpg','GPMS Code-00804','ဦးသန့်စင်လွင်','ဆန်နီ','မရှိပါ','1966-06-17','1A013','GPMS Code-00804','ဒေါ်ဝေဝေမြင့်',1,86,1,6,0,'အနက်ရောင်','အနက်ရောင်','ဝဲနှုတ်ခမ်းဘေးအမာရွတ်ရှိ','အဖြူ','၁၉၅ ပေါင်',1,6,'၆၃၅A(A-2) ရိုးမရိပ်သာ၊ပြည်လမ်း၊ ကမာရွတ်၊ရန်ကုန်။ \n',7,140,1,'၀၁၅၇၄၁',NULL,NULL,'09-50525713','09-50525713','thantzinlwin11@gmail.com',NULL,NULL,NULL,'ရိုးမရိပ်သာ၊ပြည်လမ်း၊ ',NULL,'၆၃၅A (A-2) ',248,NULL,13,'ရိုးမရိပ်သာ၊ပြည်လမ်း၊ ',NULL,'၆၃၅A (A-2) ',248,NULL,13,'၆၃၅A(A-2) ရိုးမရိပ်သာ၊ပြည်လမ်း၊ ကမာရွတ်၊ရန်ကုန်။ \n','ကြည်း-၂၀၆၂၃','1984-08-15','	အလုပ်သင်ဗိုလ်လောင်းသင်တန်းအမှတ်စဉ်(၁၄)','ကြည်း-၂၀၆၂၃',NULL,NULL,'1987-10-23','2008-07-20','လွှဲပြောင်းတာဝန်ထမ်းဆောင်ခြင်း။','ခလရ(၃၉)၊ခလရ(၄၀၅)၊တထခွဲ(၆၈၆)၊တထခွဲ(၃၆၃)၊ခမရ(၃၅၄)၊တထခွဲ(၃၅၄)၊တထခွဲ(၄)၊တထက၊တထခွဲ(၁၁)၊','မရှိပါ','100000','တပ်မှူး၊အမှတ်(၁၁)၊တပ်ထိန်းတပ်ခွဲ၊ နေပြည်တော်','ကောင်း',NULL,NULL,NULL,NULL,'(ဦးထွန်းလွင်)(ကွယ်လွန်-၁၉၈၀)',86,1,'၆၃၅ A(A2)၊ ရိုးမရိပ်သာပြည်လမ်း၊ ကမာရွတ်မြို့နယ်၊ရန်ကုန်မြို့',' စစ်မှုထမ်း','၆၃၅A(A-2)','ရိုးမရိပ်သာပြည်လမ်း',NULL,248,NULL,13,'(ဦးခင်မောင်)',86,1,'ထန်းတပင်','ဆန်စက်လုပ်ငန်း',NULL,NULL,'ပြည်တော်သာရပ်ကွက်၊ထန်းတပင်။',97,NULL,8,'(ဒေါ်ရိမ်)(ကွယ်လွန်)',86,1,'၆၃၅ A(A2)၊ ရိုးမရိပ်သာပြည်လမ်း၊ ကမာရွတ်မြို့နယ်၊ရန်ကုန်မြို့','မှီခို','၆၃၅A(A-2)','ရိုးမရိပ်သာပြည်လမ်း',NULL,248,NULL,13,'ဒေါ်တင်ရီ',86,1,'ထန်းတပင်','မှီခို',NULL,NULL,'ပြည်တော်သာရပ်ကွက်၊ထန်းတပင်။',97,NULL,8,1,1,1,'2019-07-24',129,1,NULL,NULL,NULL,NULL,'2016-03-18','1984-08-15',0,'တိုက်ရိုက်ခန့်',1,550000,0,'ရန်ကုန်စီးပွားရေးတက္ကသိုလ်','Master of Development Studies','Roll No 68','Master of Development Studies','မရှိပါ။','ဘတ်စကက်ဘော၊ စာဖတ်ခြင်း','မရှိပါ။','မရှိပါ','မရှိပါ',1,NULL,NULL,NULL,NULL,'ဌာနဆိုင်ရာလုပ်ငန်းသဘောအရ ဆက်သွယ်ဆောင်ရွက်ရသည့်မိတ်ဆွေများ သာရှိပါသည်။',NULL,1,NULL,'1',NULL,NULL,NULL,NULL,NULL,NULL,NULL,NULL,NULL,NULL,NULL,NULL,NULL,'5','2024-12-05 00:04:16','2025-02-24 00:07:14','ဦးဇော်ဝင်း(ဇနီး၏မောင်)\nပြည်သူ့လွှတ်တော်ကိုယ်စားလှယ်	\nထန်းတပင်မြို့နယ်\n','ဌာနဆိုင်ရာတာဝန်ဖြင့်ပြောင်းရွှေ့တာဝန်ထမ်းဆောင် ရင်းစစ်ဘက်၊နယ်ဘက်၊ရဲဘက်၊နိုင်ငံရေးဘက်တွင်မိတ် ဆွေများနှင့် ခင်မင် ရင်းနှီးမှုရှိပါသည်။   ',2,NULL,NULL,NULL,NULL,NULL,NULL,'၂၃-၁၀-၁၉၈၇ မှ ၂၀-၇-၂၀၀၈ ရက်နေ့ထိတပ်မတော်တွင် ဒုဗိုလ်မှ ဗိုလ်မှူးအဆင့်ထိ တာဝန်ထမ်းဆောင်ခဲ့ပါသည်။ \n\n၂၁-၅-၂၀၀၈မှ၂၅-၉-၂၀၀၉ရက်နေ့ထိဒုတိယညွှန်ကြားရေးမှူး တာဝန်နှင့်၂၆-၉-၂၀၀၉မှ၂၄-၃-၂၀၁၅ရက်နေ့ထိဗဟိုစက်ပစ္စည်း စာရင်းအင်းနှင့်စစ်ဆေးရေးဦးစီးဌာနတွင်ညွှန်ကြားရေးမှူး တာဝန်များကိုတာဝန်ထမ်းဆောင်ခဲ့ပါသည်။ \n\n၂၅-၃-၂၀၁၅မှ၁၇-၃-၂၀၁၆ရက်နေ့ထိအမျိုးသားစီမံကိန်း နှင့်စီးပွားရေးဖွံ့ဖြိုးတိုးတက်မှုဝန်ကြီးဌာနတွင်ဒုတိယ  အမြဲတမ်းအတွင်းဝန်အဖြစ်တာဝန်ထမ်းဆောင်ခဲ့ပါသည်။  \n\n၂၂-၃-၂၀၁၆မှ၂-၁-၂၀၁၉ရက်နေ့ထိရင်းနှီးမြှုပ်နှံမှုနှင့်ကုမ္ပဏီများ ညွှန်ကြားမှုဦးစီးဌာနတွင်ဒုတိယညွှန်ကြားရေးမှူးချုပ်အဖြစ် တာဝန်ထမ်းဆောင်ခဲ့ပါသည်။\n\n၃-၁-၂၀၁၉မှ၂-၄-၂၀၁၉ထိဒုတိယအမြဲတမ်းအတွင်းဝန်၊ ရင်းနှီးမြှုပ်နှံမှုနှင့်နိုင်ငံခြားစီးပွားဆက်သွယ်ရေးဝန်ကြီးဌာန၊ ပြည်ထောင်စုဝန်ကြီးရုံးတွင်တာဝန်ထမ်းဆောင်ခဲ့ပါသည်။ \n\n၃-၄-၂၀၁၉မှ၂၄-၇-၂၀၁၉ထိရင်းနှီးမြှုပ်နှံမှုနှင့်ကုမ္ပဏီများ  ညွှန်ကြားမှုဦးစီးဌာနတွင်ခေတ္တညွှန်ကြားရေးမှူးချုပ်အဖြစ် တာဝန်ထမ်းဆောင်ခဲ့ပါသည်။\n\n၂၅-၇-၂၀၁၉မှယနေ့ထိရင်းနှီးမြှုပ်နှံမှုနှင့်ကုမ္ပဏီများညွှန်ကြားမှု ဦးစီးဌာနတွင်ညွှန်ကြားရေးမှူးချုပ်အဖြစ်တာဝန်ထမ်းဆောင် လျက်ရှိပါသည်။'),(8,'staffs/cuzcQrRIj6RLyu9cG5NBvsgHTEVpI0tQR5iRDXZL.jpg',NULL,'ဦးစိုးမြင့်အောင်',NULL,NULL,'1981-04-14','3A002','GPMS Code-00822','ဒေါ်ရတနာမြင့်',1,136,1,5,8,'အနက်','အနက်','ဝဲပါးမှဲ့ရှိ','အဖြူ','၁၅၀ပေါင်',1,6,'အင်းလေး၊ ညောင်ရွှေမြို့နယ်',13,386,1,'၀၄၉၀၇၃',NULL,NULL,'၀၉၂၆၃၈၀၆၆၆၇','၀၉၂၆၃၈၀၆၆၆၇','soemyintaung.moc@gmail.com',NULL,NULL,NULL,'စိမ်းလဲ့မေလမ်းသွယ်၊',NULL,'အခန်း(၂၀၆)၊ DICA၊ ရန်ကုန် တိုင်းဝန်ထမ်းအိမ်ရာ၊ ',216,NULL,13,'ကျီတော်လမ်း','ကျီတော်ရပ်ကွက်','အမှတ် (၂၉)၊ ',220,NULL,13,'ဆည်ခေါင်းရွာ၊ ညောင်ရွှေမြို့။','ရေ-၄၁၄၂','1999-05-28','စစ်တက္ကသိုလ်၊ အမှတ်စဉ်(၄၄)၊ ဗိုလ်လောင်းသင်တန်း',NULL,NULL,NULL,'2002-04-05','2006-08-16','နယ်ဘက်တာဝန်ပြောင်းလဲထမ်းဆောင်ခြင်း','အမှတ်(၁) ဗျူဟာစစ်ရေယာဉ်စု၊ ရေတပ်ပင်မတိုင်းတာ ရေးတပ်၊ အမှတ် (၃၆)၊ စစ်ရေယာဉ်စု။','မရှိပါ။','139,400',NULL,NULL,NULL,NULL,NULL,NULL,'ဦးသောင်းမြင့်',126,1,'အင်းလေး','ကုန်သည်','အမှတ်၂၉','ကျီတော်လမ်း','ကျီတော်ရပ်ကွက်၊',220,NULL,13,'ဦးကျော်ကျော်၊ကွယ်လွန် (၁၉၉၀ ခုနှစ်)',86,1,'မန္တလေး','ပန်းပုလုပ်ငန်း',NULL,NULL,NULL,NULL,NULL,10,'ဒေါ်ခင်စိန်မြ',86,1,'အင်းလေး','(ကွယ်လွန်) (၁၉၉၀ ခုနှစ်)',NULL,NULL,NULL,220,NULL,13,'ဒေါ်လှမြင့်၊ကွယ်လွန်   (၂၀၀၆ ခုနှစ်)',86,1,NULL,'ပန်းပုလုပ်ငန်း',NULL,NULL,NULL,NULL,NULL,NULL,0,1,2,'2024-12-13',129,1,NULL,NULL,NULL,NULL,'2015-10-08','2006-09-12',0,'တိုက်ရိုက်ခန့်',2,426000,2,'နိုင်ငံတော်ကာကွယ်ရေးတက္ကသိုလ်၊','မဟာဝိဇ္ဇာ၊','ကသ-၁၂၅ ','Master of Arts  (Defence Studies)','မရှိပါ','ရေကူး၊ ဂေါက်ကစားခြင်း။','မရှိပါ','မရှိပါ','မရှိပါ',0,'-','-',NULL,NULL,'-','-',0,NULL,'0','2025-02-17 02:40:09',NULL,NULL,NULL,NULL,NULL,NULL,NULL,NULL,NULL,NULL,NULL,'Admin ပြောင်းရန်','2','2024-12-05 01:27:58','2025-02-26 21:09:18',NULL,NULL,2,NULL,NULL,NULL,NULL,NULL,NULL,NULL),(10,NULL,NULL,'ဦးစိုးမင်း(ခ)ဦးညိုဝင်း',NULL,NULL,'1963-08-20',NULL,NULL,NULL,NULL,NULL,NULL,NULL,NULL,NULL,NULL,NULL,NULL,NULL,NULL,NULL,NULL,13,328,1,'025812',NULL,NULL,'၀၉ ၄၂၈၃၄၃၈၉၁၊ ၀၉ ၇၉၅၇၇၅၅၄၇',NULL,NULL,NULL,NULL,NULL,'ဓမ္မရတနာကျောင်','လမ်းခွဲ(၁)၊ နယ်မြေ(၂)',NULL,277,NULL,14,'ဓမ္မရတနာကျောင်','လမ်းခွဲ(၁)၊ နယ်မြေ(၂)',NULL,277,NULL,14,NULL,NULL,NULL,NULL,NULL,NULL,NULL,NULL,NULL,NULL,NULL,NULL,NULL,NULL,NULL,NULL,NULL,NULL,NULL,NULL,NULL,NULL,NULL,NULL,NULL,NULL,NULL,NULL,NULL,NULL,NULL,NULL,NULL,NULL,NULL,NULL,NULL,NULL,NULL,NULL,NULL,NULL,NULL,NULL,NULL,NULL,NULL,NULL,NULL,NULL,NULL,NULL,NULL,NULL,NULL,NULL,NULL,NULL,NULL,NULL,NULL,NULL,NULL,0,0,23,NULL,NULL,NULL,NULL,NULL,NULL,NULL,NULL,NULL,0,'0',13,NULL,NULL,NULL,NULL,NULL,NULL,NULL,NULL,NULL,NULL,NULL,0,NULL,NULL,NULL,NULL,NULL,NULL,1,NULL,'1',NULL,NULL,NULL,NULL,NULL,NULL,NULL,NULL,NULL,NULL,NULL,NULL,NULL,NULL,'2024-12-10 03:40:03','2025-02-23 23:12:20',NULL,NULL,22,NULL,NULL,NULL,NULL,NULL,NULL,NULL),(11,NULL,NULL,'ဦးစိုးမင်း(ခ)ဦးညိုဝင်း',NULL,NULL,'1963-08-20',NULL,NULL,NULL,NULL,NULL,NULL,NULL,NULL,NULL,NULL,NULL,NULL,NULL,NULL,NULL,NULL,13,328,1,'025812',NULL,NULL,'၀၉ ၄၂၈၃၄၃၈၉၁၊ ၀၉ ၇၉၅၇၇၅၅၄၇',NULL,NULL,NULL,NULL,NULL,'ဓမ္မရတနာကျောင်','လမ်းခွဲ(၁)၊ နယ်မြေ(၂)',NULL,277,NULL,14,'ဓမ္မရတနာကျောင်','လမ်းခွဲ(၁)၊ နယ်မြေ(၂)',NULL,277,NULL,14,NULL,NULL,NULL,NULL,NULL,NULL,NULL,NULL,NULL,NULL,NULL,NULL,NULL,NULL,NULL,NULL,NULL,NULL,NULL,NULL,NULL,NULL,NULL,NULL,NULL,NULL,NULL,NULL,NULL,NULL,NULL,NULL,NULL,NULL,NULL,NULL,NULL,NULL,NULL,NULL,NULL,NULL,NULL,NULL,NULL,NULL,NULL,NULL,NULL,NULL,NULL,NULL,NULL,NULL,NULL,NULL,NULL,NULL,NULL,NULL,NULL,NULL,NULL,0,0,23,NULL,NULL,NULL,NULL,NULL,NULL,NULL,NULL,NULL,0,'0',13,NULL,NULL,NULL,NULL,NULL,NULL,NULL,NULL,NULL,NULL,NULL,0,NULL,NULL,NULL,NULL,NULL,NULL,1,NULL,'1',NULL,NULL,NULL,NULL,NULL,NULL,NULL,NULL,NULL,NULL,NULL,NULL,NULL,NULL,'2024-12-10 03:40:07','2025-02-23 23:12:20',NULL,NULL,23,NULL,NULL,NULL,NULL,NULL,NULL,NULL),(12,NULL,NULL,'ဦးစိုးမင်း(ခ)ဦးညိုဝင်း',NULL,NULL,'1963-08-20',NULL,NULL,NULL,NULL,NULL,NULL,NULL,NULL,NULL,NULL,NULL,NULL,NULL,NULL,NULL,NULL,13,328,1,'025812',NULL,NULL,' 09 428343891 09 795775547',NULL,NULL,NULL,NULL,NULL,'ဓမ္မရတနာကျောင်','လမ်းခွဲ(၁)၊ နယ်မြေ(၂)',NULL,277,NULL,14,'ဓမ္မရတနာကျောင်','လမ်းခွဲ(၁)၊ နယ်မြေ(၂)',NULL,277,NULL,14,NULL,NULL,NULL,NULL,NULL,NULL,NULL,NULL,NULL,NULL,NULL,NULL,NULL,NULL,NULL,NULL,NULL,NULL,NULL,NULL,NULL,NULL,NULL,NULL,NULL,NULL,NULL,NULL,NULL,NULL,NULL,NULL,NULL,NULL,NULL,NULL,NULL,NULL,NULL,NULL,NULL,NULL,NULL,NULL,NULL,NULL,NULL,NULL,NULL,NULL,NULL,NULL,NULL,NULL,NULL,NULL,NULL,NULL,NULL,NULL,NULL,NULL,NULL,0,0,23,NULL,NULL,NULL,NULL,NULL,NULL,NULL,NULL,NULL,0,'0',13,NULL,NULL,NULL,NULL,NULL,NULL,NULL,NULL,NULL,NULL,NULL,0,NULL,NULL,NULL,NULL,NULL,NULL,1,NULL,'1',NULL,NULL,NULL,NULL,NULL,NULL,NULL,NULL,NULL,NULL,NULL,NULL,NULL,NULL,'2024-12-10 03:40:56','2025-02-23 23:12:20',NULL,NULL,21,NULL,NULL,NULL,NULL,NULL,NULL,NULL),(13,NULL,NULL,'ဦးစိုးမင်း(ခ)ဦးညိုဝင်း',NULL,NULL,'1963-08-20',NULL,NULL,NULL,NULL,NULL,NULL,NULL,NULL,NULL,NULL,NULL,NULL,NULL,NULL,NULL,NULL,13,328,1,'025812',NULL,NULL,' 09 428343891 09 795775547',NULL,NULL,NULL,NULL,NULL,'ဓမ္မရတနာကျောင်','လမ်းခွဲ(၁)၊ နယ်မြေ(၂)',NULL,277,NULL,14,'ဓမ္မရတနာကျောင်','လမ်းခွဲ(၁)၊ နယ်မြေ(၂)',NULL,277,NULL,14,NULL,NULL,NULL,NULL,NULL,NULL,NULL,NULL,NULL,NULL,NULL,NULL,NULL,NULL,NULL,NULL,NULL,NULL,NULL,NULL,NULL,NULL,NULL,NULL,NULL,NULL,NULL,NULL,NULL,NULL,NULL,NULL,NULL,NULL,NULL,NULL,NULL,NULL,NULL,NULL,NULL,NULL,NULL,NULL,NULL,NULL,NULL,NULL,NULL,NULL,NULL,NULL,NULL,NULL,NULL,NULL,NULL,NULL,NULL,NULL,NULL,NULL,NULL,0,0,23,NULL,NULL,NULL,NULL,NULL,NULL,NULL,NULL,NULL,0,'0',13,NULL,NULL,NULL,NULL,NULL,NULL,NULL,NULL,NULL,NULL,NULL,0,NULL,NULL,NULL,NULL,NULL,NULL,1,NULL,'1',NULL,NULL,NULL,NULL,NULL,NULL,NULL,NULL,NULL,NULL,NULL,NULL,NULL,NULL,'2024-12-10 03:40:58','2025-02-23 23:12:20',NULL,NULL,24,NULL,NULL,NULL,NULL,NULL,NULL,NULL),(14,NULL,NULL,'ဦးစိုးမင်း(ခ)ဦးညိုဝင်း',NULL,NULL,'1963-08-20',NULL,NULL,NULL,NULL,NULL,NULL,NULL,NULL,NULL,NULL,NULL,NULL,NULL,NULL,NULL,NULL,13,328,1,'025812',NULL,NULL,' 09 428343891 09 795775547',NULL,NULL,NULL,NULL,NULL,'ဓမ္မရတနာကျောင်','လမ်းခွဲ(၁)၊ နယ်မြေ(၂)',NULL,277,NULL,14,'ဓမ္မရတနာကျောင်','လမ်းခွဲ(၁)၊ နယ်မြေ(၂)',NULL,277,NULL,14,NULL,NULL,NULL,NULL,NULL,NULL,NULL,NULL,NULL,NULL,NULL,NULL,NULL,NULL,NULL,NULL,NULL,NULL,NULL,NULL,NULL,NULL,NULL,NULL,NULL,NULL,NULL,NULL,NULL,NULL,NULL,NULL,NULL,NULL,NULL,NULL,NULL,NULL,NULL,NULL,NULL,NULL,NULL,NULL,NULL,NULL,NULL,NULL,NULL,NULL,NULL,NULL,NULL,NULL,NULL,NULL,NULL,NULL,NULL,NULL,NULL,NULL,NULL,0,0,23,NULL,NULL,NULL,NULL,NULL,NULL,NULL,NULL,NULL,0,'0',13,NULL,NULL,NULL,NULL,NULL,NULL,NULL,NULL,NULL,NULL,NULL,0,NULL,NULL,NULL,NULL,NULL,NULL,1,NULL,'1',NULL,NULL,NULL,NULL,NULL,NULL,NULL,NULL,NULL,NULL,NULL,NULL,NULL,NULL,'2024-12-10 03:40:58','2025-02-23 23:12:20',NULL,NULL,25,NULL,NULL,NULL,NULL,NULL,NULL,NULL),(15,NULL,NULL,'ဦးစိုးမင်း(ခ)ဦးညိုဝင်း',NULL,NULL,'1963-08-20',NULL,NULL,NULL,NULL,NULL,NULL,NULL,NULL,NULL,NULL,NULL,NULL,NULL,NULL,NULL,NULL,13,328,1,'025812',NULL,NULL,' 09 428343891 09 795775547',NULL,NULL,NULL,NULL,NULL,'ဓမ္မရတနာကျောင်','လမ်းခွဲ(၁)၊ နယ်မြေ(၂)',NULL,277,NULL,14,'ဓမ္မရတနာကျောင်','လမ်းခွဲ(၁)၊ နယ်မြေ(၂)',NULL,277,NULL,14,NULL,NULL,NULL,NULL,NULL,NULL,NULL,NULL,NULL,NULL,NULL,NULL,NULL,NULL,NULL,NULL,NULL,NULL,NULL,NULL,NULL,NULL,NULL,NULL,NULL,NULL,NULL,NULL,NULL,NULL,NULL,NULL,NULL,NULL,NULL,NULL,NULL,NULL,NULL,NULL,NULL,NULL,NULL,NULL,NULL,NULL,NULL,NULL,NULL,NULL,NULL,NULL,NULL,NULL,NULL,NULL,NULL,NULL,NULL,NULL,NULL,NULL,NULL,0,0,23,NULL,NULL,NULL,NULL,NULL,NULL,NULL,NULL,NULL,0,'0',13,NULL,NULL,NULL,NULL,NULL,NULL,NULL,NULL,NULL,NULL,NULL,0,NULL,NULL,NULL,NULL,NULL,NULL,1,NULL,'1',NULL,NULL,NULL,NULL,NULL,NULL,NULL,NULL,NULL,NULL,NULL,NULL,NULL,NULL,'2024-12-10 03:40:59','2025-02-23 23:12:20',NULL,NULL,26,NULL,NULL,NULL,NULL,NULL,NULL,NULL),(16,NULL,NULL,'ဦးစိုးမင်း(ခ)ဦးညိုဝင်း',NULL,NULL,'1963-08-20',NULL,NULL,NULL,NULL,NULL,NULL,NULL,NULL,NULL,NULL,NULL,NULL,NULL,NULL,NULL,NULL,13,328,1,'025812',NULL,NULL,' 09 428343891 09 795775547',NULL,NULL,NULL,NULL,NULL,'ဓမ္မရတနာကျောင်','လမ်းခွဲ(၁)၊ နယ်မြေ(၂)',NULL,277,NULL,14,'ဓမ္မရတနာကျောင်','လမ်းခွဲ(၁)၊ နယ်မြေ(၂)',NULL,277,NULL,14,NULL,NULL,NULL,NULL,NULL,NULL,NULL,NULL,NULL,NULL,NULL,NULL,NULL,NULL,NULL,NULL,NULL,NULL,NULL,NULL,NULL,NULL,NULL,NULL,NULL,NULL,NULL,NULL,NULL,NULL,NULL,NULL,NULL,NULL,NULL,NULL,NULL,NULL,NULL,NULL,NULL,NULL,NULL,NULL,NULL,NULL,NULL,NULL,NULL,NULL,NULL,NULL,NULL,NULL,NULL,NULL,NULL,NULL,NULL,NULL,NULL,NULL,NULL,0,0,23,NULL,NULL,NULL,NULL,NULL,NULL,NULL,NULL,NULL,0,'0',13,NULL,NULL,NULL,NULL,NULL,NULL,NULL,NULL,NULL,NULL,NULL,0,NULL,NULL,NULL,NULL,NULL,NULL,1,NULL,'1',NULL,NULL,NULL,NULL,NULL,NULL,NULL,NULL,NULL,NULL,NULL,NULL,NULL,NULL,'2024-12-10 03:40:59','2025-02-23 23:12:20',NULL,NULL,27,NULL,NULL,NULL,NULL,NULL,NULL,NULL),(17,NULL,NULL,'ဦးစိုးမင်း(ခ)ဦးညိုဝင်း',NULL,NULL,'1963-08-20',NULL,NULL,NULL,NULL,NULL,NULL,NULL,NULL,NULL,NULL,NULL,NULL,NULL,NULL,NULL,NULL,13,328,1,'025812',NULL,NULL,' 09 428343891 09 795775547',NULL,NULL,NULL,NULL,NULL,'ဓမ္မရတနာကျောင်','လမ်းခွဲ(၁)၊ နယ်မြေ(၂)',NULL,277,NULL,14,'ဓမ္မရတနာကျောင်','လမ်းခွဲ(၁)၊ နယ်မြေ(၂)',NULL,277,NULL,14,NULL,NULL,NULL,NULL,NULL,NULL,NULL,NULL,NULL,NULL,NULL,NULL,NULL,NULL,NULL,NULL,NULL,NULL,NULL,NULL,NULL,NULL,NULL,NULL,NULL,NULL,NULL,NULL,NULL,NULL,NULL,NULL,NULL,NULL,NULL,NULL,NULL,NULL,NULL,NULL,NULL,NULL,NULL,NULL,NULL,NULL,NULL,NULL,NULL,NULL,NULL,NULL,NULL,NULL,NULL,NULL,NULL,NULL,NULL,NULL,NULL,NULL,NULL,0,0,23,NULL,NULL,NULL,NULL,NULL,NULL,NULL,NULL,NULL,0,'0',13,NULL,NULL,NULL,NULL,NULL,NULL,NULL,NULL,NULL,NULL,NULL,0,NULL,NULL,NULL,NULL,NULL,NULL,1,NULL,'1',NULL,NULL,NULL,NULL,NULL,NULL,NULL,NULL,NULL,NULL,NULL,NULL,NULL,NULL,'2024-12-10 03:40:59','2025-02-23 23:12:20',NULL,NULL,28,NULL,NULL,NULL,NULL,NULL,NULL,NULL),(18,NULL,NULL,'ဦးစိုးမင်း(ခ)ဦးညိုဝင်း',NULL,NULL,'1963-08-20',NULL,NULL,NULL,NULL,NULL,NULL,NULL,NULL,NULL,NULL,NULL,NULL,NULL,NULL,NULL,NULL,13,328,1,'025812',NULL,NULL,' 09 428343891 09 795775547',NULL,NULL,NULL,NULL,NULL,'ဓမ္မရတနာကျောင်','လမ်းခွဲ(၁)၊ နယ်မြေ(၂)',NULL,277,NULL,14,'ဓမ္မရတနာကျောင်','လမ်းခွဲ(၁)၊ နယ်မြေ(၂)',NULL,277,NULL,14,NULL,NULL,NULL,NULL,NULL,NULL,NULL,NULL,NULL,NULL,NULL,NULL,NULL,NULL,NULL,NULL,NULL,NULL,NULL,NULL,NULL,NULL,NULL,NULL,NULL,NULL,NULL,NULL,NULL,NULL,NULL,NULL,NULL,NULL,NULL,NULL,NULL,NULL,NULL,NULL,NULL,NULL,NULL,NULL,NULL,NULL,NULL,NULL,NULL,NULL,NULL,NULL,NULL,NULL,NULL,NULL,NULL,NULL,NULL,NULL,NULL,NULL,NULL,0,0,23,NULL,NULL,NULL,NULL,NULL,NULL,NULL,NULL,NULL,0,'0',13,NULL,NULL,NULL,NULL,NULL,NULL,NULL,NULL,NULL,NULL,NULL,0,NULL,NULL,NULL,NULL,NULL,NULL,1,NULL,'1',NULL,NULL,NULL,NULL,NULL,NULL,NULL,NULL,NULL,NULL,NULL,NULL,NULL,NULL,'2024-12-10 03:41:00','2025-02-23 23:12:20',NULL,NULL,29,NULL,NULL,NULL,NULL,NULL,NULL,NULL),(19,NULL,NULL,'ဦးစိုးမင်း(ခ)ဦးညိုဝင်း',NULL,NULL,'1963-08-20',NULL,NULL,NULL,NULL,NULL,NULL,NULL,NULL,NULL,NULL,NULL,NULL,NULL,NULL,NULL,NULL,13,328,1,'025812',NULL,NULL,' 09 428343891 09 795775547',NULL,NULL,NULL,NULL,NULL,'ဓမ္မရတနာကျောင်','လမ်းခွဲ(၁)၊ နယ်မြေ(၂)',NULL,277,NULL,14,'ဓမ္မရတနာကျောင်','လမ်းခွဲ(၁)၊ နယ်မြေ(၂)',NULL,277,NULL,14,NULL,NULL,NULL,NULL,NULL,NULL,NULL,NULL,NULL,NULL,NULL,NULL,NULL,NULL,NULL,NULL,NULL,NULL,NULL,NULL,NULL,NULL,NULL,NULL,NULL,NULL,NULL,NULL,NULL,NULL,NULL,NULL,NULL,NULL,NULL,NULL,NULL,NULL,NULL,NULL,NULL,NULL,NULL,NULL,NULL,NULL,NULL,NULL,NULL,NULL,NULL,NULL,NULL,NULL,NULL,NULL,NULL,NULL,NULL,NULL,NULL,NULL,NULL,0,0,23,NULL,NULL,NULL,NULL,NULL,NULL,NULL,NULL,NULL,0,'0',13,NULL,NULL,NULL,NULL,NULL,NULL,NULL,NULL,NULL,NULL,NULL,0,NULL,NULL,NULL,NULL,NULL,NULL,1,NULL,'1',NULL,NULL,NULL,NULL,NULL,NULL,NULL,NULL,NULL,NULL,NULL,NULL,NULL,NULL,'2024-12-10 03:41:19','2025-02-23 23:12:20',NULL,NULL,12,NULL,NULL,NULL,NULL,NULL,NULL,NULL),(20,NULL,NULL,'ဦးစိုးမင်း(ခ)ဦးညိုဝင်း',NULL,NULL,'1963-08-20',NULL,NULL,NULL,NULL,NULL,NULL,NULL,NULL,NULL,NULL,NULL,NULL,NULL,NULL,NULL,NULL,13,328,1,'025812',NULL,NULL,' 09 428343891 09 795775547',NULL,NULL,NULL,NULL,NULL,'ဓမ္မရတနာကျောင်','လမ်းခွဲ(၁)၊ နယ်မြေ(၂)',NULL,277,NULL,14,'ဓမ္မရတနာကျောင်','လမ်းခွဲ(၁)၊ နယ်မြေ(၂)',NULL,277,NULL,14,NULL,NULL,NULL,NULL,NULL,NULL,NULL,NULL,NULL,NULL,NULL,NULL,NULL,NULL,NULL,NULL,NULL,NULL,NULL,NULL,NULL,NULL,NULL,NULL,NULL,NULL,NULL,NULL,NULL,NULL,NULL,NULL,NULL,NULL,NULL,NULL,NULL,NULL,NULL,NULL,NULL,NULL,NULL,NULL,NULL,NULL,NULL,NULL,NULL,NULL,NULL,NULL,NULL,NULL,NULL,NULL,NULL,NULL,NULL,NULL,NULL,NULL,NULL,0,0,23,NULL,NULL,NULL,NULL,NULL,NULL,NULL,NULL,NULL,0,'0',13,NULL,NULL,NULL,NULL,NULL,NULL,NULL,NULL,NULL,NULL,NULL,0,NULL,NULL,NULL,NULL,NULL,NULL,1,NULL,'1',NULL,NULL,NULL,NULL,NULL,NULL,NULL,NULL,NULL,NULL,NULL,NULL,NULL,NULL,'2024-12-10 03:42:41','2025-02-23 23:12:20',NULL,NULL,20,NULL,NULL,NULL,NULL,NULL,NULL,NULL),(21,'staffs/nMJoeQojSsZgTlJWypmsZKLNcBZ9eJYr3EXitaBL.jpg',NULL,'ဒေါ်မိမိဆွေ','မရှိပါ။','မရှိပါ။','1973-01-08',NULL,NULL,'မရှိပါ။',2,86,1,5,3,'အနက်ရောင်','အနက်ရောင်','မေး‌‌စေ့မှဲ့ရှိ','အဖြူ','၁၅၀ ပေါင်',1,2,'ရန်ကုန်မြို့။',7,146,1,'၀၈၇၆၇၄','staffs/KD8FO8CRAxgMZvx9yXaQQ1egdWCfsM81SKIa481B.png','staffs/0Nid4c48bZEtWTBLu9BPTTmb1NYCo8cjQSRAzHcL.png','၀၉-၄၂၀၇၀၃၂၅၄','၀၉-၄၂၀၇၀၃၂၅၄','mimiswe54@gmail.com',NULL,NULL,NULL,'စံပယ်မြိုင်လမ်းသွယ်၊ ','(၁၇)ရပ်ကွက်၊ ','၁၂၈/ခ',223,NULL,13,'စံပယ်မြိုင်လမ်းသွယ်၊ ','(၁၇)ရပ်ကွက်၊ ','၁၂၈/ခ',223,NULL,13,'အမှတ်(၁၁၉)၊ အနောက်ရွှေဂုံတိုင်အုတ်လမ်း၊ ဗဟန်းမြို့နယ်၊ ရန်ကုန်မြို့။',NULL,NULL,NULL,NULL,NULL,NULL,NULL,NULL,NULL,NULL,NULL,NULL,NULL,NULL,NULL,NULL,NULL,NULL,'ဦးချစ်ဆွေ ',86,1,'ရန်ကုန်','ကွယ်လွန်၊ (၂၀၂၃ ခုနှစ်)','အမှတ်(၄၀၃/က)၊ ','အောင်ဆုပန်လမ်း၊','(၁၉)ရပ်ကွက်၊',223,NULL,13,NULL,NULL,NULL,NULL,NULL,NULL,NULL,NULL,NULL,NULL,NULL,'ဒေါ်ရီရီ',86,1,'ရန်ကုန်','မှီခို','အမှတ်(၁၂၈/ခ)၊ ','နှင်းဆီမြိုင်လမ်း၊ ','(၁၇)ရပ်ကွက်၊ ',223,NULL,13,NULL,NULL,NULL,NULL,NULL,NULL,NULL,NULL,NULL,NULL,NULL,0,1,4,'2021-02-26',129,1,'-',NULL,NULL,NULL,'1995-02-23','1995-02-23',0,'ပြိုင်ရွေးခံ',4,345000,1,'အဝေးသင်တက္ကသိုလ် ','စတုတ္ထနှစ်','၄/မ ၉၁၄(၀၀၁)/','မြန်မာစာ','မရှိပါ။','စာဖတ်ခြင်း','မရှိပါ။','မရှိပါ။','မရှိပါ။',0,'-','-',NULL,NULL,NULL,NULL,1,NULL,'1',NULL,NULL,NULL,NULL,NULL,NULL,NULL,NULL,NULL,NULL,NULL,NULL,NULL,'2','2024-12-11 01:51:49','2025-02-26 21:09:38',NULL,NULL,1,NULL,NULL,NULL,NULL,NULL,NULL,NULL),(25,'staffs/c91tRJK4D4aTYcrYQ9AxiBWyqtWgUgIb6wr3aFDR.jpg',NULL,'ဦးလေးနိုင်','မရှိပါ။','မရှိပါ။','1964-04-29',NULL,NULL,'ဒေါ်ကြည်ကြည်အောင်',1,139,1,5,8,'အနက်','အနက်ရောင်','ယာမျက်စေ့အောက်မှဲ့(၁)ရှိ','အဖြူ','(၁၈၀)ပေါင်',7,6,'တောင်ကြီးမြို့',7,140,1,'၁၁၁၁၁၁',NULL,NULL,'၀၈၁-၂၁၂၄၂၉၃','၀၉-၄၃၁၉၃၅၄၇','laynaingdica@gmail.com',NULL,NULL,NULL,'အဝေရာမီးပုံးပျံကွင်းလမ်း၊',' ကျောင်းကြီးစုရပ်၊ ','',277,NULL,14,'','(၅)ရပ်ကွက်','တိုက်(၂)၊အခန်း(၀၀၃)၊ဝါဝါဝင်းအိမ်ရာ၊',216,NULL,13,'မေမြို့/ ဗထူး/ မှော်ဘီ/ ပဲခူး','ကြည်း/၁၈၇၈၁','1981-07-01','အလုပ်သင်ဗိုလ်ဗိုလ်လောင်းသင်တန်း အမှတ်စဉ်(၁၁)','-',NULL,NULL,'1984-09-14','1989-10-21','အထူးမစွမ်းသန်မှုအငြိမ်းစား (လွှဲပြောင်းအမှုထမ်းဆောင်)','ခ.မရ(၇)၊ပဲခူးတမခ(၄၄)၊စစ်သား စုဆောင်းရေးဌာနချုပ်(မင်္ဂလာဒုံ)','(၁၂.၅.၈၃)နေ့ရန်သူ့မိုင်းနင်းမိပေါက် ကွဲ၍ဘယ်ခြေထောက်ဒူးအထက်မှ ဖြတ်တောက်ကုသခဲ့ရပါသည်','၅၄၅/-(မြို့ပြလစာရွေးချယ်ခံစား ပါသည်)',NULL,NULL,NULL,NULL,NULL,NULL,'ဦးညွန့်စိန် ',86,1,'တောင်ကြီး	\n','ကွယ်လွန် (၁၉၉၅ ခုနှစ်)','အမှတ်(၁၃၉)','စဝ်စံထွန်းလမ်း','စျေးပိုင်းရပ်',277,NULL,14,'ဦးဘရွှေ',86,1,NULL,'ကွယ်လွန်(၂၀၀၉)',NULL,NULL,NULL,277,NULL,14,'ဒေါ်ခင်သန်းမြင့်',103,4,'တောင်ကြီးမြို့','မှီခို','အမှတ်(၁၃၉)','စဝ်စံထွန်းလမ်း','စျေးပိုင်းရပ်',277,NULL,14,'ဒေါ်တင်တင်အောင် ',86,1,NULL,'(ကွယ်လွန်)၂၀၁၃',NULL,NULL,NULL,NULL,NULL,NULL,0,1,3,'2015-04-01',1,24,NULL,NULL,NULL,1,'2013-01-21','1987-07-20',0,'1',3,386000,3,NULL,NULL,NULL,NULL,NULL,NULL,NULL,NULL,NULL,0,NULL,NULL,NULL,NULL,NULL,NULL,1,NULL,'1',NULL,NULL,NULL,NULL,NULL,NULL,NULL,NULL,NULL,NULL,NULL,NULL,NULL,'2','2024-12-13 01:24:58','2025-02-26 21:06:50',NULL,NULL,2,NULL,NULL,NULL,NULL,NULL,NULL,NULL),(30,'staffs/g40HEnUZd23vaNzd1bRC1Pi6gdtf7JzvCAZdl0kB.jpg',NULL,'ဒေါ်မေစုမြတ်ကေအောင်','မရှိပါ','မရှိပါ','1984-08-07',NULL,NULL,'ဦးကျော်ကျော်လွင်',2,86,1,5,3,'အနက်','အနက်','ယာနားအောက်မှဲ့ရှိ','အသားလတ်','၁၄၅ ပေါင်',2,6,'ရန်ကုန်',12,301,1,'၁၂၄၉၃၇',NULL,NULL,'၀၁၈၆၅၈၁၂၅','၀၉-၄၄၈၀၂၂၅၅၆','78sukay84@gmail.com',NULL,NULL,NULL,'သဇင်ရုံလမ်း','၅ ရပ်ကွက်','တိုက် B ၊ အခန်း ၂၀၄',245,NULL,13,'ဓနသိဒ္ဓိလမ်း','(၅၄) ရပ်ကွက်','အမှတ်(အေ/၃၂၁)',223,NULL,13,'တိုက် ၆၂၀၁၊ အခန်း ၃၆၊ သုခသိန္ဒိရပ်ကွက်၊ နေပြည်တော်',NULL,NULL,NULL,NULL,NULL,NULL,NULL,NULL,NULL,NULL,NULL,NULL,NULL,NULL,NULL,NULL,NULL,NULL,'ဦးအောင်မြင့်(ကွယ်လွန်)',86,1,'တောင်တွင်းကြီးမြို့နယ်','ကထိက(သမိုင်းဌာန)',NULL,NULL,NULL,134,NULL,9,NULL,NULL,NULL,NULL,NULL,NULL,NULL,NULL,NULL,NULL,NULL,'ဒေါ်မေရီ',22,2,'ရန်ကုန်','မှီခို','Pro 2, B 2-1','ပါမောက္ခအိမ်ရာ','လှိုင်တက္ကသိုလ်',246,NULL,13,NULL,NULL,NULL,NULL,NULL,NULL,NULL,NULL,NULL,NULL,NULL,0,1,5,'2017-05-26',129,1,NULL,NULL,NULL,129,'2013-11-29','2013-11-29',1,'ပြိုင်ရွေးခံ',5,320000,3,'University of Thai Chamber of Commerce ','စီးပွားရေးစီမံခန့်ခွဲမှုဆိုင်ရာမဟာဘွဲ့(MBA)','ခုံအမှတ်-၄၆    ','MBA','မရှိပါ','ပညာရေး၊ ကျန်းမာရေး','မရှိပါ','မရှိပါ','မရှိပါ',0,'မရှိပါ',NULL,NULL,NULL,NULL,'မရှိပါ',1,NULL,'1',NULL,NULL,NULL,NULL,NULL,NULL,NULL,NULL,NULL,NULL,NULL,NULL,NULL,'5','2024-12-15 23:05:38','2025-02-26 21:04:22',NULL,NULL,1,NULL,NULL,NULL,NULL,NULL,'2024-05-26','မရှိပါ'),(33,'staffs/pPMLkoCZEKQ3zwe2eTjBe38jzqREjU4Ly0nsS363.jpg','GPMS Code-00821','ဦးမင်းဇော်ဦး',NULL,NULL,'1978-06-16','3A011',NULL,'ဒေါ်အိအိဖြိုးဆွေ',1,86,1,5,3,'အနက်','အနက်','ယာမေးမှဲ့ရှိ','အညို','၁၄၂ ပေါင်',10,6,'မကျီးဘုတ်ရွာ၊ မြောင်မြို့နယ်၊စစ်ကိုင်းတိုင်းဒေသကြီး',5,103,1,'၁၅၀၁၂၉',NULL,NULL,'၀၉၇၈၈၈၈၈၆၈၇','၀၉၅၀၇၈၈၅၁','thantmg.min@gmail.com',NULL,NULL,NULL,' ဗဟိုလမ်း၊ ','လှည်းတန်း','အမှတ် (၄၃)၊',248,NULL,13,' ဗဟိုလမ်း၊ ','လှည်းတန်း','အမှတ် (၄၃)၊',248,NULL,13,'အမှတ် (၄၃)၊ ဗဟိုလမ်း၊ လှည်းတန်း\nကမာရွတ်မြို့နယ်၊ ရန်ကုန်မြို့။',NULL,NULL,NULL,NULL,NULL,NULL,NULL,NULL,NULL,NULL,NULL,NULL,NULL,NULL,NULL,NULL,NULL,NULL,'ဦးကျော်လင်း',86,1,'မကျီးဘုတ်ရွာ၊ မြောင်မြို့နယ်၊ စစ်ကိုင်းတိုင်းဒေသကြီး၊    ','လယ်ယာ  ',NULL,NULL,NULL,NULL,NULL,NULL,NULL,NULL,NULL,NULL,NULL,NULL,NULL,NULL,NULL,NULL,NULL,'ဒေါ်တင်အုံး၊',86,1,'မကျီးဘုတ်ရွာ၊ မြောင်မြို့နယ်၊ စစ်ကိုင်းတိုင်းဒေသကြီး၊    ','မှီခို  ','အမှတ်(၄၃)','ဗဟိုလမ်း','လှည်းတန်း',NULL,NULL,13,NULL,NULL,NULL,NULL,NULL,NULL,NULL,NULL,NULL,NULL,NULL,0,1,2,'2019-10-04',129,1,NULL,NULL,NULL,NULL,'2015-04-01','2006-12-15',0,'ပြိုင်ရွေးခံ',2,430000,2,'မန္တလေးတက္ကသိုလ် ','မဟာတန်း','၂-မဟာ(အ-၈) ','အင်္ဂလိပ်စာ','ကျေးရွာကြက်ခြေနီနှင့် အရံမီးသတ်များတွင် အမှုဆောင်\nအဖြစ် ဆောင်ရွက်ခဲ့ပါသည်။\n','စက်ပြင်ဆင်ခြင်း','မရှိပါ။','မရှိပါ။','မရှိပါ။',0,'ဌာနဆိုင်ရာလုပ်ငန်းသဘောအရဆက်သွယ် ဆောင်ရွက် ရသည့်မိတ်ဆွေများသာရှိပါသည်။',NULL,NULL,NULL,NULL,'မရှိပါ။',1,NULL,'1',NULL,NULL,NULL,NULL,NULL,NULL,NULL,NULL,NULL,NULL,NULL,NULL,NULL,'2','2025-01-10 01:09:06','2025-02-26 21:09:18',NULL,NULL,3,NULL,NULL,NULL,NULL,NULL,NULL,NULL),(34,'staffs/hkRXZQRAlH4tEODbiiKP5NmgsJ69I7mgihh6A0yC.png',NULL,'ဒေါ်အေးစန္ဒာလွင်','မရှိပါ','မရှိပါ','1971-01-19',NULL,NULL,NULL,2,86,1,5,0,'အနက်','အနက်','ဝဲဘက်ပါးတွင်မှဲ့ရှိ','ဖြူ','140',10,2,'ရန်ကုန်မြို့',12,273,1,'၀၄၀၉၈၉',NULL,NULL,'၀၉-၄၅၂၂၁၈၁၉၅','၀၉-၄၅၂၂၁၈၁၉၅','sandaygn@gmail.com',NULL,NULL,NULL,NULL,'ဝေဠုဝန်အိမ်ရာ၊','တိုက်(၂)၊ အခန်း(၁၅)၊ ',244,NULL,13,NULL,'ဝေဠုဝန်အိမ်ရာ၊','တိုက်(၂)၊ အခန်း(၁၅)၊ ',244,NULL,13,'အခန်း(၂၂)၊ တိုက်အမှတ်(၄၁၀၃)၊သုခသိဒ္ဓိရပ်ကွက်၊နေပြည်တော်။',NULL,NULL,NULL,NULL,NULL,NULL,NULL,NULL,NULL,NULL,NULL,NULL,NULL,NULL,NULL,NULL,NULL,NULL,'ဦးတင်မောင်လွင်',86,1,'(ကွယ်လွန်)(၂၀၁၁)ခုနှစ်','အငြိမ်းစား (နယ်စပ်ကုန်သွယ်ရေးဉီးစီးဌာန)',NULL,NULL,NULL,NULL,NULL,NULL,NULL,NULL,NULL,NULL,NULL,NULL,NULL,NULL,NULL,NULL,NULL,'ဒေါ်အေးအေးမြင့်၊',86,1,'ရန်ကုန်','အငြိမ်းစား(စက္ကူ/ဓာတ်ပုံကုန်သွယ်ရေး)','တိုက် (၂)၊ အခန်း(၁၅)၊ ',NULL,'ဝေဠုဝန်အိမ်ရာ၊ ',244,NULL,13,NULL,NULL,NULL,NULL,NULL,NULL,NULL,NULL,NULL,NULL,NULL,0,1,2,'2019-10-04',129,1,NULL,NULL,NULL,NULL,'1998-10-13','1998-10-13',0,'ပြိုင်ရွေးခံ',2,426000,2,NULL,NULL,NULL,NULL,NULL,NULL,NULL,NULL,NULL,0,NULL,NULL,NULL,NULL,NULL,NULL,1,NULL,'1',NULL,NULL,NULL,NULL,NULL,NULL,NULL,NULL,NULL,NULL,NULL,NULL,NULL,'2','2025-01-13 22:04:00','2025-02-26 21:09:18',NULL,NULL,4,NULL,NULL,NULL,NULL,NULL,NULL,NULL),(35,NULL,NULL,'ဒေါက်တာသိမ့်သိမ့်မိုး','မရှိပါ။','မရှိပါ။','1979-12-08',NULL,NULL,'-',2,86,1,5,2,'အနက်','အနက်','မေးစေ့အောက်မှဲ့ရှိ','အညို','၁၁၀ ပေါင်',1,2,'မြစ်ကြီးနားမြို့',5,107,1,'၁၄၀၆၈၁',NULL,NULL,'၀၇၄-၂၅၂၀၁၀၃','၀၉-၂၅၀၀၇၄၀၁၃','theinttheintmoe2008@gmail.com',NULL,NULL,NULL,'-','သီတာရပ်ကွက်','အခန်း(၅)၊ တိုက်(၁၄)၊ မလိခဝန်ထမ်းအိမ်ရာ၊ ',21,NULL,2,NULL,'အေးမြသာယာရပ်ကွက်',NULL,21,NULL,2,'မြစ်ကြီးနား၊ ရွှေဘို၊ ဘူးသီးတောင်၊ ကျောက်ဆည်၊ ရန်ကုန်၊ မန္တလေး',NULL,NULL,NULL,NULL,NULL,NULL,NULL,NULL,NULL,NULL,NULL,NULL,NULL,NULL,NULL,NULL,NULL,NULL,'ဦးမြင့်မိုး',86,1,'စစ်ကိုင်း','စစ်မှုထမ်း(ငြိမ်း)','အခန်း(၁၂)၊တိုက်(၂၂)၊','ခရေအိမ်ရာ၊ ',NULL,NULL,NULL,1,NULL,NULL,NULL,NULL,NULL,NULL,NULL,NULL,NULL,NULL,NULL,'ဒေါ်ခင်စန်းမြင့်',86,1,'ဂန့်ဂေါမြို့၊-	\n','မှီခို','တိုက်(၁၄-အေ)၊ အခန်း(၅)၊',NULL,'မလိခဝန်ထမ်းအိမ်ရာ၊',21,NULL,2,NULL,NULL,NULL,NULL,NULL,NULL,NULL,NULL,NULL,NULL,NULL,0,1,3,'2018-02-12',1,12,NULL,NULL,NULL,NULL,'2008-10-17','1998-04-20',0,'ပြိုင်ရွေးခံ',3,386000,3,'မန္တလေးနည်းပညာတက္ကသိုလ်','Ph.D၊ Ph.D (IT)',' ၄၃',' Information Technology','မရှိပါ။','ဘော်လီဘောကစားခြင်း၊ သီချင်းဆိုခြင်း','မရှိပါ။','ဌာနကူးပြောင်းခေါ်ယူ၍ ပြောင်းရွှေ့ခြင်း','မရှိပါ။',1,NULL,NULL,NULL,NULL,NULL,NULL,1,NULL,'1',NULL,NULL,NULL,NULL,NULL,NULL,NULL,NULL,NULL,NULL,NULL,NULL,NULL,'2','2025-01-15 01:54:04','2025-02-26 21:06:50',NULL,NULL,3,1,NULL,NULL,NULL,NULL,NULL,NULL),(36,NULL,NULL,'ဦးစောမြတ်ထွန်း',NULL,NULL,'1981-09-29',NULL,NULL,'ဒေါ််ခင်လတ်သူ',1,86,1,5,7,'အနက်','အနက်ရောင်','ယာမျက်စမှဲ့ရှိ','အညို','၁၇၀ ပေါ',7,6,'စစ်ကိုင်းတိုင်းဒေသကြီး၊ရွှေဘိုမြို့နယ်၊ ကျားကျေးရွာ',5,107,1,'၁၃၂၆၈၀',NULL,NULL,'၀၉၇၉၅၉၆၅၇၀၇','၀၉၇၉၅၉၆၅၇၀၇','saw2007@gmail.com',NULL,NULL,NULL,'သုခရတနာလမ်း ','ပညာသိဒ္ဓိရပ်ကွက်','တိုက်အမှတ်(၇) အခန်း (၀၁)',4,NULL,1,'သစ္စာလမ်း','(၁)ရပ်ကွက်',NULL,216,NULL,13,'စစ်ကိုင်းတိုင်းဒေသကြီး၊ရွှေဘိုမြို့နယ်၊ကျားကျေးရွာ',NULL,NULL,NULL,NULL,NULL,NULL,NULL,NULL,NULL,NULL,NULL,NULL,NULL,NULL,NULL,NULL,NULL,NULL,'ဦးထိန်ဝင်း',86,1,'ရွှေဘို','တောင်သူ',NULL,'','ကျားကျေးရွာ',81,NULL,6,NULL,NULL,NULL,NULL,NULL,NULL,NULL,NULL,NULL,NULL,NULL,'ဒေါ်နွယ်နွယ်အေး',86,1,'ရွှေဘို','မှီခို',NULL,'','ကျားကျေးရွာ',81,NULL,6,NULL,NULL,NULL,NULL,NULL,NULL,NULL,NULL,NULL,NULL,NULL,0,1,4,'2021-02-26',129,1,NULL,NULL,NULL,NULL,'2011-11-01','2003-11-21',0,'တိုက်ရိုက်ခန့်',4,345000,1,NULL,NULL,NULL,NULL,NULL,NULL,NULL,NULL,NULL,0,NULL,NULL,NULL,NULL,NULL,NULL,1,NULL,'1',NULL,NULL,NULL,NULL,NULL,NULL,NULL,NULL,NULL,NULL,NULL,NULL,NULL,'2','2025-01-15 23:30:04','2025-02-26 21:09:38',NULL,NULL,2,NULL,NULL,NULL,NULL,NULL,NULL,NULL),(39,'staffs/HnoyY3GU7GqJZmCAuYUm8IXy6Eh8vqenGfKTSdKp.jpg',NULL,'ဒေါ်တင်အေးဟန်','မရှိပါ','မရှိပါ','1965-07-04','2A051','GPMS Code-00810','(ဦးအောင်ထွဋ်ဝင်း)',2,86,2,5,3,'အနက်','အနက်','ဝဲနားထင်မှဲ့ရှိ','အဝါရောင်','၁၂၀ပေါင်',7,4,'အမှတ် (၄၁/၄၃)၊ ၉၄ လမ်း၊ ကန်တော်ကလေး၊ မင်္ဂလာတောင်ညွန့်မြိုနယ်၊ ရန်ကုန်မြို့။',12,296,1,'၀၄၅၉၃၀',NULL,NULL,'၀၉-၄၃၀၃၆၀၁၇','၀၉-၄၃၀၃၆၀၁၇','tayehan@gmail.com',NULL,NULL,NULL,'၉၄လမ်း','ကန်တော်ကလေး','အမှတ်(၄၁/၄၃)',220,NULL,13,'၉၄လမ်း','ကန်တော်ကလေး','အမှတ်(၄၁/၄၃)',220,NULL,13,NULL,NULL,NULL,NULL,NULL,NULL,NULL,NULL,NULL,NULL,NULL,NULL,NULL,NULL,NULL,NULL,NULL,NULL,NULL,NULL,NULL,NULL,NULL,NULL,NULL,NULL,NULL,NULL,NULL,NULL,NULL,NULL,NULL,NULL,NULL,NULL,NULL,NULL,NULL,NULL,NULL,NULL,NULL,NULL,NULL,NULL,NULL,NULL,NULL,NULL,NULL,NULL,NULL,NULL,NULL,NULL,NULL,NULL,NULL,NULL,NULL,NULL,NULL,0,0,2,'2017-11-21',129,1,NULL,NULL,NULL,NULL,'1995-03-31','1987-12-15',0,'ပြိုင်ရွေးခံ',2,430000,3,NULL,NULL,NULL,NULL,NULL,NULL,NULL,NULL,NULL,0,NULL,NULL,NULL,NULL,NULL,NULL,1,NULL,'1',NULL,NULL,NULL,NULL,NULL,NULL,NULL,NULL,NULL,NULL,NULL,NULL,NULL,'2','2025-01-16 01:54:54','2025-02-26 21:09:17',NULL,NULL,1,NULL,NULL,NULL,NULL,NULL,NULL,NULL),(50,NULL,NULL,'ဦးအောင်ဖြိုးဝင်း',NULL,NULL,'1988-05-01',NULL,NULL,'ဒေါ်နီလာဝင်း',1,86,1,5,7,'အနက်','အနက်','လည်ပင်းအမှတ်ရှိ','အညို','၁၁၀ပေါင်',1,6,'ခြံအမှတ်(၇)၊ပုဂံလမ်း၊ရန်ကုန်တက္ကသိုလ်ဝင်း၊ ကမာရွတ်မြို့နယ်၊ရန်ကုန်တိုင်းဒေသကြီး',12,267,1,'၀၅၆၃၇၁',NULL,NULL,'၀၉-၆၆၆၀၀၃၂၂၂','၀၉-၆၆၆၀၀၃၂၂၂','aungphyowin.dica@gmail.com',NULL,NULL,NULL,'သဇင်ရုံလမ်း၊နာဂလှိုဏ်ဂူအိမ်ယာဝင်း','အမှတ်(5)ရပ်ကွက်၊ ',NULL,245,NULL,13,NULL,'ကျောင်းကြီးစုရပ်ကွက်',NULL,277,NULL,14,'ခြံအမှတ်(၇)၊ပုဂံလမ်း၊ရန်ကုန်တက္ကသိုလ်ဝင်း၊ ကမာရွတ်မြို့နယ်၊ရန်ကုန်တိုင်းဒေသကြီး','ကြည်း၅၁၁၀၁','2005-01-07','စစ်တက္ကသိုလ်အပတ်စဉ်(၅၀)',NULL,NULL,NULL,'2007-12-14','2024-08-13','ရန်သူလက်နက်ငယ်ပုခုံးထိမှန်ခြင်းကြောင့် ဘယ်လက်မောင်းရိုး၊ဘယ်ညှပ်ရိုးကျိုးခြင်းကြောင့် နုတ်ထွက်ခြင်း','ခမရ(၄၂၄)၊စဗခ(ကသ)၊တမခ(၈၈)၊ခမရ(၄၂၂)',NULL,NULL,NULL,NULL,NULL,NULL,NULL,NULL,'ဦးဌေးဝင်း',86,1,'ရန်ကုန်တိုင်း','နယ်မြေကြီးကြပ် ရေးမှူး(ငြိမ်း)','အမှတ်(၄၂)','ဗိုလ်အောင်ဆန်းလမ်း','(၈၃)ရပ်ကွက်',226,NULL,13,NULL,NULL,NULL,NULL,NULL,NULL,NULL,NULL,NULL,NULL,NULL,'ဒေါ်ယဉ်မင်းအေး',86,1,'ရန်ကုန်တိုင်း','မှီခို','အမှတ်(၄၂)','ဗိုလ်အောင်ဆန်းလမ်း','(၈၃)ရပ်ကွက်',226,NULL,13,NULL,NULL,NULL,NULL,NULL,NULL,NULL,NULL,NULL,NULL,NULL,0,0,6,'2024-09-02',983,11,NULL,NULL,NULL,NULL,'2024-09-02','2024-09-02',0,'တိုက်ရိုက်ခန့်',6,275000,0,'စစ်တက္ကသိုလ်','B.Sc(Phys)',NULL,NULL,NULL,NULL,NULL,NULL,NULL,0,NULL,NULL,NULL,NULL,NULL,NULL,1,NULL,'1',NULL,NULL,NULL,NULL,NULL,NULL,NULL,NULL,NULL,NULL,NULL,NULL,NULL,'1','2025-01-21 22:53:49','2025-02-23 23:12:20',NULL,NULL,15,NULL,NULL,NULL,NULL,NULL,NULL,NULL),(51,NULL,NULL,'ဦးမျိုးမင်း(၁)','မရှိပါ','မရှိပါ','1976-05-16',NULL,NULL,'ဒေါ်ဖြိုးကြွယ်ဝင်း',1,86,1,5,9,'အနက်','အနက်','နှုတ်ခမ်းအောက်မှဲ့ရှိ','အညို','၁၇၀ ပေါင်',4,6,'ပြည်မြို့',7,145,1,'၀၀၂၈၂၄',NULL,NULL,'၀၉-၂၅၉၀၀၃၁၇၉','၀၉-၂၅၉၀၀၃၁၇၉','myomin.dec1976@gmail.com',NULL,NULL,NULL,'သဇင်ရုံလမ်း',' နာဂလှိုဏ်ဂူဝန်း၊ အမှတ်(၅)ရပ်ကွက်၊ ','အခန်းအမှတ် (A-1)၊ တိုက် A ',245,NULL,13,'သဇင်ရုံလမ်း','အမှတ်(၅)ရပ်ကွက်','အခန်းအမှတ် (A-1)၊ တိုက် A ',245,NULL,13,NULL,'ကြည်း၃၀၅၆၀','1994-06-11','အမှတ်စဉ်-၁ ဗိုလ်လောင်းသင်တန်း',NULL,NULL,NULL,'1999-04-11','2006-05-31','ဆေးအဆင့်(ခ)','အမှတ်-၂၊ ပင်မအလုပ်ရုံ(လျှပ်စက်)၊ အမရပူရမြို့။ တပ်မတော်သိပ္ပံနှင့် နည်းပညာသုတေသနဌာန၊ ပြင်ဦးလွင်မြို့၊ မန္တလေးတိုင်းဒေသကြီး။',NULL,NULL,NULL,NULL,NULL,NULL,NULL,NULL,'ဦးအေးသန်း',86,1,'ပြည်မြို့\n','မူလတန်းကျောင်းအုပ်(ငြိမ်း) ','၁၀/၁၅၂','၂လမ်း','ရရတနာမာန်အောင်ရပ်ကွက်',111,NULL,8,NULL,NULL,NULL,NULL,NULL,NULL,NULL,NULL,NULL,NULL,NULL,'ဒေါ်သန်းနွဲ့',NULL,NULL,NULL,NULL,NULL,NULL,NULL,NULL,NULL,NULL,NULL,NULL,NULL,NULL,NULL,NULL,NULL,NULL,NULL,NULL,NULL,0,1,3,'2011-03-29',129,11,NULL,NULL,NULL,NULL,'2024-06-11','2006-06-01',0,'တိုက်ရိုက်ခန့်',3,394000,5,NULL,NULL,NULL,NULL,NULL,NULL,NULL,NULL,NULL,0,NULL,NULL,NULL,NULL,NULL,NULL,1,NULL,'1',NULL,NULL,NULL,NULL,NULL,NULL,NULL,NULL,NULL,NULL,NULL,NULL,NULL,'1','2025-01-24 02:05:32','2025-02-26 21:06:50',NULL,NULL,1,3,NULL,NULL,NULL,NULL,NULL,NULL),(53,NULL,NULL,'ဒေါ်ဖြူဖြူလှိုင်','မရှိ','မရှိ','1987-06-13',NULL,NULL,'ဦးအောင်ကိုသက်',2,86,1,5,4,'အနက်','အနက်','နှာတံမှဲရှိ','အဖြူရောင်','၁၁၀',7,6,'ပေါ်တော်မူကျေးရွာ၊ ဘိုကလေးမြို့နယ်၊ ဧရာဝတီတိုင်းဒေသကြီး',14,415,1,'၂၀၅၀၂၁',NULL,NULL,'၀၉-၄၅၀၆၂၉၇၆၁','၀၉-၄၅၀၆၂၉၇၆၁','phyuhlaing.1987@gmail.com',NULL,NULL,NULL,'သဇင်ရုံလမ်း','၅-ရပ်ကွက်','တိုက် (ဘီ)၊ အခန်း (၄၀၃)',245,NULL,13,'သဇင်ရုံလမ်း','၅-ရပ်ကွက်','တိုက် (ဘီ)၊ အခန်း (၄၀၃)',245,NULL,13,'ပေါ်တော်မူကျေးရွာ၊ဘိုကလေးမြို့နယ်၊ဧရာဝတီတိုင်းဒေသကြီး',NULL,NULL,NULL,NULL,NULL,NULL,NULL,NULL,NULL,NULL,NULL,NULL,NULL,NULL,NULL,NULL,NULL,NULL,'ဦးလှိုင်ထွန်း',86,1,'ပေါ်တော်မူကျေးရွာ','လယ်',NULL,NULL,NULL,315,NULL,15,NULL,NULL,NULL,NULL,NULL,NULL,NULL,NULL,NULL,NULL,NULL,'ဒေါ်တင်လှ',86,1,'ပေါ်တော်မူကျေးရွာ','မှီခို',NULL,NULL,NULL,315,NULL,15,NULL,NULL,NULL,NULL,NULL,NULL,NULL,NULL,NULL,NULL,NULL,0,0,7,'2021-02-26',129,1,NULL,NULL,NULL,NULL,'2011-03-09','2011-03-09',0,'တိုက်ရိုက်ခန့်',7,238000,2,'ရန်ကုန်တက္ကသိုလ်','Dip.BL','၄၆','Dip.BL',NULL,NULL,NULL,NULL,NULL,0,NULL,NULL,NULL,NULL,NULL,NULL,1,NULL,'1',NULL,NULL,NULL,NULL,NULL,NULL,NULL,NULL,NULL,NULL,NULL,NULL,NULL,'5','2025-01-28 02:12:20','2025-02-28 01:01:09',NULL,NULL,16,NULL,NULL,NULL,NULL,NULL,'2025-02-26',NULL),(54,'staffs/19RZ5GsjPXLte342jp11xAs16kePPwQPWWDecTjC.jpg',NULL,'ဒေါ်ဆွေဆွေမာ','မရှိပါ။','မရှိပါ။','1987-01-20',NULL,NULL,NULL,2,86,1,5,2,'အနက်ရောင်','အနက်ရောင်','လည်ပင်းမှဲ့ရှိ','အဖြူ','၁၀၉ ပေါင်',1,2,'ပေါက်ခေါင်းမြို့',7,148,1,'၀၆၆၉၅၆','staffs/SPRYt3fZp5k7zAxoBVT0HyZUyXfSPMzqW65wpdMY.png','staffs/K0H9U4jB6K5kPZm5ceM0k2dGkY2godLRiCossVES.png','၀၉-၂၅၀၁၉၄၄၄၃','၀၉-၂၅၀၁၉၄၄၄၃','sweswemardica1@gmail.com',NULL,NULL,NULL,'သဇင်ရုံလမ်း','(၅)ရပ်ကွက်','တိုက်(D)၊ အခန်း(၄၀၆)၊ DICA ဝန်ထမ်းအိမ်ရာ၊',245,NULL,13,'သဇင်ရုံလမ်း','(၅)ရပ်ကွက်','တိုက်(D)၊ အခန်း(၄၀၆)၊ DICA ဝန်ထမ်းအိမ်ရာ၊',245,NULL,13,'ချောင်းကျိုးရွာ၊ ပေါက်ခေါင်းမြို့နယ်၊ ပဲခူးတိုင်းဒေသကြီး',NULL,NULL,NULL,NULL,NULL,NULL,NULL,NULL,NULL,NULL,NULL,NULL,NULL,NULL,NULL,NULL,NULL,NULL,'ဦးအောင်စိန်',86,1,NULL,'ကွယ်လွန်၊ (၂၀၂၃ ခုနှစ်)',NULL,NULL,NULL,NULL,NULL,NULL,NULL,NULL,NULL,NULL,NULL,NULL,NULL,NULL,NULL,NULL,NULL,'ဒေါ်စန်းရီ',86,1,NULL,'ကွယ်လွန်(၂၀၁၄)',NULL,NULL,NULL,NULL,NULL,NULL,NULL,NULL,NULL,NULL,NULL,NULL,NULL,NULL,NULL,NULL,NULL,0,1,9,'2023-06-26',129,1,NULL,NULL,26,NULL,'2018-02-05','2018-02-05',1,'ပြိုင်ရွေးခံ',8,216000,0,'ရန်ကုန်တက္ကသိုလ်','PGDCA','ခုံအမှတ်-၄၈၊ ','Computer Application','မရှိပါ။','မရှိပါ။','မရှိပါ။','မရှိပါ။','မရှိပါ။',0,NULL,NULL,NULL,NULL,NULL,NULL,0,NULL,'0','2025-02-05 03:05:57',NULL,NULL,NULL,NULL,NULL,NULL,NULL,NULL,NULL,NULL,NULL,NULL,'5','2025-01-28 02:20:06','2025-02-27 03:28:23',NULL,NULL,18,NULL,NULL,5,NULL,NULL,NULL,NULL),(55,'staffs/12y7TBTMFq61zjDg5mA4H59pig1w7qDkZbgjemwr.jpg',NULL,'ဒေါ်ဂျူးမျက်ချယ်','မဂျူးဂျူး','မရှိပါ','1986-01-06','50028',NULL,NULL,2,86,1,5,NULL,'အနက်','အနက်','ယာလက်မောင်းမှဲ့ရှိ','အဖြူ','၁၀၀ပေါင်',4,2,'ရန်ကုန်မြို့',12,304,1,'၁၅၆၄၉၇',NULL,NULL,'၀၉၄၄၈၅၃၅၂၇၉','၀၉၄၄၈၅၃၅၂၇၉','juemyentchell@gmail.com',NULL,NULL,NULL,'မီးဒုံးလမ်းသွယ်(၃)၊ သုဝဏ္ဏမြို့','၂၉ ရပ်ကွက်','တိုက်(၉၇)၊ အခန်း(၆)',214,NULL,13,'မီးဒုံးလမ်းသွယ်(၃)၊ သုဝဏ္ဏမြို့','၂၉ ရပ်ကွက်','တိုက်(၉၇)၊ အခန်း(၆)',214,NULL,13,'တိုက်(၆၀၉)၊ အခန်း(၀၄)၊ ပိတောက်အိမ်ရာ၊ ဘောဂသိဒ္ဓိရပ်ကွက်၊ နေပြည်တော်။',NULL,NULL,NULL,NULL,NULL,NULL,NULL,NULL,NULL,NULL,NULL,NULL,NULL,NULL,NULL,NULL,NULL,NULL,'ဦးအောင်ကြည်',86,1,'တိုက်(၉၇)၊ အခန်း(၆)၊ မီးဒုံးလမ်းသွယ်(၃)၊ သုဝဏ္ဏမြို့၊ ရန်ကုန်တိုင်းဒေသကြီး။','ကွယ်လွန်  (၂၀၁၂ ခုနှစ်) ','တိုက်(၉၇)၊ အခန်း(၆)','မီးဒုံးလမ်းသွယ်(၃)၊ သုဝဏ္ဏမြို့ တိုက်(၉၇)၊ အခန်း(၆)','သင်္ဃန်းကျွန်း',214,NULL,13,NULL,NULL,NULL,NULL,NULL,NULL,NULL,NULL,NULL,NULL,NULL,'ဒေါ်စန်းလွင်',86,1,'တိုက်(၉၇)၊ အခန်း(၆)၊ မီးဒုံးလမ်းသွယ်(၃)၊ သုဝဏ္ဏမြို့၊ ရန်ကုန်တိုင်းဒေသကြီး။','စာရင်းစစ်မှူး(ငြိမ်း)','တိုက်(၉၇)၊ အခန်း(၆)','မီးဒုံးလမ်းသွယ်(၃)၊ သုဝဏ္ဏမြို့ တိုက်(၉၇)၊ အခန်း(၆)','သင်္ဃန်းကျွန်း',214,NULL,13,NULL,NULL,NULL,NULL,NULL,NULL,NULL,NULL,NULL,NULL,NULL,0,1,6,'2022-06-09',129,1,'မိခင်၏ကျန်းမာရေးအခြေအနေကြောင့်ပြောင်းရွှေ့ခဲ့ခြင်းဖြစ်ပါသည်။',NULL,NULL,NULL,'2025-02-10','2011-03-17',0,'ပြိုင်ရွေးခံ',6,279000,1,'ဒဂုံတက္ကသိုလ်','တတိယနှစ်','BT-93','ဇီဝနည်းပညာ',NULL,'စာဖတ်ခြင်း',NULL,'စီမံကိန်းနှင့်ဘဏ္ဍာရေးဝန်ကြီးဌာန၊ စီမံကိန်းစိစစ်ရေးနှင့်တိုးတက်မှုအစီရင်ခံရေးဦးစီး ဌာနတွင်စိစစ်ရေးမှူး-၂ ရာထူးနေရာကိုဝင်ရောက်ဖြေဆိုအောင်မြင်ခဲ့ပြီးရင်းနှီးမြှုပ်နှံမှုနှင့်နိုင်ငံခြားစီးပွားဆက်သွယ်ရေးဝန်ကြီးဌာနသို့ပြောင်းရွှေ့တာဝန်ထမ်းဆောင်ခဲ့ပါသည်။ လက်ရှိတွင် ဦးစီးအရာရှိ လစာ ၂၇၉,၀၀၀ ကျပ် ခံစားလျက်ရှိပါသည်။         ',NULL,0,NULL,NULL,NULL,NULL,NULL,NULL,1,NULL,'1',NULL,NULL,NULL,NULL,NULL,NULL,NULL,NULL,NULL,NULL,NULL,NULL,NULL,'5','2025-02-13 22:27:23','2025-02-27 22:27:03',NULL,NULL,14,NULL,NULL,NULL,NULL,NULL,'2024-06-09',NULL),(56,'staffs/HqELznp625l0ouFNaAyur7kczvzg6gxafvqjuNWe.jpg',NULL,'ဒေါ်သန်းသန်းစိုး','လုံးလုံး',NULL,'1982-05-02','20010','GPMS Code-01108',NULL,2,86,1,4,9,'အနက်','အနက်','ဂုတ်မှဲ့ရှိ','အညို','၁၁၀ပေါင်',8,2,'မကျည်းဘုတ်ရွာ',5,100,1,'၀၅၈၈၉၄',NULL,NULL,'၀၉-၄၅၉၂၂၈၂၃၆','၀၉-၇၉၀၁၄၉၄၀၅','ttsygn@gmail.com',NULL,NULL,NULL,'သဇင်ရုံလမ်း၊နာဂလှိုဏ်ဂူအိမ်ယာဝင်း','အမှတ်(၅)ရပ်ကွက်','အခန်း(၂၀၃)',245,NULL,13,NULL,'မကျည်းဘုတ်ရွာ',NULL,69,NULL,6,'သဇင်(၄)၊ အဆောင်(၁၈)၊ ဒက္ခိဏသီရိ မြို့နယ်၊ နေပြည်တော်။',NULL,NULL,NULL,NULL,NULL,NULL,NULL,NULL,NULL,NULL,NULL,NULL,NULL,NULL,NULL,NULL,NULL,NULL,'ဦးသန်းထွန်းဦး',86,1,'မကျည်းဘုတ်','တောင်သူ',NULL,NULL,'မကျည်းဘုတ်ကျေးရွာ',69,NULL,6,NULL,NULL,NULL,NULL,NULL,NULL,NULL,NULL,NULL,NULL,NULL,'ဒေါ်ပေါရှိ',86,1,'မကျည်းဘုတ်ကျေးရွာ','မှီခို  ',NULL,NULL,'မကျည်းဘုတ်ကျေးရွာ',69,NULL,6,NULL,NULL,NULL,NULL,NULL,NULL,NULL,NULL,NULL,NULL,NULL,0,1,9,'2021-02-26',129,1,NULL,NULL,NULL,NULL,'2013-11-15','2013-11-15',0,'တိုက်ရိုက်ခန့်',8,220000,2,'ရန်ကုန်စီးပွားရေးတက္ကသိုလ်',NULL,'Roll No 79','Dip DS',NULL,NULL,NULL,NULL,NULL,0,NULL,NULL,NULL,NULL,NULL,NULL,1,NULL,'1',NULL,NULL,NULL,NULL,NULL,NULL,NULL,NULL,NULL,NULL,NULL,NULL,NULL,'5','2025-02-14 00:24:06','2025-03-03 01:18:36',NULL,NULL,17,NULL,NULL,NULL,NULL,NULL,'2025-02-26',NULL),(57,'staffs/1WGOI1KiBAuBKjdi7ub1MYhuJO0sARvDKEUzm9qM.jpg','-','ဒေါ်နှင်းစုမွန်','မရှိပါ။','မရှိပါ။','1987-09-05','-','-','-',2,96,1,5,2,'အနက်','အနက်','ဘယ်ဘက်မျက်လုံးတွင်မှဲ့ရှိ','အညို','၁၃၀ ပေါင်',4,2,'စစ်တွေမြို့',12,311,1,'၂၀၇၄၃၉',NULL,NULL,'၀၉-၄၂၀၇၃၇၄၉၅','၀၉-၄၂၀၇၃၇၄၉၅','snowsumon55@gmail.com',NULL,NULL,NULL,'ဣန္ဒာ(၈)လမ်း','ဋ','အမှတ်(၇၈၃)',247,NULL,13,'ဣန္ဒာ(၈)လမ်း','ဋ','အမှတ်(၇၈၃)',247,NULL,13,'သဇင်(၄)၊ အဆောင်(၁၉)၊ နေပြည်တော်',NULL,NULL,NULL,NULL,NULL,NULL,NULL,NULL,NULL,NULL,NULL,NULL,NULL,NULL,NULL,NULL,NULL,NULL,'ဦးသိန်းတင်',96,1,'စစ်တွေမြို့','မှီခို','အမှတ်(၇၈၃)','ဣန္ဒ္ဒါ(၈)လမ်း','ဋရပ်ကွက်',247,NULL,13,NULL,NULL,NULL,NULL,NULL,NULL,NULL,NULL,NULL,NULL,NULL,'ဒေါ်လှဥမ္မာ',96,1,'စစ်တွေ','မှီခို','အမှတ် (၇၈၃)','ဣန္ဒ္ဒါ(၈)လမ်း','ဋရပ်ကွက်',247,NULL,13,NULL,NULL,NULL,NULL,NULL,NULL,NULL,NULL,NULL,NULL,NULL,0,1,5,'2022-05-26',129,1,NULL,NULL,NULL,NULL,'2014-07-14','2009-06-22',0,'တိုက်ရိုက်ခန့်',5,312000,1,'ရန်ကုန်တက္ကသိုလ်','DBL','၄၃','ဥပဒေ','မရှိပါ။','သီချင်းဆိုခြင်း','-','-','မရှိပါ။',0,NULL,NULL,NULL,NULL,NULL,NULL,1,NULL,'1',NULL,NULL,NULL,NULL,NULL,NULL,NULL,NULL,NULL,NULL,NULL,NULL,'သင်တန်းဖြည့်ရန်','5','2025-02-17 01:08:00','2025-02-28 00:45:54',NULL,NULL,2,NULL,NULL,NULL,NULL,NULL,'2022-05-26',NULL),(59,'staffs/9QDdTLbTdbm24J2NMYwzpBqpiTzGTK7MvDGBn1CB.jpg',NULL,'ဦးဘုန်းကျော်',NULL,'မောင်ဘုန်း','1995-06-01',NULL,NULL,NULL,1,86,1,5,4,'အနက်','အနက်','နဖူးအလယ်အမှတ်ရှိ','အညို','၁၇၀',8,1,'ရန်ကုန်မြို့',12,304,1,'၁၇၅၅၈၈',NULL,NULL,'၀၉၆၇၀၇၇၆၁၀၆','၀၉၆၇၀၇၇၆၁၀၆','mr.phonekyaw9@gmail.com',NULL,NULL,NULL,'သုမန ၁ လမ်း','၁၆/၁','၁၀၄၃ ခ',214,NULL,13,'သုမန ၁ လမ်း','၁၆/၁','၁၀၄၃ ခ',214,NULL,13,NULL,NULL,NULL,NULL,NULL,NULL,NULL,NULL,NULL,NULL,NULL,NULL,NULL,NULL,NULL,NULL,NULL,NULL,NULL,'ဦးကျော်ဝင်း',86,1,'ရန်ကုန်တိုင်းဒေသကြီး','ဆန် ကုန်သည်','၁၀၄၃ ခ','သုမန ၁ လမ်း','၁၆/၁',214,NULL,13,NULL,NULL,NULL,NULL,NULL,NULL,NULL,NULL,NULL,NULL,NULL,'ဒေါ်မိမိခိုင်',86,1,'ရန်ကုန်တိုင်းဒေသကြီး','ဆန် ကုန်သည်','၁၀၄၃ ခ','သုမန ၁ လမ်း','၁၆/၁',214,NULL,13,NULL,NULL,NULL,NULL,NULL,NULL,NULL,NULL,NULL,NULL,NULL,1,1,14,'2022-10-12',129,1,NULL,NULL,NULL,NULL,'2022-10-12','2022-10-12',1,'ပြိုင်ရွေးခံ',10,182000,1,'ဒဂုံတက္ကသိုလ်','စတုတ္ထနှစ်','၄သ-၁၈၈ ','သမိုင်း','အမှတ်(၁)တက္ကသိုလ်လေ့ကျင့်ရေးတပ်၊\nတပ်ကြပ်ကြီး၊ကျောင်းသားတပ်ခွဲမှူး\n','ခြေလျင်တောင်တက်၊ စက်ဘီးနင်း၊ ဘောလုံးကန်၊ ကြက်တောင်ရိုက်',NULL,NULL,NULL,0,NULL,NULL,NULL,NULL,NULL,NULL,1,NULL,'1',NULL,NULL,NULL,NULL,NULL,NULL,NULL,NULL,NULL,NULL,NULL,NULL,NULL,'5','2025-02-24 01:21:51','2025-02-27 02:24:01','ဦးထင်လင်းကျော်(အစ်ကို)ဥပဒေအကြံပေး\nဥပဒေရေးရာကော်မတီတာဝန်ခံ\nပြည်ထောင်စုကြံ့ခိုင်ရေးနှင့် ဖွံ့ဖြိုးရေးပါတီ\n',NULL,NULL,NULL,NULL,NULL,NULL,NULL,'2024-10-12',NULL),(60,'staffs/85nVhlI3nCteUQjT5MQFoeJVONGRCPUW2QDnpIxd.jpg',NULL,'ဒေါ်ဝင်းလဲ့ရည်','လဲ့လဲ့','မရှိပါ','1995-12-06',NULL,NULL,NULL,2,86,1,5,2,'အနက်ရောင်','အနက်','နှုတ်ခမ်းအမာရွက်ရှိ','အဖြူ','၁၂၀ပေါင်',4,2,'ရန်ကုန်',12,310,1,'၁၇၃၂၃၅',NULL,NULL,'၀၉-၄၂၀၇၄၀၉၇၃','၀၉-၄၂၀၇၄၀၉၇၃ ၀၉၇၉၈၂၇၁၆၀၂','winlettyee95.@gamil.com',NULL,NULL,NULL,'ပင်းယ(၁၃)လမ်း၊','၅ ရပ်ကွက်၊','အမှတ်(၃၁၁/က)၊',215,NULL,13,'ပင်းယ(၁၃)လမ်း၊','၅ ရပ်ကွက်၊','အမှတ်(၃၁၁/က)၊',215,NULL,13,'အမှတ်၊ ၃၁၁/က၊ ပင်းယ(၁၃)လမ်း၊ ၅ရပ်ကွက်၊ တောင်ဥက္ကလာပမြို့နယ်၊ ရန်ကုန်တိုင်းဒေသကြီး။',NULL,NULL,NULL,NULL,NULL,NULL,NULL,NULL,NULL,NULL,NULL,NULL,NULL,NULL,NULL,NULL,NULL,NULL,'ဦးခင်မောင်သိန်း',86,1,'ပဲခူးတိုင်းဒေသကြီး၊ ကဝမြို့နယ်၊ ရှမ်းကန်ကျေးရွာ ၊','အစိုးရဝန်ထမ်း(ငြိမ်း)','ရှမ်းကန်ကျေးရွာ',NULL,NULL,103,NULL,8,NULL,NULL,NULL,NULL,NULL,NULL,NULL,NULL,NULL,NULL,NULL,'ဒေါ်ထားထားနွယ်',86,1,'အမှတ်(၃၁၁/က)၊ ပင်းယ(၁၃)လမ်း၊ ၅ရပ်ကွက်၊တောင်ဥက္ကလာပမြို့နယ်','မှီခို','အမှတ်(၃၁၁/က) ','ပင်းယ(၁၃)လမ်း','၅ ရပ်ကွက်',215,NULL,13,NULL,NULL,NULL,NULL,NULL,NULL,NULL,NULL,NULL,NULL,NULL,0,1,14,'2021-11-08',129,1,NULL,NULL,NULL,NULL,'2019-09-03','2019-09-03',1,'ပြိုင်ရွေးခံ',10,182000,1,'ဒဂုံတက္ကသိုလ်၊ ','စတုတ္ထနှစ်၊ ','ခုံအမှတ် -ဆဗဟ (၄၀၆) ၊',' ရုက္ခဗေဒ','မရှိပါ','မရှိပါ','မရှိပါ','မရှိပါ','မရှိပါ',0,'မရှိပါ','မရှိပါ',NULL,NULL,NULL,NULL,1,NULL,'1',NULL,NULL,NULL,NULL,NULL,NULL,NULL,NULL,NULL,NULL,NULL,NULL,NULL,'5','2025-02-26 03:23:01','2025-02-27 23:03:32',NULL,NULL,NULL,NULL,NULL,NULL,NULL,NULL,'2023-11-08','မရှိပါ'),(61,'staffs/X5s0nNCFFh6nufE1BiXEro36tAk5FhCSNcE9jjZ0.jpg',NULL,'ဦးသန့်ဇင်ဝင်း','ဘွတ်ဘွတ်','မရှိပါ','2001-09-14',NULL,NULL,NULL,1,86,1,5,7,'အနက်','အနက်','မှေးစေ့ မှဲ့ရှိ','အဖြူ','၁၄၀ပေါင်',1,1,'ရန်ကုန်မြို့',12,304,1,'190427',NULL,NULL,'၀၉၈၉၇၂၈၈၀၂၃','၀၉၇၈၉၁၂၀၁၂၂','brahmszinn@gmail.com',NULL,NULL,NULL,'ကန်တော်လမ်း','လေးထောင့်ကန်ရပ်ကွက်','၁၂၀',214,NULL,13,'ကန်တော်လမ်း','လေးထောင့်ကန်ရပ်ကွက်','၁၂၀',214,NULL,13,'အမှတ်(၁၂၀)ကန်တော်လမ်း၊လေးထောင့်ကန်ရပ်ကွက်၊ကန်တော်လမ်း၊သင်္ဃန်းကျွန်းမြို့နယ်၊ရန်ကုန်မြို့၊',NULL,NULL,NULL,NULL,NULL,NULL,NULL,NULL,NULL,NULL,NULL,NULL,NULL,NULL,NULL,NULL,NULL,NULL,'ဦးအောင်အောင်သွင်',86,1,'ရန်ကုန်မြို့','အရောင်းအဝယ်','၁၂၀','ကန်တော်လမ်း','လေးထောင့်ကန်ရပ်ကွက်',214,NULL,13,NULL,NULL,NULL,NULL,NULL,NULL,NULL,NULL,NULL,NULL,NULL,'ဒေါ်တင်တင်ဝင်း',86,1,' ရန်ကုန်မြို့','အစိုးရဝန်ထမ်း','၁၂၀','ကန်တော်လမ်း','လေးထောင့်ကန်ရပ်ကွက်',214,NULL,13,NULL,NULL,NULL,NULL,NULL,NULL,NULL,NULL,NULL,NULL,NULL,0,1,20,'2022-10-12',129,1,'-',NULL,NULL,1,'2022-10-12','2022-10-12',1,'ပြိုင်ရွေးခံ',12,144000,1,'ဒဂုံတက္ကသိုလ်','စတုတ္ထနှစ်','၄ရခ-၁၄၄','ရုက္ခဗေဒ',NULL,NULL,NULL,NULL,NULL,0,NULL,NULL,NULL,NULL,NULL,NULL,1,NULL,'1',NULL,NULL,NULL,NULL,NULL,NULL,NULL,NULL,NULL,NULL,NULL,NULL,NULL,'5','2025-02-27 23:12:28','2025-02-28 02:43:49',NULL,NULL,NULL,NULL,NULL,1,NULL,NULL,NULL,NULL),(62,'staffs/j5Srne3YJ19g5F9xz2if3vBJO5DLWiNSxkrCAg6y.jpg',NULL,'ဒေါက်တာထွန်းထွန်း','မရှိပါ။','မရှိပါ။','1981-03-07',NULL,NULL,'ဒေါ်ခိုင်ဇာလင်း',1,86,1,5,7,'အနက်','အညို','ဝဲနားထင်မှဲ့ရှိ','အဝါ','၁၃၅ ပေါင်',4,6,'ကျောက်ဆည်မြို့နယ်',9,189,1,'၁၁၀၅၀၃',NULL,NULL,'၀၉-၄၄၆၅၅၉၇၉၇','၀၉-၄၄၆၅၅၉၇၉၇','htoon555@gmail.com',NULL,NULL,NULL,'စိမ်းလဲ့မေလမ်းသွယ်၊',NULL,'အခန်း(၄၀၅)၊ DICA၊ ရန်ကုန်တိုင်းဝန်ထမ်းအိမ်ရာ၊ ',216,NULL,13,'ရေချမ်းအိုးမြောက်၊ ','ရပ်ကွက်ကြီး(၁၂)၊','အိမ်အမှတ်(၈၅၂)၊',157,NULL,10,'အမှတ် (၂)၊ တောင်နောက်၊ ကျောက်ဆည် မြို့နယ်၊ မန္တလေးတိုင်းဒေသကြီး။',NULL,NULL,NULL,NULL,NULL,NULL,NULL,NULL,NULL,NULL,NULL,NULL,NULL,NULL,NULL,NULL,NULL,NULL,'ဦးညွန့်တင်',86,1,'ကျောက်ဆည်မြို့နယ်','တောင်သူ','အမှတ်(၂)၊ ',NULL,'တောင်နောက်၊ ',150,NULL,10,NULL,NULL,NULL,NULL,NULL,NULL,NULL,NULL,NULL,NULL,NULL,'ဒေါ်မြင့်မြင့်ဌေး',86,1,'ကျောက်ဆည်မြို့နယ်','မှီခို','အမှတ်(၂)၊ ',NULL,'တောင်နောက်၊ ',150,NULL,10,NULL,NULL,NULL,NULL,NULL,NULL,NULL,NULL,NULL,NULL,NULL,0,1,3,'2017-07-28',129,1,NULL,NULL,NULL,NULL,'2015-09-01','2001-11-01',1,'ပြိုင်ရွေးခံ',3,386000,3,'ရန်ကုန်နည်းပညာတက္ကသိုလ်',NULL,'ME-IT-7',NULL,'မရှိပါ။','မရှိပါ။','မရှိပါ။','မရှိပါ။','မရှိပါ။',0,NULL,NULL,NULL,NULL,NULL,NULL,1,NULL,'1',NULL,NULL,NULL,NULL,NULL,NULL,NULL,NULL,NULL,NULL,NULL,NULL,NULL,'2','2025-02-28 02:17:11','2025-03-03 01:45:06',NULL,NULL,NULL,NULL,NULL,NULL,NULL,NULL,'2023-07-28',NULL);
/*!40000 ALTER TABLE `staff` ENABLE KEYS */;
UNLOCK TABLES;

--
-- Table structure for table `staff_education`
--

DROP TABLE IF EXISTS `staff_education`;
/*!40101 SET @saved_cs_client     = @@character_set_client */;
/*!50503 SET character_set_client = utf8mb4 */;
CREATE TABLE `staff_education` (
  `id` bigint unsigned NOT NULL AUTO_INCREMENT,
  `education_id` bigint unsigned DEFAULT NULL,
  `staff_id` bigint unsigned NOT NULL,
  `created_at` timestamp NULL DEFAULT NULL,
  `updated_at` timestamp NULL DEFAULT NULL,
  `country_id` bigint unsigned DEFAULT NULL,
  `degree_certificate` varchar(255) COLLATE utf8mb4_unicode_ci DEFAULT NULL,
  PRIMARY KEY (`id`),
  KEY `staff_education_education_id_foreign` (`education_id`),
  KEY `staff_education_staff_id_foreign` (`staff_id`),
  CONSTRAINT `staff_education_education_id_foreign` FOREIGN KEY (`education_id`) REFERENCES `education` (`id`) ON DELETE SET NULL,
  CONSTRAINT `staff_education_staff_id_foreign` FOREIGN KEY (`staff_id`) REFERENCES `staff` (`id`) ON DELETE CASCADE
) ENGINE=InnoDB AUTO_INCREMENT=36 DEFAULT CHARSET=utf8mb4 COLLATE=utf8mb4_unicode_ci;
/*!40101 SET character_set_client = @saved_cs_client */;

--
-- Dumping data for table `staff_education`
--

LOCK TABLES `staff_education` WRITE;
/*!40000 ALTER TABLE `staff_education` DISABLE KEYS */;
INSERT INTO `staff_education` VALUES (1,296,7,'2025-02-23 21:58:19','2025-03-03 01:33:35',28,'0'),(2,174,7,'2025-02-23 21:58:19','2025-03-03 01:33:35',28,'0'),(3,446,57,'2025-02-24 00:14:59','2025-02-28 00:34:28',28,'0'),(4,516,57,'2025-02-24 00:30:19','2025-02-28 00:34:28',28,'0'),(5,171,8,'2025-02-24 00:39:25','2025-02-24 00:39:25',154,'0'),(9,296,59,'2025-02-24 01:21:51','2025-02-26 02:47:44',NULL,'0'),(14,295,54,'2025-02-25 02:24:27','2025-02-27 03:28:23',28,'0'),(15,622,54,'2025-02-25 02:24:27','2025-02-27 03:28:23',28,'0'),(16,295,53,'2025-02-25 02:27:04','2025-02-26 01:40:52',28,'0'),(17,516,53,'2025-02-25 02:27:04','2025-02-26 01:40:52',28,'0'),(18,325,55,'2025-02-25 02:35:54','2025-02-27 21:56:30',28,'0'),(19,439,30,'2025-02-26 01:38:01','2025-02-26 01:38:15',28,'0'),(20,294,30,'2025-02-26 01:38:01','2025-02-26 01:38:15',28,'0'),(21,174,30,'2025-02-26 01:38:01','2025-02-26 01:38:15',28,'0'),(22,179,30,'2025-02-26 01:38:01','2025-02-26 01:38:15',175,'0'),(23,506,30,'2025-02-26 01:38:01','2025-02-26 01:38:15',28,'0'),(24,584,30,'2025-02-26 01:38:01','2025-02-26 01:38:15',28,'0'),(25,516,30,'2025-02-26 01:38:01','2025-02-26 01:38:15',28,'0'),(26,326,56,'2025-02-26 01:45:46','2025-03-03 01:18:36',28,'0'),(27,622,56,'2025-02-26 01:45:46','2025-03-03 01:18:36',28,'0'),(28,519,56,'2025-02-26 01:45:46','2025-03-03 01:18:36',28,'0'),(29,578,56,'2025-02-26 01:45:46','2025-03-03 01:18:36',28,'0'),(30,326,60,'2025-02-26 03:23:02','2025-02-27 23:03:32',28,'0'),(32,403,62,'2025-02-28 02:17:11','2025-02-28 02:20:55',28,'0'),(33,225,62,'2025-02-28 02:17:11','2025-02-28 02:20:55',28,'0'),(34,55,62,'2025-02-28 02:17:11','2025-02-28 02:20:55',28,'0'),(35,326,61,'2025-02-28 02:22:38','2025-02-28 02:22:38',28,'0');
/*!40000 ALTER TABLE `staff_education` ENABLE KEYS */;
UNLOCK TABLES;

--
-- Table structure for table `staff_languages`
--

DROP TABLE IF EXISTS `staff_languages`;
/*!40101 SET @saved_cs_client     = @@character_set_client */;
/*!50503 SET character_set_client = utf8mb4 */;
CREATE TABLE `staff_languages` (
  `id` bigint unsigned NOT NULL AUTO_INCREMENT,
  `staff_id` bigint unsigned NOT NULL,
  `language_id` bigint unsigned NOT NULL,
  `rank` varchar(255) CHARACTER SET utf8mb4 COLLATE utf8mb4_unicode_ci NOT NULL,
  `writing` varchar(255) CHARACTER SET utf8mb4 COLLATE utf8mb4_unicode_ci DEFAULT NULL,
  `reading` varchar(255) CHARACTER SET utf8mb4 COLLATE utf8mb4_unicode_ci DEFAULT NULL,
  `speaking` varchar(255) CHARACTER SET utf8mb4 COLLATE utf8mb4_unicode_ci DEFAULT NULL,
  `remark` varchar(255) CHARACTER SET utf8mb4 COLLATE utf8mb4_unicode_ci DEFAULT NULL,
  `created_at` timestamp NULL DEFAULT NULL,
  `updated_at` timestamp NULL DEFAULT NULL,
  PRIMARY KEY (`id`),
  KEY `staff_languages_staff_id_foreign` (`staff_id`),
  KEY `staff_languages_language_id_foreign` (`language_id`),
  CONSTRAINT `staff_languages_language_id_foreign` FOREIGN KEY (`language_id`) REFERENCES `languages` (`id`) ON DELETE CASCADE,
  CONSTRAINT `staff_languages_staff_id_foreign` FOREIGN KEY (`staff_id`) REFERENCES `staff` (`id`) ON DELETE CASCADE
) ENGINE=InnoDB AUTO_INCREMENT=3 DEFAULT CHARSET=utf8mb4 COLLATE=utf8mb4_unicode_ci;
/*!40101 SET character_set_client = @saved_cs_client */;

--
-- Dumping data for table `staff_languages`
--

LOCK TABLES `staff_languages` WRITE;
/*!40000 ALTER TABLE `staff_languages` DISABLE KEYS */;
INSERT INTO `staff_languages` VALUES (1,7,1,'အသင့်အတင့်','အသင့်အတင့်','အသင့်အတင့်','အသင့်အတင့်','','2025-01-24 03:02:46','2025-01-24 03:02:46'),(2,57,1,'သင့်','သင့်','သင့်','သင့်','','2025-02-27 23:20:07','2025-02-27 23:20:07');
/*!40000 ALTER TABLE `staff_languages` ENABLE KEYS */;
UNLOCK TABLES;

--
-- Table structure for table `staff_types`
--

DROP TABLE IF EXISTS `staff_types`;
/*!40101 SET @saved_cs_client     = @@character_set_client */;
/*!50503 SET character_set_client = utf8mb4 */;
CREATE TABLE `staff_types` (
  `id` bigint unsigned NOT NULL AUTO_INCREMENT,
  `name` varchar(255) CHARACTER SET utf8mb4 COLLATE utf8mb4_unicode_ci NOT NULL,
  `created_at` timestamp NULL DEFAULT NULL,
  `updated_at` timestamp NULL DEFAULT NULL,
  PRIMARY KEY (`id`)
) ENGINE=InnoDB AUTO_INCREMENT=4 DEFAULT CHARSET=utf8mb4 COLLATE=utf8mb4_unicode_ci;
/*!40101 SET character_set_client = @saved_cs_client */;

--
-- Dumping data for table `staff_types`
--

LOCK TABLES `staff_types` WRITE;
/*!40000 ALTER TABLE `staff_types` DISABLE KEYS */;
INSERT INTO `staff_types` VALUES (1,'အရာထမ်း',NULL,NULL),(2,'အမှုထမ်း',NULL,NULL),(3,'နေ့စား',NULL,NULL);
/*!40000 ALTER TABLE `staff_types` ENABLE KEYS */;
UNLOCK TABLES;

--
-- Table structure for table `statuses`
--

DROP TABLE IF EXISTS `statuses`;
/*!40101 SET @saved_cs_client     = @@character_set_client */;
/*!50503 SET character_set_client = utf8mb4 */;
CREATE TABLE `statuses` (
  `id` bigint unsigned NOT NULL AUTO_INCREMENT,
  `name` varchar(255) CHARACTER SET utf8mb4 COLLATE utf8mb4_unicode_ci NOT NULL,
  `created_at` timestamp NULL DEFAULT NULL,
  `updated_at` timestamp NULL DEFAULT NULL,
  PRIMARY KEY (`id`)
) ENGINE=InnoDB AUTO_INCREMENT=46 DEFAULT CHARSET=utf8mb4 COLLATE=utf8mb4_unicode_ci;
/*!40101 SET character_set_client = @saved_cs_client */;

--
-- Dumping data for table `statuses`
--

LOCK TABLES `statuses` WRITE;
/*!40000 ALTER TABLE `statuses` DISABLE KEYS */;
INSERT INTO `statuses` VALUES (1,'saveDraft',NULL,NULL),(2,'submit',NULL,NULL),(3,'reject',NULL,NULL),(4,'resubmit',NULL,NULL),(5,'approve',NULL,NULL),(6,'saveDraft',NULL,NULL),(7,'submit',NULL,NULL),(8,'reject',NULL,NULL),(9,'resubmit',NULL,NULL),(10,'approve',NULL,NULL),(11,'saveDraft',NULL,NULL),(12,'submit',NULL,NULL),(13,'reject',NULL,NULL),(14,'resubmit',NULL,NULL),(15,'approve',NULL,NULL),(16,'saveDraft',NULL,NULL),(17,'submit',NULL,NULL),(18,'reject',NULL,NULL),(19,'resubmit',NULL,NULL),(20,'approve',NULL,NULL),(21,'saveDraft',NULL,NULL),(22,'submit',NULL,NULL),(23,'reject',NULL,NULL),(24,'resubmit',NULL,NULL),(25,'approve',NULL,NULL),(26,'saveDraft',NULL,NULL),(27,'submit',NULL,NULL),(28,'reject',NULL,NULL),(29,'resubmit',NULL,NULL),(30,'approve',NULL,NULL),(31,'saveDraft',NULL,NULL),(32,'submit',NULL,NULL),(33,'reject',NULL,NULL),(34,'resubmit',NULL,NULL),(35,'approve',NULL,NULL),(36,'saveDraft',NULL,NULL),(37,'submit',NULL,NULL),(38,'reject',NULL,NULL),(39,'resubmit',NULL,NULL),(40,'approve',NULL,NULL),(41,'saveDraft',NULL,NULL),(42,'submit',NULL,NULL),(43,'reject',NULL,NULL),(44,'resubmit',NULL,NULL),(45,'approve',NULL,NULL);
/*!40000 ALTER TABLE `statuses` ENABLE KEYS */;
UNLOCK TABLES;

--
-- Table structure for table `townships`
--

DROP TABLE IF EXISTS `townships`;
/*!40101 SET @saved_cs_client     = @@character_set_client */;
/*!50503 SET character_set_client = utf8mb4 */;
CREATE TABLE `townships` (
  `id` bigint unsigned NOT NULL AUTO_INCREMENT,
  `name` varchar(255) CHARACTER SET utf8mb4 COLLATE utf8mb4_unicode_ci NOT NULL,
  `district_id` bigint unsigned DEFAULT NULL,
  `region_id` bigint unsigned DEFAULT NULL,
  `created_at` timestamp NULL DEFAULT NULL,
  `updated_at` timestamp NULL DEFAULT NULL,
  PRIMARY KEY (`id`),
  KEY `townships_district_id_foreign` (`district_id`),
  KEY `townships_region_id_foreign` (`region_id`),
  CONSTRAINT `townships_district_id_foreign` FOREIGN KEY (`district_id`) REFERENCES `districts` (`id`) ON DELETE SET NULL,
  CONSTRAINT `townships_region_id_foreign` FOREIGN KEY (`region_id`) REFERENCES `regions` (`id`) ON DELETE SET NULL
) ENGINE=InnoDB AUTO_INCREMENT=331 DEFAULT CHARSET=utf8mb4 COLLATE=utf8mb4_unicode_ci;
/*!40101 SET character_set_client = @saved_cs_client */;

--
-- Dumping data for table `townships`
--

LOCK TABLES `townships` WRITE;
/*!40000 ALTER TABLE `townships` DISABLE KEYS */;
INSERT INTO `townships` VALUES (1,'လယ်ဝေး',1,1,'2024-12-12 22:33:18','2024-12-12 22:33:18'),(2,'ဒက္ခိဏသီရိ',1,1,'2024-12-12 22:33:18','2024-12-12 22:33:18'),(3,'ပျဥ်းမနား',2,1,'2024-12-12 22:33:18','2024-12-12 22:33:18'),(4,'ဇမ္မူသီရိ',2,1,'2024-12-12 22:33:18','2024-12-12 22:33:18'),(5,'ဥတ္တရသီရိ',3,1,'2024-12-12 22:33:18','2024-12-12 22:33:18'),(6,'တပ်ကုန်း',3,1,'2024-12-12 22:33:18','2024-12-12 22:33:18'),(7,'ဇေယျာသီရိ',4,1,'2024-12-12 22:33:18','2024-12-12 22:33:18'),(8,'ပုဗ္ဗသီရိ',4,1,'2024-12-12 22:33:18','2024-12-12 22:33:18'),(9,'ပူတာအို',5,2,'2024-12-12 22:33:18','2024-12-12 22:33:18'),(10,'နောင်မွန်း',5,2,'2024-12-12 22:33:18','2024-12-12 22:33:18'),(11,'မချမ်းဘော',5,2,'2024-12-12 22:33:18','2024-12-12 22:33:18'),(12,'ခေါင်လန်ဖူး',5,2,'2024-12-12 22:33:18','2024-12-12 22:33:18'),(13,'ဆွမ်ပရာဘွမ်',5,2,'2024-12-12 22:33:18','2024-12-12 22:33:18'),(14,'ဗန်းမော်',6,2,'2024-12-12 22:33:18','2024-12-12 22:33:18'),(15,'မိုးမောက်',6,2,'2024-12-12 22:33:18','2024-12-12 22:33:18'),(16,'မံစီ',6,2,'2024-12-12 22:33:18','2024-12-12 22:33:18'),(17,'ရွှေကူ',6,2,'2024-12-12 22:33:18','2024-12-12 22:33:18'),(18,'မိုးညှင်း',7,2,'2024-12-12 22:33:18','2024-12-12 22:33:18'),(19,'မိုးကောင်း',7,2,'2024-12-12 22:33:18','2024-12-12 22:33:18'),(20,'ဖားကန့်',7,2,'2024-12-12 22:33:18','2024-12-12 22:33:18'),(21,'မြစ်ကြီးနား',8,2,'2024-12-12 22:33:18','2024-12-12 22:33:18'),(22,'ဝိုင်းမော်',8,2,'2024-12-12 22:33:18','2024-12-12 22:33:18'),(23,'အင်ဂျန်းယန်',8,2,'2024-12-12 22:33:18','2024-12-12 22:33:18'),(24,'တနိုင်း',9,2,'2024-12-12 22:33:18','2024-12-12 22:33:18'),(25,'ချီဖွေ',10,2,'2024-12-12 22:33:18','2024-12-12 22:33:18'),(26,'ဆော့လော်',10,2,'2024-12-12 22:33:18','2024-12-12 22:33:18'),(27,'လွိုင်ကော်',11,3,'2024-12-12 22:33:18','2024-12-12 22:33:18'),(28,'ရှားတော',11,3,'2024-12-12 22:33:18','2024-12-12 22:33:18'),(29,'ဒီးမော့ဆို',12,3,'2024-12-12 22:33:18','2024-12-12 22:33:18'),(30,'ဖရူဆို',12,3,'2024-12-12 22:33:18','2024-12-12 22:33:18'),(31,'ဘောလခဲ',13,3,'2024-12-12 22:33:18','2024-12-12 22:33:18'),(32,'ဖားဆောင်း',13,3,'2024-12-12 22:33:18','2024-12-12 22:33:18'),(33,'မယ်စဲ့',14,3,'2024-12-12 22:33:18','2024-12-12 22:33:18'),(34,'ကော့ကရိတ်',15,4,'2024-12-12 22:33:18','2024-12-12 22:33:18'),(35,'ကြာအင်းဆိပ်ကြီး',16,4,'2024-12-12 22:33:18','2024-12-12 22:33:18'),(36,'ဖာပွန်',17,4,'2024-12-12 22:33:18','2024-12-12 22:33:18'),(37,'ဘားအံ',18,4,'2024-12-12 22:33:18','2024-12-12 22:33:18'),(38,'လှိုင်းဘွဲ့',18,4,'2024-12-12 22:33:18','2024-12-12 22:33:18'),(39,'သံတောင်ကြီး',19,4,'2024-12-12 22:33:18','2024-12-12 22:33:18'),(40,'မြဝတီ',20,4,'2024-12-12 22:33:18','2024-12-12 22:33:18'),(41,'ဖလမ်း',21,5,'2024-12-12 22:33:18','2024-12-12 22:33:18'),(42,'တီးတိန်',22,5,'2024-12-12 22:33:18','2024-12-12 22:33:18'),(43,'တွန်းဇံ',22,5,'2024-12-12 22:33:18','2024-12-12 22:33:18'),(44,'မတူပီ',23,5,'2024-12-12 22:33:18','2024-12-12 22:33:18'),(45,'ပလက်ဝ',24,5,'2024-12-12 22:33:18','2024-12-12 22:33:18'),(46,'ကန်ပက်လက်',25,5,'2024-12-12 22:33:18','2024-12-12 22:33:18'),(47,'မင်းတပ်',25,5,'2024-12-12 22:33:18','2024-12-12 22:33:18'),(48,'ထန်တလန်',26,5,'2024-12-12 22:33:18','2024-12-12 22:33:18'),(49,'ဟားခါး',26,5,'2024-12-12 22:33:18','2024-12-12 22:33:18'),(50,'လေရှီး',27,6,'2024-12-12 22:33:18','2024-12-12 22:33:18'),(51,'လဟယ်',27,6,'2024-12-12 22:33:18','2024-12-12 22:33:18'),(52,'နန်းယွန်း',27,6,'2024-12-12 22:33:18','2024-12-12 22:33:18'),(53,'ကလေး',28,6,'2024-12-12 22:33:18','2024-12-12 22:33:18'),(54,'ကလေးဝ',28,6,'2024-12-12 22:33:18','2024-12-12 22:33:18'),(55,'မင်းကင်း',28,6,'2024-12-12 22:33:18','2024-12-12 22:33:18'),(56,'ကသာ',29,6,'2024-12-12 22:33:18','2024-12-12 22:33:18'),(57,'ထီးချိုင့်',29,6,'2024-12-12 22:33:18','2024-12-12 22:33:18'),(58,'ဗန်းမောက်',29,6,'2024-12-12 22:33:18','2024-12-12 22:33:18'),(59,'အင်းတော်',29,6,'2024-12-12 22:33:18','2024-12-12 22:33:18'),(60,'ကောလင်း',30,6,'2024-12-12 22:33:18','2024-12-12 22:33:18'),(61,'ပင်လည်ဘူး',30,6,'2024-12-12 22:33:18','2024-12-12 22:33:18'),(62,'ဝန်းသို',30,6,'2024-12-12 22:33:18','2024-12-12 22:33:18'),(63,'ကန့်ဘလူ',31,6,'2024-12-12 22:33:18','2024-12-12 22:33:18'),(64,'ကျွန်းလှ',31,6,'2024-12-12 22:33:18','2024-12-12 22:33:18'),(65,'ခန္တီး',32,6,'2024-12-12 22:33:18','2024-12-12 22:33:18'),(66,'ဟုမ္မလင်း',33,6,'2024-12-12 22:33:18','2024-12-12 22:33:18'),(67,'စစ်ကိုင်း',34,6,'2024-12-12 22:33:18','2024-12-12 22:33:18'),(68,'မြင်းမု',34,6,'2024-12-12 22:33:18','2024-12-12 22:33:18'),(69,'မြောင်',34,6,'2024-12-12 22:33:18','2024-12-12 22:33:18'),(70,'တမူး',35,6,'2024-12-12 22:33:18','2024-12-12 22:33:18'),(71,'ချောင်းဦး',36,6,'2024-12-12 22:33:18','2024-12-12 22:33:18'),(72,'ဘုတလင်',36,6,'2024-12-12 22:33:18','2024-12-12 22:33:18'),(73,'မုံရွာ',36,6,'2024-12-12 22:33:18','2024-12-12 22:33:18'),(74,'အရာတော်',36,6,'2024-12-12 22:33:18','2024-12-12 22:33:18'),(75,'ဖောင်းပြင်',37,6,'2024-12-12 22:33:18','2024-12-12 22:33:18'),(76,'မော်လိုက်',37,6,'2024-12-12 22:33:18','2024-12-12 22:33:18'),(77,'ကနီ',38,6,'2024-12-12 22:33:18','2024-12-12 22:33:18'),(78,'ဆားလင်းကြီဂ',38,6,'2024-12-12 22:33:18','2024-12-12 22:33:18'),(79,'ပုလဲ',38,6,'2024-12-12 22:33:18','2024-12-12 22:33:18'),(80,'ယင်းမာပင်',38,6,'2024-12-12 22:33:19','2024-12-12 22:33:19'),(81,'ရွှေဘို',39,6,'2024-12-12 22:33:19','2024-12-12 22:33:19'),(82,'ခင်ဦး',39,6,'2024-12-12 22:33:19','2024-12-12 22:33:19'),(83,'ဝက်လက်',39,6,'2024-12-12 22:33:19','2024-12-12 22:33:19'),(84,'ရေဦး',40,6,'2024-12-12 22:33:19','2024-12-12 22:33:19'),(85,'တန့်ဆည်',40,6,'2024-12-12 22:33:19','2024-12-12 22:33:19'),(86,'ဒီပဲယင်း',40,6,'2024-12-12 22:33:19','2024-12-12 22:33:19'),(87,'ကော့သောင်း',41,7,'2024-12-12 22:33:19','2024-12-12 22:33:19'),(88,'ဘုတ်ပြင်း',42,7,'2024-12-12 22:33:19','2024-12-12 22:33:19'),(89,'ထားဝယ်',43,7,'2024-12-12 22:33:19','2024-12-12 22:33:19'),(90,'ရေဖြူ',43,7,'2024-12-12 22:33:19','2024-12-12 22:33:19'),(91,'လောင်းလုံ',43,7,'2024-12-12 22:33:19','2024-12-12 22:33:19'),(92,'သရက်ချောင်း',43,7,'2024-12-12 22:33:19','2024-12-12 22:33:19'),(93,'ကျွန်းစု',44,7,'2024-12-12 22:33:19','2024-12-12 22:33:19'),(94,'တနင်္သာရီ',44,7,'2024-12-12 22:33:19','2024-12-12 22:33:19'),(95,'ပုလော',44,7,'2024-12-12 22:33:19','2024-12-12 22:33:19'),(96,'မြိတ်',44,7,'2024-12-12 22:33:19','2024-12-12 22:33:19'),(97,'တောင်ငူ',45,8,'2024-12-12 22:33:19','2024-12-12 22:33:19'),(98,'အုတ်တွင်း',45,8,'2024-12-12 22:33:19','2024-12-12 22:33:19'),(99,'ရေတာရှည်',45,8,'2024-12-12 22:33:19','2024-12-12 22:33:19'),(100,'ဖြူး',45,8,'2024-12-12 22:33:19','2024-12-12 22:33:19'),(101,'ထန်းတပင်',45,8,'2024-12-12 22:33:19','2024-12-12 22:33:19'),(102,'ပဲခူး',46,8,'2024-12-12 22:33:19','2024-12-12 22:33:19'),(103,'ကဝ',46,8,'2024-12-12 22:33:19','2024-12-12 22:33:19'),(104,'ဝေါ',46,8,'2024-12-12 22:33:19','2024-12-12 22:33:19'),(105,'သနပ်ပင်',46,8,'2024-12-12 22:33:19','2024-12-12 22:33:19'),(106,'ညောင်လေးပင်',47,8,'2024-12-12 22:33:19','2024-12-12 22:33:19'),(107,'ကျောက်တံခါး',47,8,'2024-12-12 22:33:19','2024-12-12 22:33:19'),(108,'ဒိုက်ဦး',47,8,'2024-12-12 22:33:19','2024-12-12 22:33:19'),(109,'ရွှေကျင်',47,8,'2024-12-12 22:33:19','2024-12-12 22:33:19'),(110,'ကျောက်ကြီး',47,8,'2024-12-12 22:33:19','2024-12-12 22:33:19'),(111,'ပြည်',48,8,'2024-12-12 22:33:19','2024-12-12 22:33:19'),(112,'ပေါက်ခေါင်း',48,8,'2024-12-12 22:33:19','2024-12-12 22:33:19'),(113,'ပန်းတောင်း',48,8,'2024-12-12 22:33:19','2024-12-12 22:33:19'),(114,'ရွှေတောင်',48,8,'2024-12-12 22:33:19','2024-12-12 22:33:19'),(115,'သာယာဝတီ',49,8,'2024-12-12 22:33:19','2024-12-12 22:33:19'),(116,'လက်ပံတန်း',49,8,'2024-12-12 22:33:19','2024-12-12 22:33:19'),(117,'မင်းလှ',49,8,'2024-12-12 22:33:19','2024-12-12 22:33:19'),(118,'မိုးညို',49,8,'2024-12-12 22:33:19','2024-12-12 22:33:19'),(119,'အုတ်ဖို',49,8,'2024-12-12 22:33:19','2024-12-12 22:33:19'),(120,'ကြို့ပင်ကောက်',49,8,'2024-12-12 22:33:19','2024-12-12 22:33:19'),(121,'နတ်တလင်း',50,8,'2024-12-12 22:33:19','2024-12-12 22:33:19'),(122,'ဇီးကုန်း',50,8,'2024-12-12 22:33:19','2024-12-12 22:33:19'),(123,'သဲကုန်း',50,8,'2024-12-12 22:33:19','2024-12-12 22:33:19'),(124,'ပေါင်းတည်',50,8,'2024-12-12 22:33:19','2024-12-12 22:33:19'),(125,'ဂန့်ဂေါ',51,9,'2024-12-12 22:33:19','2024-12-12 22:33:19'),(126,'ဆော',51,9,'2024-12-12 22:33:19','2024-12-12 22:33:19'),(127,'ထီးလင်း',51,9,'2024-12-12 22:33:19','2024-12-12 22:33:19'),(128,'ပခုက္ကူ',52,9,'2024-12-12 22:33:19','2024-12-12 22:33:19'),(129,'ဆိပ်ဖြူ',52,9,'2024-12-12 22:33:19','2024-12-12 22:33:19'),(130,'ပေါက်',52,9,'2024-12-12 22:33:19','2024-12-12 22:33:19'),(131,'ရေစကြို',52,9,'2024-12-12 22:33:19','2024-12-12 22:33:19'),(132,'မြိုင်',52,9,'2024-12-12 22:33:19','2024-12-12 22:33:19'),(133,'မကွေး',53,9,'2024-12-12 22:33:19','2024-12-12 22:33:19'),(134,'တောင်တွင်းကြီး',53,9,'2024-12-12 22:33:19','2024-12-12 22:33:19'),(135,'မြို့သစ်',53,9,'2024-12-12 22:33:19','2024-12-12 22:33:19'),(136,'နတ်မောက်',53,9,'2024-12-12 22:33:19','2024-12-12 22:33:19'),(137,'ချောက်',54,9,'2024-12-12 22:33:19','2024-12-12 22:33:19'),(138,'ရေနံချောင်း',54,9,'2024-12-12 22:33:19','2024-12-12 22:33:19'),(139,'မင်းဘူး',55,9,'2024-12-12 22:33:19','2024-12-12 22:33:19'),(140,'ငဖဲ',55,9,'2024-12-12 22:33:19','2024-12-12 22:33:19'),(141,'စလင်း',55,9,'2024-12-12 22:33:19','2024-12-12 22:33:19'),(142,'စေတုတ္တရာ',55,9,'2024-12-12 22:33:19','2024-12-12 22:33:19'),(143,'ပွင့်ဖြူ',55,9,'2024-12-12 22:33:19','2024-12-12 22:33:19'),(144,'သရက်',56,9,'2024-12-12 22:33:19','2024-12-12 22:33:19'),(145,'ကံမ',56,9,'2024-12-12 22:33:19','2024-12-12 22:33:19'),(146,'မင်းတုန်း',56,9,'2024-12-12 22:33:19','2024-12-12 22:33:19'),(147,'မင်းလှ',56,9,'2024-12-12 22:33:19','2024-12-12 22:33:19'),(148,'အောင်လံ',57,9,'2024-12-12 22:33:19','2024-12-12 22:33:19'),(149,'ဆင်ပေါင်ဝဲ',57,9,'2024-12-12 22:33:19','2024-12-12 22:33:19'),(150,'ကျောက်ဆည်',58,10,'2024-12-12 22:33:19','2024-12-12 22:33:19'),(151,'စဥ့်ကိုင်',58,10,'2024-12-12 22:33:19','2024-12-12 22:33:19'),(152,'မြစ်သား',58,10,'2024-12-12 22:33:19','2024-12-12 22:33:19'),(153,'တံတားဦး',59,10,'2024-12-12 22:33:19','2024-12-12 22:33:19'),(154,'ငါန်းဇွန်',59,10,'2024-12-12 22:33:19','2024-12-12 22:33:19'),(155,'ညောင်ဦး',60,10,'2024-12-12 22:33:19','2024-12-12 22:33:19'),(156,'ကျောက်ပန်းတောင်း',60,10,'2024-12-12 22:33:19','2024-12-12 22:33:19'),(157,'ပြင်ဦးလွင်',61,10,'2024-12-12 22:33:19','2024-12-12 22:33:19'),(158,'သပိတ်ကျင်း',62,10,'2024-12-12 22:33:19','2024-12-12 22:33:19'),(159,'မိုးကုတ်',62,10,'2024-12-12 22:33:19','2024-12-12 22:33:19'),(160,'စဉ့်ကူး',62,10,'2024-12-12 22:33:19','2024-12-12 22:33:19'),(161,'မဟာအောင်မြေ',63,10,'2024-12-12 22:33:19','2024-12-12 22:33:19'),(162,'ချမ်းအေးသာဇံ',63,10,'2024-12-12 22:33:19','2024-12-12 22:33:19'),(163,'ချမ်းမြသာစည်',63,10,'2024-12-12 22:33:19','2024-12-12 22:33:19'),(164,'ပြည်ကြီးတံခွန်',63,10,'2024-12-12 22:33:19','2024-12-12 22:33:19'),(165,'အောင်မြေသာဇံ',64,10,'2024-12-12 22:33:19','2024-12-12 22:33:19'),(166,'ပုသိမ်ကြီး',64,10,'2024-12-12 22:33:19','2024-12-12 22:33:19'),(167,'မတ္တရာ',64,10,'2024-12-12 22:33:19','2024-12-12 22:33:19'),(168,'အမရပူရ',65,10,'2024-12-12 22:33:19','2024-12-12 22:33:19'),(169,'မလှိုင်',66,10,'2024-12-12 22:33:19','2024-12-12 22:33:19'),(170,'မိတ္ထီလာ',66,10,'2024-12-12 22:33:19','2024-12-12 22:33:19'),(171,'ဝမ်းတွင်း',66,10,'2024-12-12 22:33:19','2024-12-12 22:33:19'),(172,'သာစည်',66,10,'2024-12-12 22:33:19','2024-12-12 22:33:19'),(173,'မြင်းခြံ',67,10,'2024-12-12 22:33:19','2024-12-12 22:33:19'),(174,'တောင်သာ',67,10,'2024-12-12 22:33:19','2024-12-12 22:33:19'),(175,'နွားထိုးကြီး',67,10,'2024-12-12 22:33:19','2024-12-12 22:33:19'),(176,'ရမည်းသင်း',68,10,'2024-12-12 22:33:19','2024-12-12 22:33:19'),(177,'ပျော်ဘွယ်',68,10,'2024-12-12 22:33:19','2024-12-12 22:33:19'),(178,'မော်လမြိုင်',69,11,'2024-12-12 22:33:19','2024-12-12 22:33:19'),(179,'ကျိုက်မရော',69,11,'2024-12-12 22:33:19','2024-12-12 22:33:19'),(180,'ချောင်းဆုံ',69,11,'2024-12-12 22:33:19','2024-12-12 22:33:19'),(181,'သံဖြူဇရပ်',69,11,'2024-12-12 22:33:19','2024-12-12 22:33:19'),(182,'မုဒုံ',69,11,'2024-12-12 22:33:19','2024-12-12 22:33:19'),(183,'ရေး',70,11,'2024-12-12 22:33:19','2024-12-12 22:33:19'),(184,'သထုံ',71,11,'2024-12-12 22:33:19','2024-12-12 22:33:19'),(185,'ပေါင်',71,11,'2024-12-12 22:33:19','2024-12-12 22:33:19'),(186,'ကျိုက်ထို',72,11,'2024-12-12 22:33:19','2024-12-12 22:33:19'),(187,'ဘီးလင်း',72,11,'2024-12-12 22:33:19','2024-12-12 22:33:19'),(188,'ကျောက်ဖြူ',73,12,'2024-12-12 22:33:19','2024-12-12 22:33:19'),(189,'ရမ်းဗြဲ',73,12,'2024-12-12 22:33:19','2024-12-12 22:33:19'),(190,'အမ်း',74,12,'2024-12-12 22:33:19','2024-12-12 22:33:19'),(191,'စစ်တွေ',75,12,'2024-12-12 22:33:19','2024-12-12 22:33:19'),(192,'ပေါက်တော',75,12,'2024-12-12 22:33:19','2024-12-12 22:33:19'),(193,'ပုဏ္ဏကျွန်း',75,12,'2024-12-12 22:33:19','2024-12-12 22:33:19'),(194,'ရသေ့တောင်',75,12,'2024-12-12 22:33:19','2024-12-12 22:33:19'),(195,'မောင်တော',76,12,'2024-12-12 22:33:19','2024-12-12 22:33:19'),(196,'ဘူးသီးတောင်',76,12,'2024-12-12 22:33:19','2024-12-12 22:33:19'),(197,'ကျောက်တော်',77,12,'2024-12-12 22:33:19','2024-12-12 22:33:19'),(198,'မင်းပြား',77,12,'2024-12-12 22:33:19','2024-12-12 22:33:19'),(199,'မြေပုံ',77,12,'2024-12-12 22:33:19','2024-12-12 22:33:19'),(200,'မြောက်ဦး',77,12,'2024-12-12 22:33:19','2024-12-12 22:33:19'),(201,'သံတွဲ',78,12,'2024-12-12 22:33:19','2024-12-12 22:33:19'),(202,'ဂွ',78,12,'2024-12-12 22:33:19','2024-12-12 22:33:19'),(203,'တောင်ကုတ်',79,12,'2024-12-12 22:33:19','2024-12-12 22:33:19'),(204,'မာန်အောင်',79,12,'2024-12-12 22:33:19','2024-12-12 22:33:19'),(205,'တိုက်ကြီး',80,13,'2024-12-12 22:33:19','2024-12-12 22:33:19'),(206,'လှည်းကူး',81,13,'2024-12-12 22:33:19','2024-12-12 22:33:19'),(207,'မှော်ဘီ',82,13,'2024-12-12 22:33:19','2024-12-12 22:33:19'),(208,'ထန်းတပင်',82,13,'2024-12-12 22:33:19','2024-12-12 22:33:19'),(209,'မင်္ဂလာဒုံ',83,13,'2024-12-12 22:33:19','2024-12-12 22:33:19'),(210,'ရွှေပြည်သာ',83,13,'2024-12-12 22:33:19','2024-12-12 22:33:19'),(211,'အင်းစိန်',84,13,'2024-12-12 22:33:19','2024-12-12 22:33:19'),(212,'လှိုင်သာယာ(အရှေ့ပိုင်)',84,13,'2024-12-12 22:33:19','2024-12-12 22:33:19'),(213,'လှိုင်သာယာ(အနောက်ပိုင်း)',84,13,'2024-12-12 22:33:19','2024-12-12 22:33:19'),(214,'သင်္ဃန်းကျွန်း',85,13,'2024-12-12 22:33:19','2024-12-12 22:33:19'),(215,'တောင်ဥက္ကလာပ',85,13,'2024-12-12 22:33:19','2024-12-12 22:33:19'),(216,'ရန်ကင်း',85,13,'2024-12-12 22:33:19','2024-12-12 22:33:19'),(217,'တာမွေ',85,13,'2024-12-12 22:33:19','2024-12-12 22:33:19'),(218,'ဗိုလ်တထောင်',86,13,'2024-12-12 22:33:19','2024-12-12 22:33:19'),(219,'ဒေါပုံ',86,13,'2024-12-12 22:33:19','2024-12-12 22:33:19'),(220,'မင်္ဂလာတောင်ညွန့်',86,13,'2024-12-12 22:33:19','2024-12-12 22:33:19'),(221,'ပုဇွန်တောင်',86,13,'2024-12-12 22:33:19','2024-12-12 22:33:19'),(222,'သာကေတ',86,13,'2024-12-12 22:33:19','2024-12-12 22:33:19'),(223,'ဒဂုံမြို့သစ်(တောင်ပိုင်း)',87,13,'2024-12-12 22:33:19','2024-12-12 22:33:19'),(224,'ဒဂုံမြို့သစ်(မြောက်ပိုင်း)',87,13,'2024-12-12 22:33:19','2024-12-12 22:33:19'),(225,'ဒဂုံမြို့သစ်(အရှေ့ပိုင်း)',87,13,'2024-12-12 22:33:19','2024-12-12 22:33:19'),(226,'ဒဂုံမြို့သစ်(ဆိပ်ကမ်း)',87,13,'2024-12-12 22:33:19','2024-12-12 22:33:19'),(227,'သန်လျင်',88,13,'2024-12-12 22:33:19','2024-12-12 22:33:19'),(228,'ကျောက်တန်း',88,13,'2024-12-12 22:33:19','2024-12-12 22:33:19'),(229,'သုံးခွ',88,13,'2024-12-12 22:33:19','2024-12-12 22:33:19'),(230,'ခရမ်း',88,13,'2024-12-12 22:33:19','2024-12-12 22:33:19'),(231,'ကိုကိုးကျွန်း',88,13,'2024-12-12 22:33:19','2024-12-12 22:33:19'),(232,'တွံတေး',89,13,'2024-12-12 22:33:19','2024-12-12 22:33:19'),(233,'ဆိပ်ကြီး/ခနောင်တို',89,13,'2024-12-12 22:33:19','2024-12-12 22:33:19'),(234,'ဒလ',89,13,'2024-12-12 22:33:19','2024-12-12 22:33:19'),(235,'ကော့မှူး',89,13,'2024-12-12 22:33:19','2024-12-12 22:33:19'),(236,'ကွမ်းခြံကုန်း',89,13,'2024-12-12 22:33:19','2024-12-12 22:33:19'),(237,'ကျောက်တံတား',90,13,'2024-12-12 22:33:19','2024-12-12 22:33:19'),(238,'ပန်းဘဲတန်း',90,13,'2024-12-12 22:33:19','2024-12-12 22:33:19'),(239,'လသာ',90,13,'2024-12-12 22:33:19','2024-12-12 22:33:19'),(240,'လမ်းမတော်',90,13,'2024-12-12 22:33:19','2024-12-12 22:33:19'),(241,'ဒဂုံ',90,13,'2024-12-12 22:33:19','2024-12-12 22:33:19'),(242,'အလုံ',91,13,'2024-12-12 22:33:19','2024-12-12 22:33:19'),(243,'ကြည့်မြင့်တိုင်',91,13,'2024-12-12 22:33:19','2024-12-12 22:33:19'),(244,'စမ်းချောင်း',91,13,'2024-12-12 22:33:19','2024-12-12 22:33:19'),(245,'မရမ်းကုန်း',92,13,'2024-12-12 22:33:19','2024-12-12 22:33:19'),(246,'လှိုင်',92,13,'2024-12-12 22:33:19','2024-12-12 22:33:19'),(247,'မြောက်ဥက္ကလာပ',92,13,'2024-12-12 22:33:19','2024-12-12 22:33:19'),(248,'ကမာရွတ်',93,13,'2024-12-12 22:33:19','2024-12-12 22:33:19'),(249,'ဗဟန်း',93,13,'2024-12-12 22:33:19','2024-12-12 22:33:19'),(250,'မက်မန်း',94,14,'2024-12-12 22:33:19','2024-12-12 22:33:19'),(251,'ပန်ဆန်း(ပန်ခမ်း)',94,14,'2024-12-12 22:33:19','2024-12-12 22:33:19'),(252,'နားဖန်း',94,14,'2024-12-12 22:33:19','2024-12-12 22:33:19'),(253,'ဟိုပန်',95,14,'2024-12-12 22:33:19','2024-12-12 22:33:19'),(254,'မိုင်းမော',95,14,'2024-12-12 22:33:19','2024-12-12 22:33:19'),(255,'ပန်ဝိုင်',95,14,'2024-12-12 22:33:20','2024-12-12 22:33:20'),(256,'ရွာငံ',96,14,'2024-12-12 22:33:20','2024-12-12 22:33:20'),(257,'ပင်းတယ',96,14,'2024-12-12 22:33:20','2024-12-12 22:33:20'),(258,'ဟိုပုံး',97,14,'2024-12-12 22:33:20','2024-12-12 22:33:20'),(259,'ဆီဆိုင်',97,14,'2024-12-12 22:33:20','2024-12-12 22:33:20'),(260,'ပင်လောင်း',97,14,'2024-12-12 22:33:20','2024-12-12 22:33:20'),(261,'နမ့်ဆန်',98,14,'2024-12-12 22:33:20','2024-12-12 22:33:20'),(262,'မန်တုံ',98,14,'2024-12-12 22:33:20','2024-12-12 22:33:20'),(263,'ကုန်းကြမ်း',99,14,'2024-12-12 22:33:20','2024-12-12 22:33:20'),(264,'လောက်ကိုင်',99,14,'2024-12-12 22:33:20','2024-12-12 22:33:20'),(265,'ကျောက်မဲ',100,14,'2024-12-12 22:33:20','2024-12-12 22:33:20'),(266,'နမ္မတူ',100,14,'2024-12-12 22:33:20','2024-12-12 22:33:20'),(267,'နောင်ချို',100,14,'2024-12-12 22:33:20','2024-12-12 22:33:20'),(268,'သီပေါ',100,14,'2024-12-12 22:33:20','2024-12-12 22:33:20'),(269,'ကျိုင်းတုံ',101,14,'2024-12-12 22:33:20','2024-12-12 22:33:20'),(270,'မိုင်းခတ်',101,14,'2024-12-12 22:33:20','2024-12-12 22:33:20'),(271,'မိုင်းပျဥ်း',101,14,'2024-12-12 22:33:20','2024-12-12 22:33:20'),(272,'မိုင်းယန်း',102,14,'2024-12-12 22:33:20','2024-12-12 22:33:20'),(273,'မိုင်းလား',103,14,'2024-12-12 22:33:20','2024-12-12 22:33:20'),(274,'တာချီလိတ်',104,14,'2024-12-12 22:33:20','2024-12-12 22:33:20'),(275,'မိုင်းဖြတ်',104,14,'2024-12-12 22:33:20','2024-12-12 22:33:20'),(276,'မိုင်းယောင်း',105,14,'2024-12-12 22:33:20','2024-12-12 22:33:20'),(277,'တောင်ကြီး',106,14,'2024-12-12 22:33:20','2024-12-12 22:33:20'),(278,'ရပ်စောက်',106,14,'2024-12-12 22:33:20','2024-12-12 22:33:20'),(279,'ကလော',107,14,'2024-12-12 22:33:20','2024-12-12 22:33:20'),(280,'ဖယ်ခုံ',107,14,'2024-12-12 22:33:20','2024-12-12 22:33:20'),(281,'ညောင်ရွှေ',107,14,'2024-12-12 22:33:20','2024-12-12 22:33:20'),(282,'မူဆယ်',108,14,'2024-12-12 22:33:20','2024-12-12 22:33:20'),(283,'နန့်ခမ်း',108,14,'2024-12-12 22:33:20','2024-12-12 22:33:20'),(284,'ကွတ်ခိုင်',109,14,'2024-12-12 22:33:20','2024-12-12 22:33:20'),(285,'မဘိမ်း',110,14,'2024-12-12 22:33:20','2024-12-12 22:33:20'),(286,'မိုးမိတ်',110,14,'2024-12-12 22:33:20','2024-12-12 22:33:20'),(287,'မိုင်းဆတ်',111,14,'2024-12-12 22:33:20','2024-12-12 22:33:20'),(288,'မိုင်းတုံ',112,14,'2024-12-12 22:33:20','2024-12-12 22:33:20'),(289,'လာရှိုး',113,14,'2024-12-12 22:33:20','2024-12-12 22:33:20'),(290,'သိန္နီ',113,14,'2024-12-12 22:33:20','2024-12-12 22:33:20'),(291,'ကွမ်းလုံ',113,14,'2024-12-12 22:33:20','2024-12-12 22:33:20'),(292,'တန့်ယန်း',114,14,'2024-12-12 22:33:20','2024-12-12 22:33:20'),(293,'မိုင်းရယ်',114,14,'2024-12-12 22:33:20','2024-12-12 22:33:20'),(294,'လင်းခေး',115,14,'2024-12-12 22:33:20','2024-12-12 22:33:20'),(295,'မောင်မယ်',115,14,'2024-12-12 22:33:20','2024-12-12 22:33:20'),(296,'မိုင်းပန်',115,14,'2024-12-12 22:33:20','2024-12-12 22:33:20'),(297,'လွိုင်လင်',116,14,'2024-12-12 22:33:20','2024-12-12 22:33:20'),(298,'လဲချား',116,14,'2024-12-12 22:33:20','2024-12-12 22:33:20'),(299,'မိုင်းကိုင်',116,14,'2024-12-12 22:33:20','2024-12-12 22:33:20'),(300,'နမ့်စန်',117,14,'2024-12-12 22:33:20','2024-12-12 22:33:20'),(301,'ကွမ်ဟိန်း',117,14,'2024-12-12 22:33:20','2024-12-12 22:33:20'),(302,'မိုးနဲ',117,14,'2024-12-12 22:33:20','2024-12-12 22:33:20'),(303,'မိုင်းနှူး',118,14,'2024-12-12 22:33:20','2024-12-12 22:33:20'),(304,'ကျေးသီး',118,14,'2024-12-12 22:33:20','2024-12-12 22:33:20'),(305,'ပုသိမ်',119,15,'2024-12-12 22:33:20','2024-12-12 22:33:20'),(306,'ကန်ကြီးထောင့်',119,15,'2024-12-12 22:33:20','2024-12-12 22:33:20'),(307,'သာပေါင်း',119,15,'2024-12-12 22:33:20','2024-12-12 22:33:20'),(308,'ငပုတော',119,15,'2024-12-12 22:33:20','2024-12-12 22:33:20'),(309,' ကျုံပျော်',120,15,'2024-12-12 22:33:20','2024-12-12 22:33:20'),(310,'ရေကြည်',120,15,'2024-12-12 22:33:20','2024-12-12 22:33:20'),(311,'ကျောင်းကုန်ူ',120,15,'2024-12-12 22:33:20','2024-12-12 22:33:20'),(312,'ကျိုက်လတ်',121,15,'2024-12-12 22:33:20','2024-12-12 22:33:20'),(313,'ဒေးဒရဲ',121,15,'2024-12-12 22:33:20','2024-12-12 22:33:20'),(314,'ဖျာပုံ',121,15,'2024-12-12 22:33:20','2024-12-12 22:33:20'),(315,'ဘိုကလေး',121,15,'2024-12-12 22:33:20','2024-12-12 22:33:20'),(316,'ညောင်တုန်း',122,15,'2024-12-12 22:33:20','2024-12-12 22:33:20'),(317,'ဓနုဖြူ',122,15,'2024-12-12 22:33:20','2024-12-12 22:33:20'),(318,'ပန်းတနော်',122,15,'2024-12-12 22:33:20','2024-12-12 22:33:20'),(319,'မအူပင်',122,15,'2024-12-12 22:33:20','2024-12-12 22:33:20'),(320,'မြောင်းမြ',123,15,'2024-12-12 22:33:20','2024-12-12 22:33:20'),(321,'ဝါးခယ်မ',123,15,'2024-12-12 22:33:20','2024-12-12 22:33:20'),(322,'အိမ်မဲ',123,15,'2024-12-12 22:33:20','2024-12-12 22:33:20'),(323,'မော်လမြိုင်ကျွန်း',124,15,'2024-12-12 22:33:20','2024-12-12 22:33:20'),(324,'လပွတ္တာ',124,15,'2024-12-12 22:33:20','2024-12-12 22:33:20'),(325,'ဟင်္သာတ',125,15,'2024-12-12 22:33:20','2024-12-12 22:33:20'),(326,'ဇလွန်',125,15,'2024-12-12 22:33:20','2024-12-12 22:33:20'),(327,'လေးမျက်နှာ',125,15,'2024-12-12 22:33:20','2024-12-12 22:33:20'),(328,'မြန်အောင်',126,15,'2024-12-12 22:33:20','2024-12-12 22:33:20'),(329,'ကြံခင်း',126,15,'2024-12-12 22:33:20','2024-12-12 22:33:20'),(330,'အင်္ဂပူ',126,15,'2024-12-12 22:33:20','2024-12-12 22:33:20');
/*!40000 ALTER TABLE `townships` ENABLE KEYS */;
UNLOCK TABLES;

--
-- Table structure for table `training_locations`
--

DROP TABLE IF EXISTS `training_locations`;
/*!40101 SET @saved_cs_client     = @@character_set_client */;
/*!50503 SET character_set_client = utf8mb4 */;
CREATE TABLE `training_locations` (
  `id` bigint unsigned NOT NULL AUTO_INCREMENT,
  `name` varchar(255) CHARACTER SET utf8mb4 COLLATE utf8mb4_unicode_ci NOT NULL,
  `created_at` timestamp NULL DEFAULT NULL,
  `updated_at` timestamp NULL DEFAULT NULL,
  PRIMARY KEY (`id`)
) ENGINE=InnoDB AUTO_INCREMENT=4 DEFAULT CHARSET=utf8mb4 COLLATE=utf8mb4_unicode_ci;
/*!40101 SET character_set_client = @saved_cs_client */;

--
-- Dumping data for table `training_locations`
--

LOCK TABLES `training_locations` WRITE;
/*!40000 ALTER TABLE `training_locations` DISABLE KEYS */;
INSERT INTO `training_locations` VALUES (1,'ပြည်တွင်း',NULL,NULL),(2,'ပြည်တွင်း (Online)',NULL,NULL),(3,'ပြည်ပ (Online)',NULL,NULL);
/*!40000 ALTER TABLE `training_locations` ENABLE KEYS */;
UNLOCK TABLES;

--
-- Table structure for table `training_types`
--

DROP TABLE IF EXISTS `training_types`;
/*!40101 SET @saved_cs_client     = @@character_set_client */;
/*!50503 SET character_set_client = utf8mb4 */;
CREATE TABLE `training_types` (
  `id` bigint unsigned NOT NULL AUTO_INCREMENT,
  `name` varchar(255) CHARACTER SET utf8mb4 COLLATE utf8mb4_unicode_ci NOT NULL,
  `created_at` timestamp NULL DEFAULT NULL,
  `updated_at` timestamp NULL DEFAULT NULL,
  PRIMARY KEY (`id`)
) ENGINE=InnoDB AUTO_INCREMENT=35 DEFAULT CHARSET=utf8mb4 COLLATE=utf8mb4_unicode_ci;
/*!40101 SET character_set_client = @saved_cs_client */;

--
-- Dumping data for table `training_types`
--

LOCK TABLES `training_types` WRITE;
/*!40000 ALTER TABLE `training_types` DISABLE KEYS */;
INSERT INTO `training_types` VALUES (1,'ဝန်ထမ်းအဖွဲ့အစည်းအကြီးအမှူးသင်တန်း','2024-12-12 22:33:28','2024-12-12 22:33:28'),(2,'အဆင့်မြင့်အရာထမ်းသင်တန်း','2024-12-12 22:33:28','2024-12-12 22:33:28'),(3,'အလယ်အလတ်အဆင့်အရာထမ်းသင်တန်း','2024-12-12 22:33:28','2024-12-12 22:33:28'),(4,'အရာထမ်းလောင်း(အထူး)သင်တန်း','2024-12-12 22:33:28','2024-12-12 22:33:28'),(5,'အရာထမ်းအခြေခံသင်တန်း','2024-12-12 22:33:28','2024-12-12 22:33:28'),(6,'အရာထမ်းငယ်သင်တန်း','2024-12-12 22:33:28','2024-12-12 22:33:28'),(7,'စာရေးဝန်ထမ်းကြီးကြပ်သင်တန်း','2024-12-12 22:33:28','2024-12-12 22:33:28'),(8,'စာရေးဝန်ထမ်းသင်တန်း','2024-12-12 22:33:28','2024-12-12 22:33:28'),(9,'အုပ်ချုပ်မှုစွမ်းရည်မြင့်မားရေးသင်တန်း','2024-12-12 22:33:28','2024-12-12 22:33:28'),(10,'ဝန်ထမ်းအဖွဲ့အစည်းအကြီးအမှူးစီမံခန့်ခွဲမှုသင်တန်း','2024-12-12 22:33:28','2024-12-12 22:33:28'),(11,'ဝန်ထမ်းအဖွဲ့အစည်းဒုတိယအကြီးအမှူးစီမံခန့်ခွဲမှုသင်တန်း','2024-12-12 22:33:28','2024-12-12 22:33:28'),(12,'အဆင့်မြင့်အရာထမ်းစီမံခန့်ခွဲမှုသင်တန်း','2024-12-12 22:33:28','2024-12-12 22:33:28'),(13,'အလယ်အလတ်အဆင့်အရာထမ်းစီမံခန့်ခွဲမှုသင်တန်း','2024-12-12 22:33:28','2024-12-12 22:33:28'),(14,'အလယ်အလတ်အဆင့်အရာထမ်းစီမံခန့်ခွဲမှုသင်တန်း၊ ပြည်သူ့ဝန်ထမ်းစီမံခန့်ခွဲမှုအဆင့်မြင့်ဒီပလိုမာသင်တန်း','2024-12-12 22:33:28','2024-12-12 22:33:28'),(15,'အကြိုဝန်ထမ်းလောင်းသင်တန်း','2024-12-12 22:33:28','2024-12-12 22:33:28'),(16,'အရာထမ်းလောင်းအခြေခံသင်တန်း','2024-12-12 22:33:28','2024-12-12 22:33:28'),(17,'အရာထမ်းလောင်းအခြေခံသင်တန်း၊ ပြည်သူ့ဝန်ထမ်းစီမံခန့်ခွဲမှုဘွဲ့လွန်ဒီပလိုမာသင်တန်း','2024-12-12 22:33:28','2024-12-12 22:33:28'),(18,'အထူးဝန်ထမ်းလောင်းသင်တန်း','2024-12-12 22:33:28','2024-12-12 22:33:28'),(19,'အရာထမ်းလောင်းအခြေခံ(အထူး)သင်တန်း','2024-12-12 22:33:28','2024-12-12 22:33:28'),(20,'အခြေခံပြည်သူ့ရေးရာဝန်ထမ်းလောင်းသင်တန်း','2024-12-12 22:33:28','2024-12-12 22:33:28'),(21,'အခြေခံဝန်ထမ်းလောင်း(အငယ်တန်း)သင်တန်း','2024-12-12 22:33:28','2024-12-12 22:33:28'),(22,'အရာထမ်းငယ်အခြေခံသင်တန်း','2024-12-12 22:33:28','2024-12-12 22:33:28'),(23,'ပြည်သူ့ရေးရာစာရေးဝန်ထမ်း(ကြီးကြပ်မှု)သင်တန်း','2024-12-12 22:33:28','2024-12-12 22:33:28'),(24,'စာရေးဝန်ထမ်း(ကြီးကြပ်မှု)သင်တန်း','2024-12-12 22:33:28','2024-12-12 22:33:28'),(25,'စာရေးဝန်ထမ်းကြီးကြပ်မှုတန်းမြင့်သင်တန်း','2024-12-12 22:33:28','2024-12-12 22:33:28'),(26,'အခြေခံပြည်သူ့ရေးရာစာရေးဝန်ထမ်းသင်တန်း','2024-12-12 22:33:28','2024-12-12 22:33:28'),(27,'အခြေခံစာရေးဝန်ထမ်းသင်တန်း','2024-12-12 22:33:28','2024-12-12 22:33:28'),(28,'စာရေးဝန်ထမ်းအခြေခံသင်တန်း','2024-12-12 22:33:28','2024-12-12 22:33:28'),(29,'ဌာနတွင်းဝန်ထမ်းစွမ်းဆောင်ရည်မြှင့်တင်ရေးသင်တန်း','2024-12-12 22:33:28','2024-12-12 22:33:28'),(30,'ဝန်ကြီးဌာနဝန်ထမ်းစွမ်းဆောင်ရည်မြှင့်တင်ရေးသင်တန်း','2024-12-12 22:33:28','2024-12-12 22:33:28'),(31,'နိုင်ငံတော်ကာကွယ်ရေးတက္ကသိုလ်','2024-12-12 22:33:28','2024-12-12 22:33:28'),(32,'အခြား','2024-12-12 22:33:28','2024-12-12 22:33:28'),(33,'အထူးမွမ်းမံသင်တန်း','2025-03-02 23:09:30','2025-03-02 23:09:30'),(34,'ပြည်တွင်းအွန်လိုင်း','2025-03-03 01:09:02','2025-03-03 01:09:02');
/*!40000 ALTER TABLE `training_types` ENABLE KEYS */;
UNLOCK TABLES;

--
-- Table structure for table `trainings`
--

DROP TABLE IF EXISTS `trainings`;
/*!40101 SET @saved_cs_client     = @@character_set_client */;
/*!50503 SET character_set_client = utf8mb4 */;
CREATE TABLE `trainings` (
  `id` bigint unsigned NOT NULL AUTO_INCREMENT,
  `staff_id` bigint unsigned DEFAULT NULL,
  `training_type_id` bigint unsigned DEFAULT NULL,
  `diploma_name` varchar(255) CHARACTER SET utf8mb4 COLLATE utf8mb4_unicode_ci DEFAULT NULL,
  `from_date` date NOT NULL,
  `to_date` date NOT NULL,
  `location` varchar(255) CHARACTER SET utf8mb4 COLLATE utf8mb4_unicode_ci DEFAULT NULL,
  `country_id` bigint unsigned DEFAULT NULL,
  `training_location_id` bigint unsigned DEFAULT NULL,
  `remark` varchar(255) CHARACTER SET utf8mb4 COLLATE utf8mb4_unicode_ci DEFAULT NULL,
  `created_at` timestamp NULL DEFAULT NULL,
  `updated_at` timestamp NULL DEFAULT NULL,
  `batch` longtext COLLATE utf8mb4_unicode_ci,
  PRIMARY KEY (`id`),
  KEY `trainings_staff_id_foreign` (`staff_id`),
  KEY `trainings_training_type_id_foreign` (`training_type_id`),
  KEY `trainings_country_id_foreign` (`country_id`),
  KEY `trainings_training_location_id_foreign` (`training_location_id`),
  CONSTRAINT `trainings_country_id_foreign` FOREIGN KEY (`country_id`) REFERENCES `countries` (`id`) ON DELETE SET NULL,
  CONSTRAINT `trainings_staff_id_foreign` FOREIGN KEY (`staff_id`) REFERENCES `staff` (`id`) ON DELETE CASCADE,
  CONSTRAINT `trainings_training_location_id_foreign` FOREIGN KEY (`training_location_id`) REFERENCES `training_locations` (`id`) ON DELETE SET NULL,
  CONSTRAINT `trainings_training_type_id_foreign` FOREIGN KEY (`training_type_id`) REFERENCES `training_types` (`id`) ON DELETE SET NULL
) ENGINE=InnoDB AUTO_INCREMENT=190 DEFAULT CHARSET=utf8mb4 COLLATE=utf8mb4_unicode_ci;
/*!40101 SET character_set_client = @saved_cs_client */;

--
-- Dumping data for table `trainings`
--

LOCK TABLES `trainings` WRITE;
/*!40000 ALTER TABLE `trainings` DISABLE KEYS */;
INSERT INTO `trainings` VALUES (128,21,32,'ပထမအဆင့်သင်တန်း','1997-07-28','1997-10-03','စာရင်းစစ်ချုပ်ရုံး၊ရန်ကုန်မြို့',28,1,'-','2024-12-12 23:10:47','2025-02-19 01:14:29','အမှတ်စဉ်(၁၆၈)'),(129,21,32,'ပင်စင်အထောက်အကူပြုသင်တန်း','2000-06-12','2000-06-23','စာရင်းစစ်ချုပ်ရုံး၊ရန်ကုန်မြို့',28,1,'-','2024-12-12 23:10:47','2025-02-19 01:14:29','အမှတ်စဉ်(၃/၂၀၀၀)'),(130,21,32,'ဒုတိယအဆင့်သင်တန်း ','2001-07-01','2001-10-15','စာရင်းစစ်ချုပ်ရုံး၊ရန်ကုန်မြို့',28,1,'-','2024-12-12 23:10:47','2025-02-19 01:14:29','အမှတ်စဉ်(၇၁)'),(131,21,6,'-','2010-08-31','2010-12-03','ဗဟိုဝန်ထမ်းတက္ကသိုလ်(အထက်မြန်မာပြည်)',28,1,'-','2024-12-12 23:10:47','2025-02-19 01:14:29','အမှတ်စဉ်(၁၇)'),(140,25,32,'တိုင်းတပ်တွင်းပညာပေးသင်တန်း ','1986-01-20','1986-04-04','ပြည်သူ့ဆက်ဆံရေးတပ် (ချော်တွင်းကုန်း)',28,1,'','2024-12-15 21:44:39','2024-12-15 21:44:39','အမှတ်စဉ်(၈၃)'),(141,25,32,'ပင်စင်အထောက်အကူပြုသင်တန်း','1991-04-01','1991-04-12','ပင်စင်ဦးစီးဌာန',28,1,'','2024-12-15 21:44:39','2024-12-15 21:44:39','အမှတ်စဉ် (၁/၁၉၉၁)'),(142,8,32,'ကမ္ဘာ့ကုန်သွယ်ရေးအဖွဲ့၊ ကုန်သွယ်ရေးကုစားမှု လုပ်ထုံးလုပ်နည်း သင်တန်း','2007-07-09','2007-07-12','ထိုင်းနိုင်ငံ',175,2,NULL,'2024-12-16 01:17:03','2024-12-16 01:17:03',''),(143,8,32,'Note-Taking Level 2 မြန်မာ-စင်ကာပူသင်တန်း','2007-07-23','2007-07-27','ရန်ကုန်',28,1,NULL,'2024-12-16 01:17:03','2024-12-16 01:17:03',''),(144,8,32,'အာဆီယံကုန်သွယ်မှုနှင့်ရင်းနှီး မြှုပ်နှံမှုသင်တန်း','2008-08-01','2008-08-07','စင်ကာပူနိုင်ငံ',154,2,NULL,'2024-12-16 01:17:03','2024-12-16 01:17:03',''),(145,8,32,'အဆင့်မြင့် ကုန်သွယ်မှုစေ့စပ် ညှိနှိုင်းမှု စွမ်းရည်မြှင့်တင်ရေး သင်တန်း','2010-07-16','2010-07-22','ဟောင်ကောင်',75,2,NULL,'2024-12-16 01:17:03','2024-12-16 01:17:03',''),(146,8,3,'အလယ်အလတ်အဆင့်အရာထမ်း စီမံခန့်ခွဲမှုသင်တန်းအမှတ်စဉ် ','2014-02-10','2014-03-07','ဗဟိုဝန်ထမ်း တက္ကသိုလ် (အောက်မြန်မာပြည်)',28,1,'','2024-12-16 01:17:03','2024-12-16 01:17:03','၅၀'),(147,8,32,'ပြည်သူ့ရေးရာ အုပ်ချုပ်မှုမဟာဘွဲ့ သင်တန်း','2014-06-26','2015-07-26','စင်ကာပူနိုင်ငံ',154,2,NULL,'2024-12-16 01:17:03','2024-12-16 01:17:03',''),(148,8,12,NULL,'2016-09-12','2016-11-04','ဗဟိုဝန်ထမ်း တက္ကသိုလ် (အောက်မြန်မာပြည်)',28,1,NULL,'2024-12-16 01:17:03','2024-12-16 01:17:03','၇'),(149,8,32,'စီးပွားရေးဥပဒေဒီပလိုမာသင်တန်း','2017-06-01','2018-04-06','ရန်ကုန်တက္ကသိုလ်',28,1,'','2024-12-16 01:17:03','2024-12-16 01:17:03',''),(150,33,15,'','2006-09-12','2006-12-14','ဗဟိုဝန်ထမ်းတက္ကသိုလ် (အထက်မြန်မာပြည်)',28,1,'','2025-01-10 23:30:00','2025-01-10 23:30:00','အမှတ်စဉ်(၂၃)'),(153,34,32,'ရင်းနှီးမြှုပ်နှံမှုဆိုင်ရာမူဝါဒနှင့် နိုင်ငံခြားရင်းနှီးမြှုပ်နှံမှု မြှင့်တင်ရေး သင်တန်း','2007-01-07','2007-01-18','ထိုင်းနိုင်ငံ',175,2,'','2025-01-13 23:14:51','2025-01-13 23:14:51',''),(154,34,32,'မြန်မာသံတမန်များအတွက် သံတမန် လေ့ကျင့်ရေး သင်တန်း','2017-09-11','2017-09-29','ဂျာမနီနိုင်ငံ၊ ဘာလင်မြို့',64,2,'','2025-01-13 23:14:51','2025-01-13 23:14:51',''),(155,35,21,'','2004-05-18','2004-08-20','',28,1,'','2025-01-16 02:50:58','2025-01-16 02:50:58','၁၃'),(156,35,12,'','2020-01-13','2020-06-03','',28,1,'','2025-01-16 02:50:58','2025-01-16 02:50:58','၇'),(157,54,29,'','2018-06-04','2018-07-13','ရုံးချုပ်',28,1,'','2025-01-30 02:32:50','2025-01-30 02:32:50','အမှတ်စဉ် (၆)'),(158,54,32,'Chinese Language Training Course','0019-03-20','2019-05-20','ရုံးချုပ်',28,1,'','2025-01-30 02:32:50','2025-01-30 02:32:50',''),(159,54,32,'Customer Service Training','2020-02-04','2020-02-14','ရုံးချုပ်',28,1,'','2025-01-30 02:32:50','2025-01-30 02:32:50',''),(160,54,8,'','2022-07-11','2022-09-16','နိုင်ငံ့ဝန်ထမ်းတက္ကသိုလ် (အောက်မြန်မာပြည်)',28,1,'၈၀/၃၈၉','2025-01-30 02:32:50','2025-01-30 02:32:50','အမှတ်စဉ်(၂၀၁)'),(161,54,22,'','2024-05-20','2024-07-31','နိုင်ငံ့ဝန်ထမ်းတက္ကသိုလ် (အောက်မြန်မာပြည်)',28,1,'၃/၁၉၃','2025-01-30 02:32:50','2025-01-30 02:32:50','အမှတ်စဉ်(၁၂၉)'),(162,56,28,'','2019-10-07','2019-11-01','ဗဟိုဝန်ထမ်းတက္ကသိုလ် (အောက်မြန်မာပြည်)',28,1,'အဆင့် ၅၈/၁၇၆ (သာမန်အထက်)','2025-02-14 02:24:33','2025-02-14 02:24:33','(၁၈၃)'),(163,56,22,'','2022-08-08','2022-12-02','နိုင်ငံ့ဝန်ထမ်းတက္ကသိုလ် (အောက်မြန်မာပြည်)',28,1,'အဆင့် ၂၀၇/၂၆၈ သာမန်အမြင့်','2025-02-14 02:24:33','2025-02-14 02:24:33','၁၂၂'),(164,56,30,'','2023-10-05','2023-11-23','Online',28,1,'','2025-02-14 02:24:33','2025-02-14 02:24:33','၄'),(165,59,29,'ဝန်ထမ်းစွမ်းဆောင်ရည်မြှင့်တင်ရေးသင်တန်း','2022-10-25','2022-12-12','ရင်းနှီးမြှုပ်နှံမှုနှင့်ကုမ္ပဏီများညွှန်ကြားမှုဦးစီးဌာန',NULL,1,'','2025-02-24 01:48:21','2025-02-24 01:48:21','အမှတ်စဉ်(၁၁)'),(166,59,30,'ဝန်းကြီးဌာနတွင်း အရာထမ်း၊ အမှုထမ်းများဝန်ထမ်းစွမ်းဆောင်ရည်မြှင့်တင်ရေးမွမ်းမံသင်တန်း','2023-03-06','2023-05-09','ရင်းနှီးမြှုပ်နှံမှုနှင့် နိုင်ငံခြားစီးပွားဆက်သွယ်ရေးဝန်ကြီးဌာန',NULL,1,'','2025-02-24 01:48:21','2025-02-27 02:18:23','အမှတ်စဉ်(၂/၂၀၂၃)'),(167,59,32,'	Basic Networking ','2023-08-31','2023-08-18','ပို့ဆောင်ရေးနှင့်ဆက်သွယ်ရေးဝန်ကြီးဌာန	',NULL,1,'','2025-02-24 01:48:21','2025-02-24 01:48:21','သင်တန်းအမှတ်စဉ်(၀၂၀၁/၀၂/၂၃-၂၄)'),(168,59,8,'	စာရေးဝန်ထမ်းသင်တန်းအမှတ်','2024-04-29','2024-07-10','နိုင်ငံ့ဝန်ထမ်းတက္ကသိုလ်(အောက်မြန်မာပြည်))',NULL,1,'','2025-02-24 01:48:21','2025-02-24 01:48:21','အမှတ်စဉ်(၂၀၉)'),(169,53,8,'','2015-12-22','2016-03-25','ရန်ကုန်',28,1,'','2025-02-26 01:34:47','2025-02-26 02:55:23','အမှတ်စဉ် (၁၄၉)'),(170,53,24,'','2022-01-31','2022-06-03','ရန်ကုန်',28,1,'','2025-02-26 01:34:47','2025-02-26 02:55:23','အမှတ်စဉ်(၈၇)'),(171,55,32,'ASEAN Economic Community ','2013-01-07','2013-01-11','ရန်ကုန်',28,1,'','2025-02-26 02:01:23','2025-02-26 02:05:42','မြန်မာ-စင်ကာပူသင်တန်းကျောင်း(ရန်ကုန်)'),(172,55,32,'Public Private Partnership (PPP) ','2016-10-31','2016-11-04','ရန်ကုန်',28,1,'','2025-02-26 02:01:23','2025-02-26 02:05:42','မြန်မာ-စင်ကာပူသင်တန်းကျောင်း(ရန်ကုန်)'),(173,55,32,'Advanced Excel Course ','2018-01-22','2018-02-09','နေပြည်တော်',28,1,'','2025-02-26 02:01:23','2025-02-26 02:05:42',' နေပြည်တော်'),(174,55,6,'အရာထမ်းငယ်အခြေခံသင်တန်း','2018-11-05','2018-11-30','ဇီးပင်ကြီး (အထက်မြန်မာပြည်)',28,1,'','2025-02-26 02:01:23','2025-02-26 02:05:42','အမှတ်စဉ်(၄၇)'),(175,55,32,'Basic English 4 Skills Course','2022-09-05','2022-09-22','ရန်ကုန်',28,1,'','2025-02-26 02:01:23','2025-02-26 02:05:42','မြန်မာ-စင်ကာပူ သင်တန်းကျောင်း (ရန်ကုန်) Online Learning System'),(176,55,32,'ဝန်ကြီးဌာနတွင်း ဝန်ထမ်း စွမ်းဆောင်ရည် မြှင့်တင်မှု မွမ်းမံ သင်တန်း','2023-01-23','2023-02-27','နေပြည်တော်',28,1,'','2025-02-26 02:01:23','2025-02-26 02:05:42',' (၁/၂၀၂၃)  နေပြည်တော်'),(177,55,32,'ဝန်ကြီးဌာနတွင်းသတင်းရေးသားနည်းနှင့်ဓာတ်ပုံရိုက်ကူးရေး သင်တန်း','2023-09-18','2023-09-25','နေပြည်တော်',28,1,'','2025-02-26 02:01:23','2025-02-26 02:05:42','အမှတ်စဉ်(၁) '),(178,30,16,'','2013-08-27','2013-11-28','ဗဟိုဝန်ထမ်း တက္ကသိုလ်(အထက် မြန်မာပြည်)',28,1,'','2025-02-26 02:29:50','2025-02-26 02:29:50','အမှတ်စဉ်(၁၃)'),(179,30,32,'English Language Training for Myanmar officials (Victoria University of Wellington)','2014-02-17','2014-03-14','နေပြည်တော်',28,1,'','2025-02-26 02:29:50','2025-02-26 02:29:50',''),(180,30,32,'Advanced English Language Training for Myanmar officials(English Language Institute, Victoria University of Wellington)','2014-11-19','2014-12-16','နေပြည်တော်',28,1,'','2025-02-26 02:29:50','2025-02-26 02:29:50',''),(181,30,32,'Business Writing in ASEAN Singapore Cooperation Programme','2015-01-12','2015-01-16','Myanmar -Singapore Cooperation Centre(UMFCCI)',28,1,'','2025-02-26 02:29:50','2025-02-26 02:29:50',''),(182,30,32,'Intermediate/ Advanced Business English Course (NELC,GIZ-ဂျာမနီနှင့်ပူးပေါင်း ဆောင်ရွက်မှု)','2014-10-13','2015-01-13','DICA ရုံးချုပ်၊ ရန်ကုန်',28,1,'','2025-02-26 02:29:50','2025-02-26 02:29:50',''),(183,30,32,'FDI Promotion Strategies & Enabling Private Sector Growth Singapore Cooperation Programme','2017-04-03','2017-04-07','Myanmar-Singapore Cooperation Centre(နတ်မောက် လမ်း၊ ရန်ကုန်)',28,1,'','2025-02-26 02:29:50','2025-02-26 02:29:50',''),(184,30,32,'Developing Government Policies to Promote MSME Development Singapore Cooperation Programme','2022-12-12','2022-12-16','Myanmar-Singapore Cooperation Centre (Online Course)',28,1,'','2025-02-26 02:29:50','2025-02-26 02:29:50',''),(185,60,8,'','2022-10-28','2023-01-06','နိုင်ငံ့ဝန်ထမ်းတက္ကသိုလ်(အောက်မြန်မာပြည်)',28,1,'','2025-02-27 02:55:41','2025-02-27 03:10:08','အမှတ်စဉ်(၂၀၂)'),(186,55,32,'Intermediate English Language and Communication Skills','2023-10-02','2023-10-20','နေပြည်တော်',28,1,'','2025-02-27 22:40:06','2025-02-27 22:40:06','မြန်မာ-စင်ကာပူ သင်တန်းကျောင်း (ရန်ကုန်) Online Learning System'),(187,57,25,'','2016-09-12','2016-12-16','နိုင်ငံ့ဝန်ထမ်းတက္ကသိုလ်(အောက်မြန်မာပြည်)',28,1,'သင်တန်းသား၁၄၇တွင် အဆင့်၁၉','2025-02-27 23:19:30','2025-02-27 23:19:30','အမှတ်စဉ်(၈၂)'),(188,62,32,'A+','2003-02-13','2003-05-16','KMD Computer Training Center',28,1,'','2025-03-03 01:06:57','2025-03-03 01:06:57',''),(189,62,32,'Java and Aglets	','2007-07-16','2007-09-12','',NULL,NULL,'','2025-03-03 01:06:57','2025-03-03 01:06:57','');
/*!40000 ALTER TABLE `trainings` ENABLE KEYS */;
UNLOCK TABLES;

--
-- Table structure for table `users`
--

DROP TABLE IF EXISTS `users`;
/*!40101 SET @saved_cs_client     = @@character_set_client */;
/*!50503 SET character_set_client = utf8mb4 */;
CREATE TABLE `users` (
  `id` bigint unsigned NOT NULL AUTO_INCREMENT,
  `avatar` varchar(255) CHARACTER SET utf8mb4 COLLATE utf8mb4_unicode_ci DEFAULT NULL,
  `name` varchar(255) CHARACTER SET utf8mb4 COLLATE utf8mb4_unicode_ci NOT NULL,
  `password` varchar(255) CHARACTER SET utf8mb4 COLLATE utf8mb4_unicode_ci NOT NULL,
  `division_id` bigint unsigned DEFAULT NULL,
  `status` tinyint(1) DEFAULT '0',
  `role_id` bigint unsigned DEFAULT NULL,
  `email` varchar(255) CHARACTER SET utf8mb4 COLLATE utf8mb4_unicode_ci NOT NULL,
  `email_verified_at` timestamp NULL DEFAULT NULL,
  `remember_token` varchar(100) CHARACTER SET utf8mb4 COLLATE utf8mb4_unicode_ci DEFAULT NULL,
  `created_at` timestamp NULL DEFAULT NULL,
  `updated_at` timestamp NULL DEFAULT NULL,
  PRIMARY KEY (`id`),
  UNIQUE KEY `users_email_unique` (`email`),
  KEY `users_role_id_foreign` (`role_id`),
  CONSTRAINT `users_role_id_foreign` FOREIGN KEY (`role_id`) REFERENCES `roles` (`id`) ON DELETE SET NULL
) ENGINE=InnoDB AUTO_INCREMENT=7 DEFAULT CHARSET=utf8mb4 COLLATE=utf8mb4_unicode_ci;
/*!40101 SET character_set_client = @saved_cs_client */;

--
-- Dumping data for table `users`
--

LOCK TABLES `users` WRITE;
/*!40000 ALTER TABLE `users` DISABLE KEYS */;
INSERT INTO `users` VALUES (1,NULL,'admin','$2y$12$Bhw1mqwbMiyiWg15VkehweH2d25ohB6D7.33Lsc6HSKDpCTwbUlnq',1,0,2,'admin@gmail.com',NULL,'xmDoYRCHZWXrkr86o8kEaZa1KrSlIg2yQEA44qJCimJQUz9KWU5ke9MwrJiE','2024-12-12 22:33:31','2025-02-13 23:02:46'),(2,NULL,'User','$2y$12$4lLfxt8GjPqUT4LFzRQCo.YuJCE5im/U8K3NquTW2SMIsWPg2Cpla',1,0,4,'users@gmail.com',NULL,'feFSCI89Av7ImvoNe5FrmUwdYkziC97NOcheGt6g1NQsCAyKNKHEFpZSMj9c','2024-12-12 22:33:31','2025-02-13 23:03:08'),(3,NULL,'shan user ','$2y$12$ENoLZe66/60L6Z2L33gtv.ymFlKq/zBZj9jGi/MHzSr.YKxly37Jy',24,0,4,'shan_users@gmail.com',NULL,NULL,'2024-12-12 22:33:31','2024-12-12 22:33:31'),(4,NULL,'kayin','$2y$12$tz30v3D99Xi6Ay4A05fPSe34mB3NI1yaXXkO47tE/P/CKD1k4Qzsu',14,NULL,9,'kayin@gmail.com',NULL,NULL,'2024-12-16 00:14:13','2024-12-16 00:14:13'),(5,NULL,'user1','$2y$12$RGyeOU5a6s38M/WL5BwQQOzS5JFnRxpu0IXKUTq1lX.wktiDOYQVm',11,NULL,4,'user1@gmail.com',NULL,'0GO9JEHR8tm9pN7HxKig4Jxca0NEkJFCF4RGtAhe0GDcMFxvvqKGlYeW1yRU','2025-02-17 02:43:06','2025-02-17 02:43:06'),(6,NULL,'DDG1','$2y$12$w7vsrrVm6CBUvDJzTkmHs.MqABHRpexdC.sejyPSMBrYQnfseNGGm',NULL,NULL,4,'ddg1@gmail.com',NULL,NULL,'2025-02-17 03:01:43','2025-02-17 03:01:43');
/*!40000 ALTER TABLE `users` ENABLE KEYS */;
UNLOCK TABLES;
/*!40103 SET TIME_ZONE=@OLD_TIME_ZONE */;

/*!40101 SET SQL_MODE=@OLD_SQL_MODE */;
/*!40014 SET FOREIGN_KEY_CHECKS=@OLD_FOREIGN_KEY_CHECKS */;
/*!40014 SET UNIQUE_CHECKS=@OLD_UNIQUE_CHECKS */;
/*!40101 SET CHARACTER_SET_CLIENT=@OLD_CHARACTER_SET_CLIENT */;
/*!40101 SET CHARACTER_SET_RESULTS=@OLD_CHARACTER_SET_RESULTS */;
/*!40101 SET COLLATION_CONNECTION=@OLD_COLLATION_CONNECTION */;
/*!40111 SET SQL_NOTES=@OLD_SQL_NOTES */;

-- Dump completed on 2025-03-03 15:23:24
